X,Y,OBJECTID,Código,Nº_de_cent,Calle,Tipo_de_ví,Clase_de_a,Anchura_de,Disposició,Interdista,Nº_de_lumi,Tipo_de_so,Altura__m_,Luminaria,Tipo_de_lá,Potencia_d,Equipo_aux,Equipo_de,Uso_de_lám,Tipo_de__1,Potencia_1,Equipo_a_1,Equipo_d_1,Uso_de_l_1,Tipo_de_Pr,Luminari_1,Lámpara_pr,Equipo_d_2,Equipo_d_3,Municipio,POTENCIA_L1,POTENCIA_L2,POTENCIA_F,CENTRO_DE_MANDO
228336.139587808,3167689.28987505,457,1002,CM-001,Callejon de Judas,B1,ME5,4,Unilateral,40,1,Brazo Simple,6,Viaria con cierre vidrio plano (tipo I),VSBP,35,EM,NO,Noche entera,-,-,-,-,-,Cambio luminaria,PC Ámbar,PC Ámbar-49,EL,TGP,Villa de Mazo,35,,49,"Pueblo Norte, Camino Judas "
228312.999582642,3167706.30036762,458,1001,CM-001,Callejon de Judas,B1,ME5,4,Unilateral,40,1,Brazo Simple,6,Viaria con cierre vidrio plano (tipo I),VSBP,35,EM,NO,Noche entera,-,-,-,-,-,Cambio luminaria,PC Ámbar,PC Ámbar-49,EL,TGP,Villa de Mazo,35,,49,"Pueblo Norte, Camino Judas "
228392.539247681,3167719.44992212,459,1003,CM-001,Callejon de Judas,B1,ME5,4,Unilateral,40,1,Brazo Simple,6,Viaria con cierre vidrio plano (tipo I),VSBP,35,EM,NO,Noche entera,-,-,-,-,-,Cambio luminaria,PC Ámbar,PC Ámbar-49,EL,TGP,Villa de Mazo,35,,49,"Pueblo Norte, Camino Judas "
228388.830766064,3167775.74482677,460,1004,CM-001,Callejon de Judas,B1,ME5,4,Unilateral,40,1,Brazo Simple,6,Viaria con cierre vidrio plano (tipo I),VSBP,35,EM,NO,Noche entera,-,-,-,-,-,Cambio luminaria,PC Ámbar,PC Ámbar-49,EL,TGP,Villa de Mazo,35,,49,"Pueblo Norte, Camino Judas "
228390.099301054,3167832.18291752,461,1005,CM-001,Callejon de Judas,B1,ME5,4,Unilateral,40,1,Brazo Simple,6,Viaria con cierre vidrio plano (tipo I),VSBP,35,EM,NO,Noche entera,-,-,-,-,-,Cambio luminaria,PC Ámbar,PC Ámbar-49,EL,TGP,Villa de Mazo,35,,49,"Pueblo Norte, Camino Judas "
228390.829182642,3167865.99046761,462,1006,CM-001,Callejon de Judas,B1,ME5,4,Unilateral,40,1,Brazo Simple,6,Viaria con cierre vidrio plano (tipo I),VSBP,35,EM,NO,Noche entera,-,-,-,-,-,Cambio luminaria,PC Ámbar,PC Ámbar-49,EL,TGP,Villa de Mazo,35,,49,"Pueblo Norte, Camino Judas "
228298.215681812,3167719.03695152,463,1016,CM-001,Travesia Maximiliano Perez Diaz,D3-D4,S4,8,Unilateral,25,1,Báculo,6,Viaria con cierre vidrio plano (tipo I),VSBP,35,EM,NO,Noche entera,-,-,-,-,-,Cambio luminaria,PC Ámbar,PC Ámbar-32,EL,TGP,Villa de Mazo,35,,32,"Pueblo Norte, Camino Judas "
228306.679582641,3167735.24036761,464,1015,CM-001,Travesia Maximiliano Perez Diaz,D3-D4,S4,8,Unilateral,25,1,Báculo,6,Viaria con cierre vidrio plano (tipo I),VSBP,35,EM,NO,Noche entera,-,-,-,-,-,Cambio luminaria,PC Ámbar,PC Ámbar-32,EL,TGP,Villa de Mazo,35,,32,"Pueblo Norte, Camino Judas "
228311.359582641,3167779.00036761,465,1014,CM-001,Travesia Maximiliano Perez Diaz,D3-D4,S4,8,Unilateral,25,1,Báculo,6,Viaria con cierre vidrio plano (tipo I),VSBP,35,EM,NO,Noche entera,-,-,-,-,-,Cambio luminaria,PC Ámbar,PC Ámbar-32,EL,TGP,Villa de Mazo,35,,32,"Pueblo Norte, Camino Judas "
228297.929582641,3167814.78036761,466,1013,CM-001,Travesia Maximiliano Perez Diaz,D3-D4,S4,8,Unilateral,25,1,Báculo,6,Viaria con cierre vidrio plano (tipo I),VSBP,35,EM,NO,Noche entera,-,-,-,-,-,Cambio luminaria,PC Ámbar,PC Ámbar-32,EL,TGP,Villa de Mazo,35,,32,"Pueblo Norte, Camino Judas "
228275.799582642,3167844.64036762,467,1011,CM-001,Travesia Maximiliano Perez Diaz,D3-D4,S4,8,Unilateral,25,1,Báculo,6,Viaria con cierre vidrio plano (tipo I),VSBP,35,EM,NO,Noche entera,-,-,-,-,-,Cambio luminaria,PC Ámbar,PC Ámbar-32,EL,TGP,Villa de Mazo,35,,32,"Pueblo Norte, Camino Judas "
228280.549582642,3167847.22036762,468,1012,CM-001,Travesia Maximiliano Perez Diaz,D3-D4,S4,8,Unilateral,25,1,Báculo,6,Viaria con cierre vidrio plano (tipo I),VSBP,35,EM,NO,Noche entera,-,-,-,-,-,Cambio luminaria,PC Ámbar,PC Ámbar-32,EL,TGP,Villa de Mazo,35,,32,"Pueblo Norte, Camino Judas "
228283.15966358,3167682.06061009,469,1017,CM-001,Travesia Maximiliano Perez Diaz,D3-D4,S4,8,Unilateral,25,1,Báculo,6,Viaria con cierre vidrio plano (tipo I),VSBP,35,EM,NO,Noche entera,-,-,-,-,-,Cambio luminaria,PC Ámbar,PC Ámbar-32,EL,TGP,Villa de Mazo,35,,32,"Pueblo Norte, Camino Judas "
228274.389582641,3167650.00036761,470,1018,CM-001,Travesia Maximiliano Perez Diaz,D3-D4,S4,8,Unilateral,25,1,Báculo,6,Viaria con cierre vidrio plano (tipo I),VSBP,35,EM,NO,Noche entera,-,-,-,-,-,Cambio luminaria,PC Ámbar,PC Ámbar-32,EL,TGP,Villa de Mazo,35,,32,"Pueblo Norte, Camino Judas "
228269.140198647,3167612.67036761,471,1019,CM-001,Travesia Maximiliano Perez Diaz,D3-D4,S4,8,Unilateral,25,1,Báculo,6,Viaria con cierre vidrio plano (tipo I),VSBP,35,EM,NO,Noche entera,-,-,-,-,-,Cambio luminaria,PC Ámbar,PC Ámbar-32,EL,TGP,Villa de Mazo,35,,32,"Pueblo Norte, Camino Judas "
228270.76958264,3167576.25282565,472,1020,CM-001,Travesia Maximiliano Perez Diaz,D3-D4,S4,8,Unilateral,25,1,Báculo,6,Viaria con cierre vidrio plano (tipo I),VSBP,35,EM,NO,Noche entera,-,-,-,-,-,Cambio luminaria,PC Ámbar,PC Ámbar-32,EL,TGP,Villa de Mazo,35,,32,"Pueblo Norte, Camino Judas "
228271.559582641,3167517.20036762,473,1023,CM-001,Travesia Maximiliano Perez Diaz,D3-D4,S4,8,Unilateral,25,1,Báculo,6,Viaria con cierre vidrio plano (tipo I),VSBP,35,EM,NO,Noche entera,-,-,-,-,-,Cambio luminaria,PC Ámbar,PC Ámbar-32,EL,TGP,Villa de Mazo,35,,32,"Pueblo Norte, Camino Judas "
228270.839582642,3167566.56036761,474,1021,CM-001,Travesia Maximiliano Perez Diaz,D3-D4,S4,8,Unilateral,25,1,Báculo,6,Viaria con cierre vidrio plano (tipo I),VSBP,35,EM,NO,Noche entera,-,-,-,-,-,Cambio luminaria,PC Ámbar,PC Ámbar-32,EL,TGP,Villa de Mazo,35,,32,"Pueblo Norte, Camino Judas "
228271.399582641,3167539.80036761,475,1022,CM-001,Travesia Maximiliano Perez Diaz,D3-D4,S4,8,Unilateral,25,1,Báculo,6,Viaria con cierre vidrio plano (tipo I),VSBP,35,EM,NO,Noche entera,-,-,-,-,-,Cambio luminaria,PC Ámbar,PC Ámbar-32,EL,TGP,Villa de Mazo,35,,32,"Pueblo Norte, Camino Judas "
228249.889582641,3167521.63286761,476,1113,CM-001,General Mola,B1,ME5,6,Unilateral,20,1,Brazo Simple,6,Artística con Reflector,VSBP,35,EM,NO,Noche entera,-,-,-,-,-,Cambio luminaria,PC Ámbar,PC Ámbar-32,EL,TGP,Villa de Mazo,35,,32,"Pueblo Norte, Camino Judas "
228220.959616351,3167524.26036753,477,1112,CM-001,General Mola,B1,ME5,6,Unilateral,20,1,Brazo Simple,6,Artística con Reflector,VSBP,35,EM,NO,Noche entera,-,-,-,-,-,Cambio luminaria,PC Ámbar,PC Ámbar-32,EL,TGP,Villa de Mazo,35,,32,"Pueblo Norte, Camino Judas "
228232.109582641,3167742.93036762,478,1061,CM-001,Plaza Mazo,E1-E2,S4,10,Bilateral,20,1,Directo,"0,5",Baliza,BC,23,EM,NO,Noche entera,-,-,-,-,-,Cambio lámpara+equipo,Baliza,L_Bulb-13,EL,NO,Villa de Mazo,23,,13,"Pueblo Norte, Camino Judas "
228244.669582641,3167758.41036762,479,1060,CM-001,Plaza Mazo,E1-E2,S4,10,Bilateral,20,1,Directo,"0,5",Baliza,BC,23,EM,NO,Noche entera,-,-,-,-,-,Cambio lámpara+equipo,Baliza,L_Bulb-13,EL,NO,Villa de Mazo,23,,13,"Pueblo Norte, Camino Judas "
228257.029582641,3167745.11036761,480,1062,CM-001,Plaza Mazo,E1-E2,S4,10,Bilateral,20,1,Directo,"0,5",Baliza,BC,23,EM,NO,Noche entera,-,-,-,-,-,Cambio lámpara+equipo,Baliza,L_Bulb-13,EL,NO,Villa de Mazo,23,,13,"Pueblo Norte, Camino Judas "
228242.039582642,3167732.16036761,481,1063,CM-001,Plaza Mazo,E1-E2,S4,10,Bilateral,20,1,Directo,"0,5",Baliza,BC,23,EM,NO,Noche entera,-,-,-,-,-,Cambio lámpara+equipo,Baliza,L_Bulb-13,EL,NO,Villa de Mazo,23,,13,"Pueblo Norte, Camino Judas "
228245.505101861,3167721.87901363,482,1122,CM-001,Jose Antonio Primo de Rivera,B1,ME5,7,Unilateral,30,1,Columna,4,Artística con Reflector,VSBP,35,EM,NO,Noche entera,-,-,-,-,-,Cambio luminaria,PC Ámbar,PC Ámbar-32,EL,TGP,Villa de Mazo,35,,32,"Pueblo Norte, Camino Judas "
228266.819582641,3167743.59036762,483,1123,CM-001,Jose Antonio Primo de Rivera,B1,ME5,7,Unilateral,30,1,Columna,4,Artística con Reflector,VSBP,35,EM,NO,Noche entera,-,-,-,-,-,Cambio luminaria,PC Ámbar,PC Ámbar-32,EL,TGP,Villa de Mazo,35,,32,"Pueblo Norte, Camino Judas "
228266.819582641,3167778.62664467,484,1124,CM-001,Jose Antonio Primo de Rivera,B1,ME5,7,Unilateral,30,1,Columna,4,Artística con Reflector,VSBP,35,EM,NO,Noche entera,-,-,-,-,-,Cambio luminaria,PC Ámbar,PC Ámbar-32,EL,TGP,Villa de Mazo,35,,32,"Pueblo Norte, Camino Judas "
228263.59958264,3167802.00036761,485,1125,CM-001,Jose Antonio Primo de Rivera,B1,ME5,7,Unilateral,30,1,Columna,4,Artística con Reflector,VSBP,35,EM,NO,Noche entera,-,-,-,-,-,Cambio luminaria,PC Ámbar,PC Ámbar-32,EL,TGP,Villa de Mazo,35,,32,"Pueblo Norte, Camino Judas "
228235.783181016,3167764.75747778,486,1042,CM-001,Carretera General Mazo 2,D3-D4,S4,8,Unilateral,20,1,Báculo,8,Viaria con cierre vidrio plano (tipo I),VSBP,55,EM,NO,Noche entera,-,-,-,-,-,Cambio luminaria,PC Ámbar,PC Ámbar-32,EL,TGP,Villa de Mazo,55,,32,"Pueblo Norte, Camino Judas "
228253.189582641,3167785.39036761,487,1041,CM-001,Carretera General Mazo 2,D3-D4,S4,8,Unilateral,20,1,Báculo,8,Viaria con cierre vidrio plano (tipo I),VSBP,55,EM,NO,Noche entera,-,-,-,-,-,Cambio luminaria,PC Ámbar,PC Ámbar-32,EL,TGP,Villa de Mazo,55,,32,"Pueblo Norte, Camino Judas "
228248.61958264,3167810.80036762,488,1040,CM-001,Carretera General Mazo 2,D3-D4,S4,8,Unilateral,20,1,Báculo,8,Viaria con cierre vidrio plano (tipo I),VSBP,55,EM,NO,Noche entera,-,-,-,-,-,Cambio luminaria,PC Ámbar,PC Ámbar-32,EL,TGP,Villa de Mazo,55,,32,"Pueblo Norte, Camino Judas "
228234.079582642,3167835.97036762,489,1039,CM-001,Carretera General Mazo 2,D3-D4,S4,8,Unilateral,20,1,Báculo,8,Viaria con cierre vidrio plano (tipo I),VSBP,55,EM,NO,Noche entera,-,-,-,-,-,Cambio luminaria,PC Ámbar,PC Ámbar-32,EL,TGP,Villa de Mazo,55,,32,"Pueblo Norte, Camino Judas "
228218.402582641,3167742.60786761,490,1043,CM-001,Carretera General Mazo 2,D3-D4,S4,8,Unilateral,20,1,Báculo,8,Viaria con cierre vidrio plano (tipo I),VSBP,55,EM,NO,Noche entera,-,-,-,-,-,Cambio luminaria,PC Ámbar,PC Ámbar-32,EL,TGP,Villa de Mazo,55,,32,"Pueblo Norte, Camino Judas "
228201.355292287,3167720.89120309,491,1044,CM-001,Carretera General Mazo 2,D3-D4,S4,8,Unilateral,20,1,Báculo,8,Viaria con cierre vidrio plano (tipo I),VSBP,55,EM,NO,Noche entera,-,-,-,-,-,Cambio luminaria,PC Ámbar,PC Ámbar-32,EL,TGP,Villa de Mazo,55,,32,"Pueblo Norte, Camino Judas "
228182.879582641,3167695.39036762,492,1045,CM-001,Carretera General Mazo 2,D3-D4,S4,8,Unilateral,20,1,Báculo,8,Viaria con cierre vidrio plano (tipo I),VSBP,55,EM,NO,Noche entera,-,-,-,-,-,Cambio luminaria,PC Ámbar,PC Ámbar-32,EL,TGP,Villa de Mazo,55,,32,"Pueblo Norte, Camino Judas "
228165.183691401,3167673.94036762,493,1046,CM-001,Carretera General Mazo 2,D3-D4,S4,8,Unilateral,20,1,Báculo,8,Viaria con cierre vidrio plano (tipo I),VSBP,55,EM,NO,Noche entera,-,-,-,-,-,Cambio luminaria,PC Ámbar,PC Ámbar-32,EL,TGP,Villa de Mazo,55,,32,"Pueblo Norte, Camino Judas "
228152.220721551,3167645.60808691,494,1047,CM-001,Carretera General Mazo 2,D3-D4,S4,8,Unilateral,20,1,Báculo,8,Viaria con cierre vidrio plano (tipo I),VSBP,55,EM,NO,Noche entera,-,-,-,-,-,Cambio luminaria,PC Ámbar,PC Ámbar-32,EL,TGP,Villa de Mazo,55,,32,"Pueblo Norte, Camino Judas "
228143.789582642,3167638.28036762,495,1101,CM-001,Spar Mazo,E1-E2,S4,3,Unilateral,12,1,Columna,4,Artística con Reflector,VSBP,35,EM,NO,Noche entera,-,-,-,-,-,Cambio luminaria,PC Ámbar,PC Ámbar-32,EL,TGP,Villa de Mazo,35,,32,"Pueblo Norte, Camino Judas "
228138.739582641,3167645.02036761,496,1102,CM-001,Spar Mazo,E1-E2,S4,3,Unilateral,12,1,Columna,4,Artística con Reflector,VSBP,35,EM,NO,Noche entera,-,-,-,-,-,Cambio luminaria,PC Ámbar,PC Ámbar-32,EL,TGP,Villa de Mazo,35,,32,"Pueblo Norte, Camino Judas "
228168.039582642,3167650.40036762,497,1103,CM-001,Spar Mazo,E1-E2,S4,3,Unilateral,12,1,Columna,4,Artística con Reflector,VSBP,35,EM,NO,Noche entera,-,-,-,-,-,Cambio luminaria,PC Ámbar,PC Ámbar-32,EL,TGP,Villa de Mazo,35,,32,"Pueblo Norte, Camino Judas "
228163.779565169,3167629.89239555,498,1104,CM-001,Spar Mazo,E1-E2,S4,3,Unilateral,12,1,Columna,4,Artística con Reflector,VSBP,35,EM,NO,Noche entera,-,-,-,-,-,Cambio luminaria,PC Ámbar,PC Ámbar-32,EL,TGP,Villa de Mazo,35,,32,"Pueblo Norte, Camino Judas "
228148.63958264,3167605.24036762,499,1105,CM-001,Spar Mazo,E1-E2,S4,3,Unilateral,12,1,Columna,4,Artística con Reflector,VSBP,35,EM,NO,Noche entera,-,-,-,-,-,Cambio luminaria,PC Ámbar,PC Ámbar-32,EL,TGP,Villa de Mazo,35,,32,"Pueblo Norte, Camino Judas "
228136.235946277,3167617.69036761,500,1100,CM-001,Spar Mazo,E1-E2,S4,3,Unilateral,12,1,Columna,4,Artística con Reflector,VSBP,35,EM,NO,Noche entera,-,-,-,-,-,Cambio luminaria,PC Ámbar,PC Ámbar-32,EL,TGP,Villa de Mazo,35,,32,"Pueblo Norte, Camino Judas "
228124.98958264,3167617.58036761,501,1095,CM-001,Spar Mazo,E1-E2,S4,3,Unilateral,12,1,Columna,4,Artística con Reflector,VSBP,35,EM,NO,Noche entera,-,-,-,-,-,Cambio luminaria,PC Ámbar,PC Ámbar-32,EL,TGP,Villa de Mazo,35,,32,"Pueblo Norte, Camino Judas "
228111.39958264,3167621.68036761,502,1094,CM-001,Spar Mazo,E1-E2,S4,3,Unilateral,12,1,Columna,4,Artística con Reflector,VSBP,35,EM,NO,Noche entera,-,-,-,-,-,Cambio luminaria,PC Ámbar,PC Ámbar-32,EL,TGP,Villa de Mazo,35,,32,"Pueblo Norte, Camino Judas "
228103.039582643,3167617.64036762,503,1093,CM-001,Spar Mazo,E1-E2,S4,3,Unilateral,12,1,Columna,4,Artística con Reflector,VSBP,35,EM,NO,Noche entera,-,-,-,-,-,Cambio luminaria,PC Ámbar,PC Ámbar-32,EL,TGP,Villa de Mazo,35,,32,"Pueblo Norte, Camino Judas "
228135.61437738,3167707.39879229,504,1081,CM-001,Doctor Manuel Martel Sangil,B1,ME5,4,Unilateral,45,1,Brazo Simple,6,Viaria con cierre vidrio plano (tipo I),VSBP,35,EM,NO,Noche entera,-,-,-,-,-,Cambio luminaria,PC Ámbar,PC Ámbar-49,EL,TGP,Villa de Mazo,35,,49,"Pueblo Norte, Camino Judas "
228107.879582642,3167657.80036761,505,1082,CM-001,Doctor Manuel Martel Sangil,B1,ME5,4,Unilateral,45,1,Brazo Simple,6,Viaria con cierre vidrio plano (tipo I),VSBP,35,EM,NO,Noche entera,-,-,-,-,-,Cambio luminaria,PC Ámbar,PC Ámbar-49,EL,TGP,Villa de Mazo,35,,49,"Pueblo Norte, Camino Judas "
228085.839582641,3167603.40036761,506,1083,CM-001,Doctor Manuel Martel Sangil,B1,ME5,4,Unilateral,45,1,Brazo Simple,6,Viaria con cierre vidrio plano (tipo I),VSBP,35,EM,NO,Noche entera,-,-,-,-,-,Cambio luminaria,PC Ámbar,PC Ámbar-49,EL,TGP,Villa de Mazo,35,,49,"Pueblo Norte, Camino Judas "
228132.919582643,3167610.16036761,507,1099,CM-001,Spar Mazo,E1-E2,S4,3,Unilateral,12,1,Columna,4,Artística con Reflector,VSBP,35,EM,NO,Noche entera,-,-,-,-,-,Cambio luminaria,PC Ámbar,PC Ámbar-32,EL,TGP,Villa de Mazo,35,,32,"Pueblo Norte, Camino Judas "
228128.389582641,3167597.97036761,508,1098,CM-001,Spar Mazo,E1-E2,S4,3,Unilateral,12,1,Columna,4,Artística con Reflector,VSBP,35,EM,NO,Noche entera,-,-,-,-,-,Cambio luminaria,PC Ámbar,PC Ámbar-32,EL,TGP,Villa de Mazo,35,,32,"Pueblo Norte, Camino Judas "
228121.96958264,3167586.79036761,509,1097,CM-001,Spar Mazo,E1-E2,S4,3,Unilateral,12,1,Columna,4,Artística con Reflector,VSBP,35,EM,NO,Noche entera,-,-,-,-,-,Cambio luminaria,PC Ámbar,PC Ámbar-32,EL,TGP,Villa de Mazo,35,,32,"Pueblo Norte, Camino Judas "
228116.151072025,3167575.83365373,510,1096,CM-001,Spar Mazo,E1-E2,S4,3,Unilateral,12,1,Columna,4,Artística con Reflector,VSBP,35,EM,NO,Noche entera,-,-,-,-,-,Cambio luminaria,PC Ámbar,PC Ámbar-32,EL,TGP,Villa de Mazo,35,,32,"Pueblo Norte, Camino Judas "
228117.672003298,3167554.60333049,511,1049,CM-001,Carretera General Mazo 2,D3-D4,S4,8,Unilateral,20,1,Báculo,8,Viaria con cierre vidrio plano (tipo I),VSBP,55,EM,NO,Noche entera,-,-,-,-,-,Cambio luminaria,PC Ámbar,PC Ámbar-32,EL,TGP,Villa de Mazo,55,,32,"Pueblo Norte, Camino Judas "
228117.736725894,3167532.76449977,512,1050,CM-001,Carretera General Mazo 2,D3-D4,S4,8,Unilateral,20,1,Báculo,8,Viaria con cierre vidrio plano (tipo I),VSBP,55,EM,NO,Noche entera,-,-,-,-,-,Cambio luminaria,PC Ámbar,PC Ámbar-32,EL,TGP,Villa de Mazo,55,,32,"Pueblo Norte, Camino Judas "
228047.639582641,3167746.48036762,513,1080,CM-001,Doctor Manuel Martel Sangil,B1,ME5,4,Unilateral,45,1,Brazo Simple,6,Viaria con cierre vidrio plano (tipo I),VSBP,35,EM,NO,Noche entera,-,-,-,-,-,Cambio luminaria,PC Ámbar,PC Ámbar-49,EL,TGP,Villa de Mazo,35,,49,"Pueblo Norte, Camino Judas "
228038.689582641,3167815.70036761,514,1079,CM-001,Doctor Manuel Martel Sangil,B1,ME5,4,Unilateral,45,1,Brazo Simple,6,Viaria con cierre vidrio plano (tipo I),VSBP,35,EM,NO,Noche entera,-,-,-,-,-,Cambio luminaria,PC Ámbar,PC Ámbar-49,EL,TGP,Villa de Mazo,35,,49,"Pueblo Norte, Camino Judas "
228031.31308264,3167664.66536762,515,1084,CM-001,Doctor Manuel Martel Sangil,B1,ME5,4,Unilateral,45,1,Brazo Simple,6,Viaria con cierre vidrio plano (tipo I),VSBP,35,EM,NO,Noche entera,-,-,-,-,-,Cambio luminaria,PC Ámbar,PC Ámbar-49,EL,TGP,Villa de Mazo,35,,49,"Pueblo Norte, Camino Judas "
228020.629582642,3167620.63036761,516,1085,CM-001,Doctor Manuel Martel Sangil,B1,ME5,4,Unilateral,45,1,Brazo Simple,6,Viaria con cierre vidrio plano (tipo I),VSBP,35,EM,NO,Noche entera,-,-,-,-,-,Cambio luminaria,PC Ámbar,PC Ámbar-49,EL,TGP,Villa de Mazo,35,,49,"Pueblo Norte, Camino Judas "
227994.919582643,3167540.20036762,517,1086,CM-001,Doctor Manuel Martel Sangil,B1,ME5,4,Unilateral,45,1,Brazo Simple,6,Viaria con cierre vidrio plano (tipo I),VSBP,35,EM,NO,Noche entera,-,-,-,-,-,Cambio luminaria,PC Ámbar,PC Ámbar-49,EL,TGP,Villa de Mazo,35,,49,"Pueblo Norte, Camino Judas "
228156.689582641,3167592.84036762,518,1127,CM-001,Cuesta Centro Salud,B1,ME5,5,Bilateral,35,1,Columna,4,Artística con Reflector,VSBP,35,EM,NO,Noche entera,-,-,-,-,-,Cambio luminaria,PC Ámbar,PC Ámbar-49,EL,TGP,Villa de Mazo,35,,49,"Pueblo Norte, Camino Judas "
228157.379582642,3167601.24036761,519,1126,CM-001,Cuesta Centro Salud,B1,ME5,5,Bilateral,35,1,Columna,4,Artística con Reflector,VSBP,35,EM,NO,Noche entera,-,-,-,-,-,Cambio luminaria,PC Ámbar,PC Ámbar-49,EL,TGP,Villa de Mazo,35,,49,"Pueblo Norte, Camino Judas "
228176.921890286,3167590.33267532,520,1129,CM-001,Cuesta Centro Salud,B1,ME5,5,Bilateral,35,1,Columna,4,Artística con Reflector,VSBP,35,EM,NO,Noche entera,-,-,-,-,-,Cambio luminaria,PC Ámbar,PC Ámbar-49,EL,TGP,Villa de Mazo,35,,49,"Pueblo Norte, Camino Judas "
228177.879582641,3167597.08036761,521,1128,CM-001,Cuesta Centro Salud,B1,ME5,5,Bilateral,35,1,Columna,4,Artística con Reflector,VSBP,35,EM,NO,Noche entera,-,-,-,-,-,Cambio luminaria,PC Ámbar,PC Ámbar-49,EL,TGP,Villa de Mazo,35,,49,"Pueblo Norte, Camino Judas "
228197.039582641,3167585.00036761,522,1131,CM-001,Cuesta Centro Salud,B1,ME5,5,Bilateral,35,1,Columna,4,Artística con Reflector,VSBP,35,EM,NO,Noche entera,-,-,-,-,-,Cambio luminaria,PC Ámbar,PC Ámbar-49,EL,TGP,Villa de Mazo,35,,49,"Pueblo Norte, Camino Judas "
228199.538735412,3167591.85221146,523,1130,CM-001,Cuesta Centro Salud,B1,ME5,5,Bilateral,35,1,Columna,4,Artística con Reflector,VSBP,35,EM,NO,Noche entera,-,-,-,-,-,Cambio luminaria,PC Ámbar,PC Ámbar-49,EL,TGP,Villa de Mazo,35,,49,"Pueblo Norte, Camino Judas "
228220.969582641,3167579.06036762,524,1133,CM-001,Cuesta Centro Salud,B1,ME5,5,Bilateral,35,1,Columna,4,Artística con Reflector,VSBP,35,EM,NO,Noche entera,-,-,-,-,-,Cambio luminaria,PC Ámbar,PC Ámbar-49,EL,TGP,Villa de Mazo,35,,49,"Pueblo Norte, Camino Judas "
228220.969582641,3167584.77036761,525,1132,CM-001,Cuesta Centro Salud,B1,ME5,5,Bilateral,35,1,Columna,4,Artística con Reflector,VSBP,35,EM,NO,Noche entera,-,-,-,-,-,Cambio luminaria,PC Ámbar,PC Ámbar-49,EL,TGP,Villa de Mazo,35,,49,"Pueblo Norte, Camino Judas "
228245.444587575,3167573.64739679,526,1135,CM-001,Cuesta Centro Salud,B1,ME5,5,Bilateral,35,1,Columna,4,Artística con Reflector,VSBP,35,EM,NO,Noche entera,-,-,-,-,-,Cambio luminaria,PC Ámbar,PC Ámbar-49,EL,TGP,Villa de Mazo,35,,49,"Pueblo Norte, Camino Judas "
228246.57513778,3167580.33409779,527,1134,CM-001,Cuesta Centro Salud,B1,ME5,5,Bilateral,35,1,Columna,4,Artística con Reflector,VSBP,35,EM,NO,Noche entera,-,-,-,-,-,Cambio luminaria,PC Ámbar,PC Ámbar-49,EL,TGP,Villa de Mazo,35,,49,"Pueblo Norte, Camino Judas "
228137.879582643,3167523.24036762,528,1106,CM-001,General Mola,B1,ME5,6,Unilateral,20,1,Brazo Simple,6,Artística con Reflector,VSBP,35,EM,NO,Noche entera,-,-,-,-,-,Cambio luminaria,PC Ámbar,PC Ámbar-32,EL,TGP,Villa de Mazo,35,,32,"Pueblo Norte, Camino Judas "
228146.249175497,3167519.82886762,529,1109,CM-001,General Mola,B1,ME5,6,Unilateral,20,1,Brazo Simple,6,Artística con Reflector,VSBP,35,EM,NO,Noche entera,-,-,-,-,-,Cambio luminaria,PC Ámbar,PC Ámbar-32,EL,TGP,Villa de Mazo,35,,32,"Pueblo Norte, Camino Judas "
228158.779582641,3167521.39036762,530,1110,CM-001,General Mola,B1,ME5,6,Unilateral,20,1,Brazo Simple,6,Artística con Reflector,VSBP,35,EM,NO,Noche entera,-,-,-,-,-,Cambio luminaria,PC Ámbar,PC Ámbar-32,EL,TGP,Villa de Mazo,35,,32,"Pueblo Norte, Camino Judas "
228180.643355685,3167520.55052233,531,1111,CM-001,General Mola,B1,ME5,6,Unilateral,20,1,Brazo Simple,6,Artística con Reflector,VSBP,35,EM,NO,Noche entera,-,-,-,-,-,Cambio luminaria,PC Ámbar,PC Ámbar-32,EL,TGP,Villa de Mazo,35,,32,"Pueblo Norte, Camino Judas "
228158.263513962,3167538.82036762,532,1114,CM-001,Jose Antonio Primo de Rivera,B1,ME5,7,Unilateral,30,1,Columna,4,Artística con Reflector,VSBP,35,EM,NO,Noche entera,-,-,-,-,-,Cambio luminaria,PC Ámbar,PC Ámbar-32,EL,TGP,Villa de Mazo,35,,32,"Pueblo Norte, Camino Judas "
228162.979582641,3167554.52036761,533,1115,CM-001,Jose Antonio Primo de Rivera,B1,ME5,7,Unilateral,30,1,Columna,4,Artística con Reflector,VSBP,35,EM,NO,Noche entera,-,-,-,-,-,Cambio luminaria,PC Ámbar,PC Ámbar-32,EL,TGP,Villa de Mazo,35,,32,"Pueblo Norte, Camino Judas "
228169.721068729,3167574.76233623,534,1116,CM-001,Jose Antonio Primo de Rivera,B1,ME5,7,Unilateral,30,1,Columna,4,Artística con Reflector,VSBP,35,EM,NO,Noche entera,-,-,-,-,-,Cambio luminaria,PC Ámbar,PC Ámbar-32,EL,TGP,Villa de Mazo,35,,32,"Pueblo Norte, Camino Judas "
228182.466979433,3167608.97036762,535,1117,CM-001,Jose Antonio Primo de Rivera,B1,ME5,7,Unilateral,30,1,Columna,4,Artística con Reflector,VSBP,35,EM,NO,Noche entera,-,-,-,-,-,Cambio luminaria,PC Ámbar,PC Ámbar-32,EL,TGP,Villa de Mazo,35,,32,"Pueblo Norte, Camino Judas "
228188.47958264,3167623.08036762,536,1118,CM-001,Jose Antonio Primo de Rivera,B1,ME5,7,Unilateral,30,1,Columna,4,Artística con Reflector,VSBP,35,EM,NO,Noche entera,-,-,-,-,-,Cambio luminaria,PC Ámbar,PC Ámbar-32,EL,TGP,Villa de Mazo,35,,32,"Pueblo Norte, Camino Judas "
228195.079582641,3167638.20036761,537,1119,CM-001,Jose Antonio Primo de Rivera,B1,ME5,7,Unilateral,30,1,Columna,4,Artística con Reflector,VSBP,35,EM,NO,Noche entera,-,-,-,-,-,Cambio luminaria,PC Ámbar,PC Ámbar-32,EL,TGP,Villa de Mazo,35,,32,"Pueblo Norte, Camino Judas "
228202.306960287,3167654.97038674,538,1120,CM-001,Jose Antonio Primo de Rivera,B1,ME5,7,Unilateral,30,1,Columna,4,Artística con Reflector,VSBP,35,EM,NO,Noche entera,-,-,-,-,-,Cambio luminaria,PC Ámbar,PC Ámbar-32,EL,TGP,Villa de Mazo,35,,32,"Pueblo Norte, Camino Judas "
228213.69958264,3167601.39036761,539,1138,CM-001,Calvo Sotelo,D3-D4,S4,7,Unilateral,25,1,Brazo Simple,5,Artística con Reflector,VSBP,35,EM,NO,Noche entera,-,-,-,-,-,Cambio luminaria,PC Ámbar,PC Ámbar-32,EL,TGP,Villa de Mazo,35,,32,"Pueblo Norte, Camino Judas "
228213.35958264,3167618.84036761,540,1137,CM-001,Calvo Sotelo,D3-D4,S4,7,Unilateral,25,1,Brazo Simple,5,Artística con Reflector,VSBP,35,EM,NO,Noche entera,-,-,-,-,-,Cambio luminaria,PC Ámbar,PC Ámbar-32,EL,TGP,Villa de Mazo,35,,32,"Pueblo Norte, Camino Judas "
228213.35958264,3167643.96036761,541,1136,CM-001,Calvo Sotelo,D3-D4,S4,7,Unilateral,25,1,Brazo Simple,5,Artística con Reflector,VSBP,35,EM,NO,Noche entera,-,-,-,-,-,Cambio luminaria,PC Ámbar,PC Ámbar-32,EL,TGP,Villa de Mazo,35,,32,"Pueblo Norte, Camino Judas "
228219.537635946,3167693.88183388,542,1121,CM-001,Jose Antonio Primo de Rivera,B1,ME5,7,Unilateral,30,1,Columna,4,Artística con Reflector,VSBP,35,EM,NO,Noche entera,-,-,-,-,-,Cambio luminaria,PC Ámbar,PC Ámbar-32,EL,TGP,Villa de Mazo,35,,32,"Pueblo Norte, Camino Judas "
228213.251609472,3167564.94836761,543,1139,CM-001,Calvo Sotelo,D3-D4,S4,7,Unilateral,25,1,Brazo Simple,5,Artística con Reflector,VSBP,35,EM,NO,Noche entera,-,-,-,-,-,Cambio luminaria,PC Ámbar,PC Ámbar-32,EL,TGP,Villa de Mazo,35,,32,"Pueblo Norte, Camino Judas "
228213.239582641,3167548.44036761,544,1140,CM-001,Calvo Sotelo,D3-D4,S4,7,Unilateral,25,1,Brazo Simple,5,Artística con Reflector,VSBP,35,EM,NO,Noche entera,-,-,-,-,-,Cambio luminaria,PC Ámbar,PC Ámbar-32,EL,TGP,Villa de Mazo,35,,32,"Pueblo Norte, Camino Judas "
228213.239582641,3167532.88834174,545,1141,CM-001,Calvo Sotelo,D3-D4,S4,7,Unilateral,25,1,Brazo Simple,5,Artística con Reflector,VSBP,35,EM,NO,Noche entera,-,-,-,-,-,Cambio luminaria,PC Ámbar,PC Ámbar-32,EL,TGP,Villa de Mazo,35,,32,"Pueblo Norte, Camino Judas "
228030.759582642,3167468.35036762,546,1087,CM-001,Doctor Manuel Martel Sangil,B1,ME5,4,Unilateral,45,1,Brazo Simple,6,Viaria con cierre vidrio plano (tipo I),VSBP,35,EM,NO,Noche entera,-,-,-,-,-,Cambio luminaria,PC Ámbar,PC Ámbar-49,EL,TGP,Villa de Mazo,35,,49,"Pueblo Norte, Camino Judas "
228064.659368947,3167443.65996984,547,1088,CM-001,Doctor Manuel Martel Sangil,B1,ME5,4,Unilateral,45,1,Brazo Simple,6,Viaria con cierre vidrio plano (tipo I),VSBP,35,EM,NO,Noche entera,-,-,-,-,-,Cambio luminaria,PC Ámbar,PC Ámbar-49,EL,TGP,Villa de Mazo,35,,49,"Pueblo Norte, Camino Judas "
228089.27958264,3167465.12036761,548,1089,CM-001,Doctor Manuel Martel Sangil,B1,ME5,4,Unilateral,45,1,Brazo Simple,6,Viaria con cierre vidrio plano (tipo I),VSBP,35,EM,NO,Noche entera,-,-,-,-,-,Cambio luminaria,PC Ámbar,PC Ámbar-49,EL,TGP,Villa de Mazo,35,,49,"Pueblo Norte, Camino Judas "
228115.599582642,3167489.00036761,549,1090,CM-001,Doctor Manuel Martel Sangil,B1,ME5,4,Unilateral,45,1,Brazo Simple,6,Viaria con cierre vidrio plano (tipo I),VSBP,35,EM,NO,Noche entera,-,-,-,-,-,Cambio luminaria,PC Ámbar,PC Ámbar-49,EL,TGP,Villa de Mazo,35,,49,"Pueblo Norte, Camino Judas "
228063.119582642,3167374.41036762,550,1091,CM-001,Doctor Manuel Martel Sangil,B1,ME5,4,Unilateral,45,1,Brazo Simple,6,Viaria con cierre vidrio plano (tipo I),VSBP,35,EM,NO,Noche entera,-,-,-,-,-,Cambio luminaria,PC Ámbar,PC Ámbar-49,EL,TGP,Villa de Mazo,35,,49,"Pueblo Norte, Camino Judas "
228085.64958264,3167320.26036762,551,1092,CM-001,Doctor Manuel Martel Sangil,B1,ME5,4,Unilateral,45,1,Brazo Simple,6,Viaria con cierre vidrio plano (tipo I),VSBP,35,EM,NO,Noche entera,-,-,-,-,-,Cambio luminaria,PC Ámbar,PC Ámbar-49,EL,TGP,Villa de Mazo,35,,49,"Pueblo Norte, Camino Judas "
228138.979582642,3167472.13036761,552,1051,CM-001,Carretera General Mazo 2,D3-D4,S4,8,Unilateral,20,1,Báculo,8,Viaria con cierre vidrio plano (tipo I),VSBP,55,EM,NO,Noche entera,-,-,-,-,-,Cambio luminaria,PC Ámbar,PC Ámbar-32,EL,TGP,Villa de Mazo,55,,32,"Pueblo Norte, Camino Judas "
228149.35958264,3167435.84036762,553,1052,CM-001,Carretera General Mazo 2,D3-D4,S4,8,Unilateral,20,1,Báculo,8,Viaria con cierre vidrio plano (tipo I),VSBP,55,EM,NO,Noche entera,-,-,-,-,-,Cambio luminaria,PC Ámbar,PC Ámbar-32,EL,TGP,Villa de Mazo,55,,32,"Pueblo Norte, Camino Judas "
228156.829291199,3167402.07801528,554,1053,CM-001,Carretera General Mazo 2,D3-D4,S4,8,Unilateral,20,1,Báculo,8,Viaria con cierre vidrio plano (tipo I),VSBP,55,EM,NO,Noche entera,-,-,-,-,-,Cambio luminaria,PC Ámbar,PC Ámbar-32,EL,TGP,Villa de Mazo,55,,32,"Pueblo Norte, Camino Judas "
228166.697279372,3167364.37720499,555,1054,CM-001,Carretera General Mazo 2,D3-D4,S4,8,Unilateral,20,1,Báculo,8,Viaria con cierre vidrio plano (tipo I),VSBP,55,EM,NO,Noche entera,-,-,-,-,-,Cambio luminaria,PC Ámbar,PC Ámbar-32,EL,TGP,Villa de Mazo,55,,32,"Pueblo Norte, Camino Judas "
228174.739919353,3167325.16759304,556,1055,CM-001,Carretera General Mazo 2,D3-D4,S4,8,Unilateral,20,1,Báculo,8,Viaria con cierre vidrio plano (tipo I),VSBP,55,EM,NO,Noche entera,-,-,-,-,-,Cambio luminaria,PC Ámbar,PC Ámbar-32,EL,TGP,Villa de Mazo,55,,32,"Pueblo Norte, Camino Judas "
228184.919582642,3167296.78036762,557,1056,CM-001,Carretera General Mazo 2,D3-D4,S4,8,Unilateral,20,1,Báculo,8,Viaria con cierre vidrio plano (tipo I),VSBP,55,EM,NO,Noche entera,-,-,-,-,-,Cambio luminaria,PC Ámbar,PC Ámbar-32,EL,TGP,Villa de Mazo,55,,32,"Pueblo Norte, Camino Judas "
228201.039582642,3167265.40036761,558,1057,CM-001,Carretera General Mazo 2,D3-D4,S4,8,Unilateral,20,1,Báculo,8,Viaria con cierre vidrio plano (tipo I),VSBP,55,EM,NO,Noche entera,-,-,-,-,-,Cambio luminaria,PC Ámbar,PC Ámbar-32,EL,TGP,Villa de Mazo,55,,32,"Pueblo Norte, Camino Judas "
228216.253015133,3167238.6992412,559,1058,CM-001,Carretera General Mazo 2,D3-D4,S4,8,Unilateral,20,1,Báculo,8,Viaria con cierre vidrio plano (tipo I),VSBP,55,EM,NO,Noche entera,-,-,-,-,-,Cambio luminaria,PC Ámbar,PC Ámbar-32,EL,TGP,Villa de Mazo,55,,32,"Pueblo Norte, Camino Judas "
228231.381511794,3167212.82981983,560,1059,CM-001,Carretera General Mazo 2,D3-D4,S4,8,Unilateral,20,1,Báculo,8,Viaria con cierre vidrio plano (tipo I),VSBP,55,EM,NO,Noche entera,-,-,-,-,-,Cambio luminaria,PC Ámbar,PC Ámbar-32,EL,TGP,Villa de Mazo,55,,32,"Pueblo Norte, Camino Judas "
228245.38958264,3167190.82036762,561,1048,CM-001,Carretera General Mazo 2,D3-D4,S4,8,Unilateral,20,1,Báculo,8,Viaria con cierre vidrio plano (tipo I),VSBP,55,EM,NO,Noche entera,-,-,-,-,-,Cambio luminaria,PC Ámbar,PC Ámbar-32,EL,TGP,Villa de Mazo,55,,32,"Pueblo Norte, Camino Judas "
228138.719582641,3167502.62339955,562,1107,CM-001,General Mola,B1,ME5,6,Unilateral,20,1,Brazo Simple,6,Artística con Reflector,VSBP,35,EM,NO,Noche entera,-,-,-,-,-,Cambio luminaria,PC Ámbar,PC Ámbar-32,EL,TGP,Villa de Mazo,35,,32,"Pueblo Norte, Camino Judas "
228149.959582641,3167484.36036761,563,1108,CM-001,General Mola,B1,ME5,6,Unilateral,20,1,Brazo Simple,6,Artística con Reflector,VSBP,35,EM,NO,Noche entera,-,-,-,-,-,Cambio luminaria,PC Ámbar,PC Ámbar-32,EL,TGP,Villa de Mazo,35,,32,"Pueblo Norte, Camino Judas "
228224.784842425,3167387.03703918,564,1150,CM-001,Urbanizacion,D3-D4,S4,11,Unilateral,12,1,Columna,6,Viaria con cierre vidrio plano (tipo I),VSBP,35,EM,NO,Noche entera,-,-,-,-,-,Cambio luminaria,PC Ámbar,PC Ámbar-32,EL,TGP,Villa de Mazo,35,,32,"Pueblo Norte, Camino Judas "
228228.499196311,3167369.88472621,565,1151,CM-001,Urbanizacion,D3-D4,S4,11,Unilateral,12,1,Columna,6,Viaria con cierre vidrio plano (tipo I),VSBP,35,EM,NO,Noche entera,-,-,-,-,-,Cambio luminaria,PC Ámbar,PC Ámbar-32,EL,TGP,Villa de Mazo,35,,32,"Pueblo Norte, Camino Judas "
228232.049905221,3167352.40552891,566,1152,CM-001,Urbanizacion,D3-D4,S4,11,Unilateral,12,1,Columna,6,Viaria con cierre vidrio plano (tipo I),VSBP,35,EM,NO,Noche entera,-,-,-,-,-,Cambio luminaria,PC Ámbar,PC Ámbar-32,EL,TGP,Villa de Mazo,35,,32,"Pueblo Norte, Camino Judas "
228235.962587283,3167334.11445606,567,1153,CM-001,Urbanizacion,D3-D4,S4,11,Unilateral,12,1,Columna,6,Viaria con cierre vidrio plano (tipo I),VSBP,35,EM,NO,Noche entera,-,-,-,-,-,Cambio luminaria,PC Ámbar,PC Ámbar-32,EL,TGP,Villa de Mazo,35,,32,"Pueblo Norte, Camino Judas "
228239.59958264,3167316.96036761,568,1154,CM-001,Urbanizacion,D3-D4,S4,11,Unilateral,12,1,Columna,6,Viaria con cierre vidrio plano (tipo I),VSBP,35,EM,NO,Noche entera,-,-,-,-,-,Cambio luminaria,PC Ámbar,PC Ámbar-32,EL,TGP,Villa de Mazo,35,,32,"Pueblo Norte, Camino Judas "
228222.15958264,3167411.08036761,569,1149,CM-001,Urbanizacion,D3-D4,S4,11,Unilateral,12,1,Columna,6,Viaria con cierre vidrio plano (tipo I),VSBP,35,EM,NO,Noche entera,-,-,-,-,-,Cambio luminaria,PC Ámbar,PC Ámbar-32,EL,TGP,Villa de Mazo,35,,32,"Pueblo Norte, Camino Judas "
228222.159582642,3167421.16036762,570,1148,CM-001,Urbanizacion,D3-D4,S4,11,Unilateral,12,1,Columna,6,Viaria con cierre vidrio plano (tipo I),VSBP,35,EM,NO,Noche entera,-,-,-,-,-,Cambio luminaria,PC Ámbar,PC Ámbar-32,EL,TGP,Villa de Mazo,35,,32,"Pueblo Norte, Camino Judas "
228207.059981515,3167418.55155724,571,1147,CM-001,Urbanizacion,D3-D4,S4,11,Unilateral,12,1,Columna,6,Viaria con cierre vidrio plano (tipo I),VSBP,35,EM,NO,Noche entera,-,-,-,-,-,Cambio luminaria,PC Ámbar,PC Ámbar-32,EL,TGP,Villa de Mazo,35,,32,"Pueblo Norte, Camino Judas "
228252.619265389,3167881.66165236,572,1010,CM-001,Travesia Maximiliano Perez Diaz,D3-D4,S4,8,Unilateral,25,1,Báculo,6,Viaria con cierre vidrio plano (tipo I),VSBP,35,EM,NO,Noche entera,-,-,-,-,-,Cambio luminaria,PC Ámbar,PC Ámbar-32,EL,TGP,Villa de Mazo,35,,32,"Pueblo Norte, Camino Judas "
228227.669582642,3167907.61036761,573,1009,CM-001,Travesia Maximiliano Perez Diaz,D3-D4,S4,8,Unilateral,25,1,Báculo,6,Viaria con cierre vidrio plano (tipo I),VSBP,35,EM,NO,Noche entera,-,-,-,-,-,Cambio luminaria,PC Ámbar,PC Ámbar-32,EL,TGP,Villa de Mazo,35,,32,"Pueblo Norte, Camino Judas "
228205.27958264,3167921.24036762,574,1008,CM-001,Travesia Maximiliano Perez Diaz,D3-D4,S4,8,Unilateral,25,1,Báculo,6,Viaria con cierre vidrio plano (tipo I),VSBP,35,EM,NO,Noche entera,-,-,-,-,-,Cambio luminaria,PC Ámbar,PC Ámbar-32,EL,TGP,Villa de Mazo,35,,32,"Pueblo Norte, Camino Judas "
228178.783358865,3167939.61463335,575,1007,CM-001,Travesia Maximiliano Perez Diaz,D3-D4,S4,8,Unilateral,25,1,Báculo,6,Viaria con cierre vidrio plano (tipo I),VSBP,35,EM,NO,Noche entera,-,-,-,-,-,Cambio luminaria,PC Ámbar,PC Ámbar-32,EL,TGP,Villa de Mazo,35,,32,"Pueblo Norte, Camino Judas "
228224.840735913,3167870.80846087,576,1038,CM-001,Carretera General Mazo 2,D3-D4,S4,8,Unilateral,20,1,Báculo,8,Viaria con cierre vidrio plano (tipo I),VSBP,55,EM,NO,Noche entera,-,-,-,-,-,Cambio luminaria,PC Ámbar,PC Ámbar-32,EL,TGP,Villa de Mazo,55,,32,"Pueblo Norte, Camino Judas "
228202.19958264,3167896.24036761,577,1037,CM-001,Carretera General Mazo 2,D3-D4,S4,8,Unilateral,20,1,Báculo,8,Viaria con cierre vidrio plano (tipo I),VSBP,55,EM,NO,Noche entera,-,-,-,-,-,Cambio luminaria,PC Ámbar,PC Ámbar-32,EL,TGP,Villa de Mazo,55,,32,"Pueblo Norte, Camino Judas "
228173.229582641,3167916.68036761,578,1036,CM-001,Carretera General Mazo 2,D3-D4,S4,8,Unilateral,20,1,Báculo,8,Viaria con cierre vidrio plano (tipo I),VSBP,55,EM,NO,Noche entera,-,-,-,-,-,Cambio luminaria,PC Ámbar,PC Ámbar-32,EL,TGP,Villa de Mazo,55,,32,"Pueblo Norte, Camino Judas "
228228.48958264,3167889.38036762,579,1035,CM-001,Carretera General Mazo,D3-D4,S4,8,Unilateral,20,1,Columna,4,Artística con Reflector,VSBP,35,EM,NO,Noche entera,-,-,-,-,-,Cambio luminaria,PC Ámbar,PC Ámbar-32,EL,TGP,Villa de Mazo,35,,32,"Pueblo Norte, Camino Judas "
228209.219582641,3167904.73036762,580,1034,CM-001,Carretera General Mazo,D3-D4,S4,8,Unilateral,20,1,Columna,4,Artística con Reflector,VSBP,35,EM,NO,Noche entera,-,-,-,-,-,Cambio luminaria,PC Ámbar,PC Ámbar-32,EL,TGP,Villa de Mazo,35,,32,"Pueblo Norte, Camino Judas "
228192.446495472,3167916.3921294,581,1033,CM-001,Carretera General Mazo,D3-D4,S4,8,Unilateral,20,1,Columna,4,Artística con Reflector,VSBP,35,EM,NO,Noche entera,-,-,-,-,-,Cambio luminaria,PC Ámbar,PC Ámbar-32,EL,TGP,Villa de Mazo,35,,32,"Pueblo Norte, Camino Judas "
228162.406393208,3167953.44705563,582,1032,CM-001,Carretera General Mazo,D3-D4,S4,8,Unilateral,20,1,Columna,4,Artística con Reflector,VSBP,35,EM,NO,Noche entera,-,-,-,-,-,Cambio luminaria,PC Ámbar,PC Ámbar-32,EL,TGP,Villa de Mazo,35,,32,"Pueblo Norte, Camino Judas "
228158.909551465,3167982.37011437,583,1031,CM-001,Carretera General Mazo,D3-D4,S4,8,Unilateral,20,1,Columna,4,Artística con Reflector,VSBP,35,EM,NO,Noche entera,-,-,-,-,-,Cambio luminaria,PC Ámbar,PC Ámbar-32,EL,TGP,Villa de Mazo,35,,32,"Pueblo Norte, Camino Judas "
228170.128307144,3168018.73756572,584,1030,CM-001,Carretera General Mazo,D3-D4,S4,8,Unilateral,20,1,Columna,4,Artística con Reflector,VSBP,35,EM,NO,Noche entera,-,-,-,-,-,Cambio luminaria,PC Ámbar,PC Ámbar-32,EL,TGP,Villa de Mazo,35,,32,"Pueblo Norte, Camino Judas "
228181.766775948,3168049.16205404,585,1029,CM-001,Carretera General Mazo,D3-D4,S4,8,Unilateral,20,1,Columna,4,Artística con Reflector,VSBP,35,EM,NO,Noche entera,-,-,-,-,-,Cambio luminaria,PC Ámbar,PC Ámbar-32,EL,TGP,Villa de Mazo,35,,32,"Pueblo Norte, Camino Judas "
228190.329955181,3168083.90977645,586,1028,CM-001,Carretera General Mazo,D3-D4,S4,8,Unilateral,20,1,Columna,4,Artística con Reflector,VSBP,35,EM,NO,Noche entera,-,-,-,-,-,Cambio luminaria,PC Ámbar,PC Ámbar-32,EL,TGP,Villa de Mazo,35,,32,"Pueblo Norte, Camino Judas "
228182.079842755,3168115.27057868,587,1027,CM-001,Carretera General Mazo,D3-D4,S4,8,Unilateral,20,1,Columna,4,Artística con Reflector,VSBP,35,EM,NO,Noche entera,-,-,-,-,-,Cambio luminaria,PC Ámbar,PC Ámbar-32,EL,TGP,Villa de Mazo,35,,32,"Pueblo Norte, Camino Judas "
228154.718932717,3168132.56134224,588,1026,CM-001,Carretera General Mazo,D3-D4,S4,8,Unilateral,20,1,Columna,4,Artística con Reflector,VSBP,35,EM,NO,Noche entera,-,-,-,-,-,Cambio luminaria,PC Ámbar,PC Ámbar-32,EL,TGP,Villa de Mazo,35,,32,"Pueblo Norte, Camino Judas "
228126.455476022,3168141.49021776,589,1025,CM-001,Carretera General Mazo,D3-D4,S4,8,Unilateral,20,1,Columna,4,Artística con Reflector,VSBP,35,EM,NO,Noche entera,-,-,-,-,-,Cambio luminaria,PC Ámbar,PC Ámbar-32,EL,TGP,Villa de Mazo,35,,32,"Pueblo Norte, Camino Judas "
227990.059735394,3167865.75421024,590,1078,CM-001,Doctor Manuel Martel Sangil,B1,ME5,4,Unilateral,45,1,Brazo Simple,6,Viaria con cierre vidrio plano (tipo I),VSBP,35,EM,NO,Noche entera,-,-,-,-,-,Cambio luminaria,PC Ámbar,PC Ámbar-49,EL,TGP,Villa de Mazo,35,,49,"Pueblo Norte, Camino Judas "
227935.648772398,3167899.08854066,591,1077,CM-001,Doctor Manuel Martel Sangil,B1,ME5,4,Unilateral,45,1,Brazo Simple,6,Viaria con cierre vidrio plano (tipo I),VSBP,35,EM,NO,Noche entera,-,-,-,-,-,Cambio luminaria,PC Ámbar,PC Ámbar-49,EL,TGP,Villa de Mazo,35,,49,"Pueblo Norte, Camino Judas "
227896.46951971,3167924.11995179,592,1076,CM-001,Doctor Manuel Martel Sangil,B1,ME5,4,Unilateral,45,1,Brazo Simple,6,Viaria con cierre vidrio plano (tipo I),VSBP,35,EM,NO,Noche entera,-,-,-,-,-,Cambio luminaria,PC Ámbar,PC Ámbar-49,EL,TGP,Villa de Mazo,35,,49,"Pueblo Norte, Camino Judas "
228149.35958264,3167873.96036761,593,1064,CM-001,Doctor Manuel Martel Sangil,B1,ME5,4,Unilateral,45,1,Brazo Simple,6,Viaria con cierre vidrio plano (tipo I),VSBP,35,EM,NO,Noche entera,-,-,-,-,-,Cambio luminaria,PC Ámbar,PC Ámbar-49,EL,TGP,Villa de Mazo,35,,49,"Pueblo Norte, Camino Judas "
228119.979058908,3167928.96960742,594,1065,CM-001,Doctor Manuel Martel Sangil,B1,ME5,4,Unilateral,45,1,Brazo Simple,6,Viaria con cierre vidrio plano (tipo I),VSBP,35,EM,NO,Noche entera,-,-,-,-,-,Cambio luminaria,PC Ámbar,PC Ámbar-49,EL,TGP,Villa de Mazo,35,,49,"Pueblo Norte, Camino Judas "
228077.870784011,3167969.45360301,595,1066,CM-001,Doctor Manuel Martel Sangil,B1,ME5,4,Unilateral,45,1,Brazo Simple,6,Viaria con cierre vidrio plano (tipo I),VSBP,35,EM,NO,Noche entera,-,-,-,-,-,Cambio luminaria,PC Ámbar,PC Ámbar-49,EL,TGP,Villa de Mazo,35,,49,"Pueblo Norte, Camino Judas "
228019.152493788,3167989.6285078,596,1068,CM-001,Doctor Manuel Martel Sangil,B1,ME5,4,Unilateral,45,1,Brazo Simple,6,Viaria con cierre vidrio plano (tipo I),VSBP,35,EM,NO,Noche entera,-,-,-,-,-,Cambio luminaria,PC Ámbar,PC Ámbar-49,EL,TGP,Villa de Mazo,35,,49,"Pueblo Norte, Camino Judas "
228035.123782932,3167931.97054337,597,1067,CM-001,Doctor Manuel Martel Sangil,B1,ME5,4,Unilateral,45,1,Brazo Simple,6,Viaria con cierre vidrio plano (tipo I),VSBP,35,EM,NO,Noche entera,-,-,-,-,-,Cambio luminaria,PC Ámbar,PC Ámbar-49,EL,TGP,Villa de Mazo,35,,49,"Pueblo Norte, Camino Judas "
228032.56948264,3168046.20016761,598,1069,CM-001,Doctor Manuel Martel Sangil,B1,ME5,4,Unilateral,45,1,Brazo Simple,6,Viaria con cierre vidrio plano (tipo I),VSBP,35,EM,NO,Noche entera,-,-,-,-,-,Cambio luminaria,PC Ámbar,PC Ámbar-49,EL,TGP,Villa de Mazo,35,,49,"Pueblo Norte, Camino Judas "
228019.420405503,3168090.25045067,599,1070,CM-001,Doctor Manuel Martel Sangil,B1,ME5,4,Unilateral,45,1,Brazo Simple,6,Viaria con cierre vidrio plano (tipo I),VSBP,35,EM,NO,Noche entera,-,-,-,-,-,Cambio luminaria,PC Ámbar,PC Ámbar-49,EL,TGP,Villa de Mazo,35,,49,"Pueblo Norte, Camino Judas "
227983.579843727,3168022.26073572,600,1071,CM-001,Doctor Manuel Martel Sangil,B1,ME5,4,Unilateral,45,1,Brazo Simple,6,Viaria con cierre vidrio plano (tipo I),VSBP,35,EM,NO,Noche entera,-,-,-,-,-,Cambio luminaria,PC Ámbar,PC Ámbar-49,EL,TGP,Villa de Mazo,35,,49,"Pueblo Norte, Camino Judas "
227958.839407278,3168000.00032238,601,1072,CM-001,Doctor Manuel Martel Sangil,B1,ME5,4,Unilateral,45,1,Brazo Simple,6,Viaria con cierre vidrio plano (tipo I),VSBP,35,EM,NO,Noche entera,-,-,-,-,-,Cambio luminaria,PC Ámbar,PC Ámbar-49,EL,TGP,Villa de Mazo,35,,49,"Pueblo Norte, Camino Judas "
227916.906155939,3168023.61318452,602,1073,CM-001,Doctor Manuel Martel Sangil,B1,ME5,4,Unilateral,45,1,Brazo Simple,6,Viaria con cierre vidrio plano (tipo I),VSBP,35,EM,NO,Noche entera,-,-,-,-,-,Cambio luminaria,PC Ámbar,PC Ámbar-49,EL,TGP,Villa de Mazo,35,,49,"Pueblo Norte, Camino Judas "
227875.389575739,3168029.16081111,603,1074,CM-001,Doctor Manuel Martel Sangil,B1,ME5,4,Unilateral,45,1,Brazo Simple,6,Viaria con cierre vidrio plano (tipo I),VSBP,35,EM,NO,Noche entera,-,-,-,-,-,Cambio luminaria,PC Ámbar,PC Ámbar-49,EL,TGP,Villa de Mazo,35,,49,"Pueblo Norte, Camino Judas "
227888.708822818,3167979.53945701,604,1075,CM-001,Doctor Manuel Martel Sangil,B1,ME5,4,Unilateral,45,1,Brazo Simple,6,Viaria con cierre vidrio plano (tipo I),VSBP,35,EM,NO,Noche entera,-,-,-,-,-,Cambio luminaria,PC Ámbar,PC Ámbar-49,EL,TGP,Villa de Mazo,35,,49,"Pueblo Norte, Camino Judas "
228271.963733979,3167474.59974751,605,1024,CM-001,Travesia Maximiliano Perez Diaz,D3-D4,S4,8,Unilateral,25,1,Báculo,6,Viaria con cierre vidrio plano (tipo I),VSBP,35,EM,NO,Noche entera,-,-,-,-,-,Cambio luminaria,PC Ámbar,PC Ámbar-32,EL,TGP,Villa de Mazo,35,,32,"Pueblo Norte, Camino Judas "
228262.43958264,3167451.96036762,606,1142,CM-001,Barranco Mazo,D3-D4,S4,17,Unilateral,12,1,Columna,9,Viaria con cierre vidrio plano (tipo I),VSBP,35,EM,NO,Noche entera,-,-,-,-,-,Cambio luminaria,PC Ámbar,PC Ámbar-49,EL,TGP,Villa de Mazo,35,,49,"Pueblo Norte, Camino Judas "
228244.879582641,3167445.96036762,607,1143,CM-001,Barranco Mazo,D3-D4,S4,17,Unilateral,12,1,Columna,9,Viaria con cierre vidrio plano (tipo I),VSBP,35,EM,NO,Noche entera,-,-,-,-,-,Cambio luminaria,PC Ámbar,PC Ámbar-49,EL,TGP,Villa de Mazo,35,,49,"Pueblo Norte, Camino Judas "
228238.559582641,3167424.90036762,608,1144,CM-001,Barranco Mazo,D3-D4,S4,17,Unilateral,12,1,Columna,9,Viaria con cierre vidrio plano (tipo I),VSBP,35,EM,NO,Noche entera,-,-,-,-,-,Cambio luminaria,PC Ámbar,PC Ámbar-49,EL,TGP,Villa de Mazo,35,,49,"Pueblo Norte, Camino Judas "
228245.359582641,3167403.88036762,609,1145,CM-001,Barranco Mazo,D3-D4,S4,17,Unilateral,12,1,Columna,9,Viaria con cierre vidrio plano (tipo I),VSBP,35,EM,NO,Noche entera,-,-,-,-,-,Cambio luminaria,PC Ámbar,PC Ámbar-49,EL,TGP,Villa de Mazo,35,,49,"Pueblo Norte, Camino Judas "
228244.47958264,3167386.40036761,610,1146,CM-001,Barranco Mazo,D3-D4,S4,17,Unilateral,12,1,Columna,9,Viaria con cierre vidrio plano (tipo I),VSBP,35,EM,NO,Noche entera,-,-,-,-,-,Cambio luminaria,PC Ámbar,PC Ámbar-49,EL,TGP,Villa de Mazo,35,,49,"Pueblo Norte, Camino Judas "
228270.759582642,3167424.48036762,611,1156,CM-001,Urbanizacion,D3-D4,S4,11,Unilateral,12,1,Columna,6,Viaria con cierre vidrio plano (tipo I),VSBP,35,EM,NO,Noche entera,-,-,-,-,-,Cambio luminaria,PC Ámbar,PC Ámbar-32,EL,TGP,Villa de Mazo,35,,32,"Pueblo Norte, Camino Judas "
228273.209582642,3167390.20036762,612,1155,CM-001,Urbanizacion,D3-D4,S4,11,Unilateral,12,1,Columna,6,Viaria con cierre vidrio plano (tipo I),VSBP,35,EM,NO,Noche entera,-,-,-,-,-,Cambio luminaria,PC Ámbar,PC Ámbar-32,EL,TGP,Villa de Mazo,35,,32,"Pueblo Norte, Camino Judas "
210160.54971549,3182827.16447982,1127,1001,CM-001,Tinizara,B1,ME5,4,Unilateral,40,1,Brazo,5,Viaria con cierre vidrio plano (tipo I),VSBP,35,EM,NO,Noche entera,-,-,-,-,-,Cambio equipo,Viaria con cierre vidrio plano (tipo I),VSBP-35,EL,NO,Tijarafe,35,,35,TINAZARA 
210111.949776206,3182878.57189302,1128,1002,CM-001,Tinizara,B1,ME5,4,Unilateral,40,1,Brazo,5,Viaria con cierre vidrio plano (tipo I),VSBP,35,EM,NO,Noche entera,-,-,-,-,-,Cambio equipo,Viaria con cierre vidrio plano (tipo I),VSBP-35,EL,NO,Tijarafe,35,,35,TINAZARA 
210080.807924428,3182928.56497397,1129,1003,CM-001,Tinizara,B1,ME5,4,Unilateral,40,1,Brazo,5,Viaria con cierre vidrio plano (tipo I),VSBP,35,EM,NO,Noche entera,-,-,-,-,-,Cambio equipo,Viaria con cierre vidrio plano (tipo I),VSBP-35,EL,NO,Tijarafe,35,,35,TINAZARA 
210079.873847311,3182960.73339551,1130,1004,CM-001,Tinizara,B1,ME5,4,Unilateral,40,1,Brazo,5,Viaria con cierre vidrio plano (tipo I),VSBP,35,EM,NO,Noche entera,-,-,-,-,-,Cambio equipo,Viaria con cierre vidrio plano (tipo I),VSBP-35,EL,NO,Tijarafe,35,,35,TINAZARA 
210083.648170545,3183006.0102492,1131,1005,CM-001,Tinizara,B1,ME5,4,Unilateral,40,1,Brazo,5,Viaria con cierre vidrio plano (tipo I),VSBP,35,EM,NO,Noche entera,-,-,-,-,-,Cambio equipo,Viaria con cierre vidrio plano (tipo I),VSBP-35,EL,NO,Tijarafe,35,,35,TINAZARA 
210152.369558415,3183021.03464867,1132,1035,CM-001,Tinizara carretera general,B1,ME5,7,Unilateral,25,1,Brazo,5,Viaria con cierre vidrio plano (tipo I),VSBP,35,EM,NO,Noche entera,-,-,-,-,-,Cambio equipo,Viaria con cierre vidrio plano (tipo I),VSBP-35,EL,NO,Tijarafe,35,,35,TINAZARA 
210198.762313816,3183046.51674618,1133,1034,CM-001,Tinizara carretera general,B1,ME5,7,Unilateral,25,1,Brazo,5,Viaria con cierre vidrio plano (tipo I),VSBP,35,EM,NO,Noche entera,-,-,-,-,-,Cambio equipo,Viaria con cierre vidrio plano (tipo I),VSBP-35,EL,NO,Tijarafe,35,,35,TINAZARA 
210239.736801289,3183056.38223613,1134,1033,CM-001,Tinizara carretera general,B1,ME5,7,Unilateral,25,1,Brazo,5,Viaria con cierre vidrio plano (tipo I),VSBP,35,EM,NO,Noche entera,-,-,-,-,-,Cambio equipo,Viaria con cierre vidrio plano (tipo I),VSBP-35,EL,NO,Tijarafe,35,,35,TINAZARA 
210251.401128075,3183075.21552507,1135,1032,CM-001,Tinizara carretera general,B1,ME5,7,Unilateral,25,1,Brazo,5,Viaria con cierre vidrio plano (tipo I),VSBP,35,EM,NO,Noche entera,-,-,-,-,-,Cambio equipo,Viaria con cierre vidrio plano (tipo I),VSBP-35,EL,NO,Tijarafe,35,,35,TINAZARA 
210300.301306433,3183068.32393797,1136,1037,CM-001,Tinizara carretera general,B1,ME5,7,Unilateral,25,1,Brazo,5,Viaria con cierre vidrio plano (tipo I),VSBP,35,EM,NO,Noche entera,-,-,-,-,-,Cambio equipo,Viaria con cierre vidrio plano (tipo I),VSBP-35,EL,NO,Tijarafe,35,,35,TINAZARA 
210315.380409719,3183038.39022302,1137,1036,CM-001,Tinizara carretera general,B1,ME5,7,Unilateral,25,1,Brazo,5,Viaria con cierre vidrio plano (tipo I),VSBP,35,EM,NO,Noche entera,-,-,-,-,-,Cambio equipo,Viaria con cierre vidrio plano (tipo I),VSBP-35,EL,NO,Tijarafe,35,,35,TINAZARA 
210346.637881264,3183080.33959881,1138,1038,CM-001,Tinizara carretera general,B1,ME5,7,Unilateral,25,1,Brazo,5,Viaria con cierre vidrio plano (tipo I),VSBP,35,EM,NO,Noche entera,-,-,-,-,-,Cambio equipo,Viaria con cierre vidrio plano (tipo I),VSBP-35,EL,NO,Tijarafe,35,,35,TINAZARA 
210381.820481775,3183090.10218926,1139,1039,CM-001,Tinizara carretera general,B1,ME5,7,Unilateral,25,1,Brazo,5,Viaria con cierre vidrio plano (tipo I),VSBP,35,EM,NO,Noche entera,-,-,-,-,-,Cambio equipo,Viaria con cierre vidrio plano (tipo I),VSBP-35,EL,NO,Tijarafe,35,,35,TINAZARA 
210415.629573693,3183109.25221573,1140,1040,CM-001,Tinizara carretera general,B1,ME5,7,Unilateral,25,1,Brazo,5,Viaria con cierre vidrio plano (tipo I),VSBP,35,EM,NO,Noche entera,-,-,-,-,-,Cambio equipo,Viaria con cierre vidrio plano (tipo I),VSBP-35,EL,NO,Tijarafe,35,,35,TINAZARA 
210467.470853669,3183107.75052609,1141,1041,CM-001,Tinizara carretera general,B1,ME5,7,Unilateral,25,1,Brazo,5,Viaria con cierre vidrio plano (tipo I),VSBP,35,EM,NO,Noche entera,-,-,-,-,-,Cambio equipo,Viaria con cierre vidrio plano (tipo I),VSBP-35,EL,NO,Tijarafe,35,,35,TINAZARA 
210465.217121091,3183147.92795903,1142,1042,CM-001,Tinizara carretera general,B1,ME5,7,Unilateral,25,1,Brazo,5,Viaria con cierre vidrio plano (tipo I),VSBP,35,EM,NO,Noche entera,-,-,-,-,-,Cambio equipo,Viaria con cierre vidrio plano (tipo I),VSBP-35,EL,NO,Tijarafe,35,,35,TINAZARA 
210459.957894534,3183198.99451763,1143,1043,CM-001,Tinizara carretera general,B1,ME5,7,Unilateral,25,1,Brazo,5,Viaria con cierre vidrio plano (tipo I),VSBP,35,EM,NO,Noche entera,-,-,-,-,-,Cambio equipo,Viaria con cierre vidrio plano (tipo I),VSBP-35,EL,NO,Tijarafe,35,,35,TINAZARA 
210241.232565976,3183170.37934459,1144,1031,CM-001,Tinizara carretera general,B1,ME5,7,Unilateral,25,1,Brazo,5,Viaria con cierre vidrio plano (tipo I),VSBP,35,EM,NO,Noche entera,-,-,-,-,-,Cambio equipo,Viaria con cierre vidrio plano (tipo I),VSBP-35,EL,NO,Tijarafe,35,,35,TINAZARA 
210240.636742699,3183236.51424932,1145,1030,CM-001,Tinizara carretera general,B1,ME5,7,Unilateral,25,1,Brazo,5,Viaria con cierre vidrio plano (tipo I),VSBP,35,EM,NO,Noche entera,-,-,-,-,-,Cambio equipo,Viaria con cierre vidrio plano (tipo I),VSBP-35,EL,NO,Tijarafe,35,,35,TINAZARA 
210217.896930099,3183294.63531923,1146,1026,CM-001,Tinizara,B1,ME5,4,Unilateral,40,1,Brazo,5,Viaria con cierre vidrio plano (tipo I),VSBP,35,EM,NO,Noche entera,-,-,-,-,-,Cambio equipo,Viaria con cierre vidrio plano (tipo I),VSBP-35,EL,NO,Tijarafe,35,,35,TINAZARA 
210264.863010241,3183301.08690377,1147,1027,CM-001,Tinizara,B1,ME5,4,Unilateral,40,1,Brazo,5,Viaria con cierre vidrio plano (tipo I),VSBP,35,EM,NO,Noche entera,-,-,-,-,-,Cambio equipo,Viaria con cierre vidrio plano (tipo I),VSBP-35,EL,NO,Tijarafe,35,,35,TINAZARA 
210231.65439647,3183338.28185889,1148,1025,CM-001,Tinizara,B1,ME5,4,Unilateral,40,1,Brazo,5,Viaria con cierre vidrio plano (tipo I),VSBP,35,EM,NO,Noche entera,-,-,-,-,-,Cambio equipo,Viaria con cierre vidrio plano (tipo I),VSBP-35,EL,NO,Tijarafe,35,,35,TINAZARA 
210250.197844346,3183372.95952772,1149,1024,CM-001,Tinizara,B1,ME5,4,Unilateral,40,1,Brazo,5,Viaria con cierre vidrio plano (tipo I),VSBP,35,EM,NO,Noche entera,-,-,-,-,-,Cambio equipo,Viaria con cierre vidrio plano (tipo I),VSBP-35,EL,NO,Tijarafe,35,,35,TINAZARA 
210250.197844346,3183416.68056233,1150,1023,CM-001,Tinizara,B1,ME5,4,Unilateral,40,1,Brazo,5,Viaria con cierre vidrio plano (tipo I),VSBP,35,EM,NO,Noche entera,-,-,-,-,-,Cambio equipo,Viaria con cierre vidrio plano (tipo I),VSBP-35,EL,NO,Tijarafe,35,,35,TINAZARA 
210255.821000469,3183463.50035005,1151,1022,CM-001,Tinizara,B1,ME5,4,Unilateral,40,1,Brazo,5,Viaria con cierre vidrio plano (tipo I),VSBP,35,EM,NO,Noche entera,-,-,-,-,-,Cambio equipo,Viaria con cierre vidrio plano (tipo I),VSBP-35,EL,NO,Tijarafe,35,,35,TINAZARA 
210275.979614067,3183494.60121183,1152,1021,CM-001,Tinizara,B1,ME5,4,Unilateral,40,1,Brazo,5,Viaria con cierre vidrio plano (tipo I),VSBP,35,EM,NO,Noche entera,-,-,-,-,-,Cambio equipo,Viaria con cierre vidrio plano (tipo I),VSBP-35,EL,NO,Tijarafe,35,,35,TINAZARA 
210309.071080291,3183537.39507904,1153,1049,CM-001,Asaderos,E1-E2,S4,0,Otra,0,1,Columna,4,Artística con Reflector,VSBP,35,EM,NO,Noche entera,-,-,-,-,-,Cambio luminaria,PC Ámbar,PC Ámbar-32,EL,DP,Tijarafe,35,,32,TINAZARA 
210181.763506752,3183278.05188508,1154,1028,CM-001,Tinizara,B1,ME5,4,Unilateral,40,1,Brazo,5,Viaria con cierre vidrio plano (tipo I),VSBP,35,EM,NO,Noche entera,-,-,-,-,-,Cambio equipo,Viaria con cierre vidrio plano (tipo I),VSBP-35,EL,NO,Tijarafe,35,,35,TINAZARA 
210125.354248318,3183264.19073675,1155,1029,CM-001,Tinizara,B1,ME5,4,Unilateral,40,1,Brazo,5,Viaria con cierre vidrio plano (tipo I),VSBP,35,EM,NO,Noche entera,-,-,-,-,-,Cambio equipo,Viaria con cierre vidrio plano (tipo I),VSBP-35,EL,NO,Tijarafe,35,,35,TINAZARA 
210091.218539733,3183254.33730093,1156,1010,CM-001,Tinizara,B1,ME5,4,Unilateral,40,1,Brazo,5,Viaria con cierre vidrio plano (tipo I),VSBP,35,EM,NO,Noche entera,-,-,-,-,-,Cambio equipo,Viaria con cierre vidrio plano (tipo I),VSBP-35,EL,NO,Tijarafe,35,,35,TINAZARA 
210090.734433323,3183212.68175948,1157,1009,CM-001,Tinizara,B1,ME5,4,Unilateral,40,1,Brazo,5,Viaria con cierre vidrio plano (tipo I),VSBP,35,EM,NO,Noche entera,-,-,-,-,-,Cambio equipo,Viaria con cierre vidrio plano (tipo I),VSBP-35,EL,NO,Tijarafe,35,,35,TINAZARA 
210087.903496943,3183158.44460992,1158,1008,CM-001,Tinizara,B1,ME5,4,Unilateral,40,1,Brazo,5,Viaria con cierre vidrio plano (tipo I),VSBP,35,EM,NO,Noche entera,-,-,-,-,-,Cambio equipo,Viaria con cierre vidrio plano (tipo I),VSBP-35,EL,NO,Tijarafe,35,,35,TINAZARA 
210084.600867139,3183103.26367896,1159,1007,CM-001,Tinizara,B1,ME5,4,Unilateral,40,1,Brazo,5,Viaria con cierre vidrio plano (tipo I),VSBP,35,EM,NO,Noche entera,-,-,-,-,-,Cambio equipo,Viaria con cierre vidrio plano (tipo I),VSBP-35,EL,NO,Tijarafe,35,,35,TINAZARA 
210084.120639784,3183054.58846197,1160,1006,CM-001,Tinizara,B1,ME5,4,Unilateral,40,1,Brazo,5,Viaria con cierre vidrio plano (tipo I),VSBP,35,EM,NO,Noche entera,-,-,-,-,-,Cambio equipo,Viaria con cierre vidrio plano (tipo I),VSBP-35,EL,NO,Tijarafe,35,,35,TINAZARA 
210002.592930513,3183147.48420492,1161,1015,CM-001,Tinizara,B1,ME5,4,Unilateral,40,1,Brazo,5,Viaria con cierre vidrio plano (tipo I),VSBP,35,EM,NO,Noche entera,-,-,-,-,-,Cambio equipo,Viaria con cierre vidrio plano (tipo I),VSBP-35,EL,NO,Tijarafe,35,,35,TINAZARA 
210041.167832836,3183181.99519799,1162,1016,CM-001,Tinizara,B1,ME5,4,Unilateral,40,1,Brazo,5,Viaria con cierre vidrio plano (tipo I),VSBP,35,EM,NO,Noche entera,-,-,-,-,-,Cambio equipo,Viaria con cierre vidrio plano (tipo I),VSBP-35,EL,NO,Tijarafe,35,,35,TINAZARA 
210032.834065071,3183226.97835934,1163,1017,CM-001,Tinizara,B1,ME5,4,Unilateral,40,1,Brazo,5,Viaria con cierre vidrio plano (tipo I),VSBP,35,EM,NO,Noche entera,-,-,-,-,-,Cambio equipo,Viaria con cierre vidrio plano (tipo I),VSBP-35,EL,NO,Tijarafe,35,,35,TINAZARA 
210030.023299795,3183277.36749619,1164,1018,CM-001,Tinizara,B1,ME5,4,Unilateral,40,1,Brazo,5,Viaria con cierre vidrio plano (tipo I),VSBP,35,EM,NO,Noche entera,-,-,-,-,-,Cambio equipo,Viaria con cierre vidrio plano (tipo I),VSBP-35,EL,NO,Tijarafe,35,,35,TINAZARA 
210091.218539733,3183309.1854163,1165,1011,CM-001,Tinizara,B1,ME5,4,Unilateral,40,1,Brazo,5,Viaria con cierre vidrio plano (tipo I),VSBP,35,EM,NO,Noche entera,-,-,-,-,-,Cambio equipo,Viaria con cierre vidrio plano (tipo I),VSBP-35,EL,NO,Tijarafe,35,,35,TINAZARA 
210083.742819554,3183343.62941749,1166,1019,CM-001,Tinizara,B1,ME5,4,Unilateral,40,1,Brazo,5,Viaria con cierre vidrio plano (tipo I),VSBP,35,EM,NO,Noche entera,-,-,-,-,-,Cambio equipo,Viaria con cierre vidrio plano (tipo I),VSBP-35,EL,NO,Tijarafe,35,,35,TINAZARA 
210094.552202003,3183382.42199462,1167,1012,CM-001,Tinizara,B1,ME5,4,Unilateral,40,1,Brazo,5,Viaria con cierre vidrio plano (tipo I),VSBP,35,EM,NO,Noche entera,-,-,-,-,-,Cambio equipo,Viaria con cierre vidrio plano (tipo I),VSBP-35,EL,NO,Tijarafe,35,,35,TINAZARA 
210152.106558298,3183438.49257753,1168,1013,CM-001,Tinizara,B1,ME5,4,Unilateral,40,1,Brazo,5,Viaria con cierre vidrio plano (tipo I),VSBP,35,EM,NO,Noche entera,-,-,-,-,-,Cambio equipo,Viaria con cierre vidrio plano (tipo I),VSBP-35,EL,NO,Tijarafe,35,,35,TINAZARA 
210203.912926753,3183478.85222835,1169,1014,CM-001,Tinizara,B1,ME5,4,Unilateral,40,1,Brazo,5,Viaria con cierre vidrio plano (tipo I),VSBP,35,EM,NO,Noche entera,-,-,-,-,-,Cambio equipo,Viaria con cierre vidrio plano (tipo I),VSBP-35,EL,NO,Tijarafe,35,,35,TINAZARA 
210275.007327236,3183549.77641393,1170,1047,CM-001,Asaderos,E1-E2,S4,0,Otra,0,1,Columna,4,Artística con Reflector,VSBP,35,EM,NO,Noche entera,-,-,-,-,-,Cambio luminaria,PC Ámbar,PC Ámbar-32,EL,DP,Tijarafe,35,,32,TINAZARA 
210293.203211537,3183572.16134355,1171,1048,CM-001,Asaderos,E1-E2,S4,0,Otra,0,1,Columna,4,Artística con Reflector,VSBP,35,EM,NO,Noche entera,-,-,-,-,-,Cambio luminaria,PC Ámbar,PC Ámbar-32,EL,DP,Tijarafe,35,,32,TINAZARA 
210332.861146793,3183562.83446819,1172,1020,CM-001,Tinizara,B1,ME5,4,Unilateral,40,1,Brazo,5,Viaria con cierre vidrio plano (tipo I),VSBP,35,EM,NO,Noche entera,-,-,-,-,-,Cambio equipo,Viaria con cierre vidrio plano (tipo I),VSBP-35,EL,NO,Tijarafe,35,,35,TINAZARA 
210105.221182407,3183212.02244094,1173,1050,CM-001,Asaderos,E1-E2,S4,0,Otra,0,1,Columna,4,Artística con Reflector,VSBP,35,EM,NO,Hasta 24:00,-,-,-,-,-,Cambio equipo,Artística con Reflector,VSBP-35,EL,NO,Tijarafe,35,,35,TINAZARA 
210104.010140563,3183201.61726452,1174,1051,CM-001,Asaderos,E1-E2,S4,0,Otra,0,1,Columna,4,Artística con Reflector,VSBP,35,EM,NO,Hasta 24:00,-,-,-,-,-,Cambio equipo,Artística con Reflector,VSBP-35,EL,NO,Tijarafe,35,,35,TINAZARA 
210047.298689766,3183315.13973604,1175,1046,CM-001,Tinizara,B1,ME5,4,Unilateral,40,1,Brazo,5,Viaria con cierre vidrio plano (tipo I),VSBP,35,EM,NO,Hasta 24:00,-,-,-,-,-,Cambio luminaria,PC Ámbar,PC Ámbar-80,EL,DP,Tijarafe,35,,80,TINAZARA 
210022.921328411,3183166.57297961,1176,1045,CM-001,Tinizara,B1,ME5,4,Unilateral,40,1,Brazo,5,Viaria con cierre vidrio plano (tipo I),VSBP,35,EM,NO,Hasta 24:00,-,-,-,-,-,Cambio luminaria,PC Ámbar,PC Ámbar-80,EL,DP,Tijarafe,35,,80,TINAZARA 
210242.647581519,3183124.42526322,1177,1044,CM-001,Tinizara,B1,ME5,4,Unilateral,40,1,Brazo,5,Viaria con cierre vidrio plano (tipo I),VSBP,35,EM,NO,Hasta 24:00,-,-,-,-,-,Cambio luminaria,PC Ámbar,PC Ámbar-80,EL,DP,Tijarafe,35,,80,TINAZARA 
214084.828740057,3169819.534521,1756,1027,CM-001,La costa,B1,ME5,4,Unilateral,28,1,Brazo,6.0,Viaria con cierre vidrio plano (tipo I),VSBP,35,EM,NO,Noche entera,-,-,-,-,-,Cambio luminaria,PC Ámbar,PC Ámbar-32,EL,DP,Tazacorte,35,,32,CARRETERA LA COSTA
214028.200499999,3169812.5004,1757,1029,CM-001,La costa,B1,ME5,4,Unilateral,28,1,Brazo,6.0,Viaria con cierre vidrio plano (tipo I),VSBP,35,EM,NO,Noche entera,-,-,-,-,-,Cambio luminaria,PC Ámbar,PC Ámbar-32,EL,DP,Tazacorte,35,,32,CARRETERA LA COSTA
214057.231208648,3169819.534521,1758,1028,CM-001,La costa,B1,ME5,4,Unilateral,28,1,Brazo,6.0,Viaria con cierre vidrio plano (tipo I),VSBP,35,EM,NO,Noche entera,-,-,-,-,-,Cambio luminaria,PC Ámbar,PC Ámbar-32,EL,DP,Tazacorte,35,,32,CARRETERA LA COSTA
213996.285407516,3169814.00468454,1759,1030,CM-001,La costa,B1,ME5,4,Unilateral,28,1,Brazo,6.0,Viaria con cierre vidrio plano (tipo I),VSBP,35,EM,NO,Noche entera,-,-,-,-,-,Cambio luminaria,PC Ámbar,PC Ámbar-32,EL,DP,Tazacorte,35,,32,CARRETERA LA COSTA
213969.57888113,3169814.00468454,1760,1031,CM-001,La costa,B1,ME5,4,Unilateral,28,1,Brazo,6.0,Viaria con cierre vidrio plano (tipo I),VSBP,35,EM,NO,Noche entera,-,-,-,-,-,Cambio luminaria,PC Ámbar,PC Ámbar-32,EL,DP,Tazacorte,35,,32,CARRETERA LA COSTA
213943.214656684,3169814.68870158,1761,1032,CM-001,La costa,B1,ME5,4,Unilateral,28,1,Brazo,6.0,Viaria con cierre vidrio plano (tipo I),VSBP,35,EM,NO,Noche entera,-,-,-,-,-,Cambio luminaria,PC Ámbar,PC Ámbar-32,EL,DP,Tazacorte,35,,32,CARRETERA LA COSTA
213916.508130297,3169815.03069666,1762,1033,CM-001,La costa,B1,ME5,4,Unilateral,28,1,Brazo,6.0,Viaria con cierre vidrio plano (tipo I),VSBP,35,EM,NO,Noche entera,-,-,-,-,-,Cambio luminaria,PC Ámbar,PC Ámbar-32,EL,DP,Tazacorte,35,,32,CARRETERA LA COSTA
213886.035229731,3169814.34667963,1763,1026,CM-001,La costa,B1,ME5,4,Unilateral,28,1,Brazo,6.0,Viaria con cierre vidrio plano (tipo I),VSBP,35,EM,NO,Noche entera,-,-,-,-,-,Cambio luminaria,PC Ámbar,PC Ámbar-32,EL,DP,Tazacorte,35,,32,CARRETERA LA COSTA
214364.499871934,3169007.89038771,1764,1025,CM-001,Carretera General La Costa,B2,ME5,4,Otra,0,1,Brazo,6.0,Viaria con cierre vidrio plano (tipo I),VSBP,35,EM,NO,Noche entera,-,-,-,-,-,Cambio luminaria,PC Ámbar,PC Ámbar-49,EL,DP,Tazacorte,35,,49,CARRETERA LA COSTA
214548.199828093,3168869.99977865,1765,1024,CM-001,Carretera General La Costa,B2,ME5,4,Otra,0,1,Brazo,6.0,Viaria con cierre vidrio plano (tipo I),VSBP,35,EM,NO,Noche entera,-,-,-,-,-,Cambio luminaria,PC Ámbar,PC Ámbar-49,EL,DP,Tazacorte,35,,49,CARRETERA LA COSTA
214556.00017463,3168847.28857007,1766,1023,CM-001,Carretera General La Costa,B2,ME5,4,Otra,0,1,Brazo,6.0,Viaria con cierre vidrio plano (tipo I),VSBP,35,EM,NO,Noche entera,-,-,-,-,-,Cambio luminaria,PC Ámbar,PC Ámbar-49,EL,DP,Tazacorte,35,,49,CARRETERA LA COSTA
214564.198827131,3168818.10386879,1767,1022,CM-001,Carretera General La Costa,B2,ME5,4,Otra,0,1,Brazo,6.0,Viaria con cierre vidrio plano (tipo I),VSBP,35,EM,NO,Noche entera,-,-,-,-,-,Cambio luminaria,PC Ámbar,PC Ámbar-49,EL,DP,Tazacorte,35,,49,CARRETERA LA COSTA
214842.700193956,3168532.99978546,1768,1021,CM-001,Carretera General La Costa,B2,ME5,4,Otra,0,1,Brazo,6.0,Viaria con cierre vidrio plano (tipo I),VSBP,35,EM,NO,Noche entera,-,-,-,-,-,Cambio luminaria,PC Ámbar,PC Ámbar-49,EL,DP,Tazacorte,35,,49,CARRETERA LA COSTA
214860.700200001,3168555.5998,1769,1001,CM-001,El Pampillo,B1,ME5,6,Unilateral,67,1,Brazo,6.0,Viaria con cierre vidrio plano (tipo I),VSBP,35,EM,NO,Noche entera,-,-,-,-,-,Cambio equipo,Viaria con cierre vidrio plano (tipo I),VSBP-35,EL,NO,Tazacorte,35,,35,CARRETERA LA COSTA
214888.234144745,3168501.56701137,1770,1002,CM-001,El Pampillo,B1,ME5,6,Unilateral,67,1,Brazo,6.0,Viaria con cierre vidrio plano (tipo I),VSBP,35,EM,NO,Noche entera,-,-,-,-,-,Cambio equipo,Viaria con cierre vidrio plano (tipo I),VSBP-35,EL,NO,Tazacorte,35,,35,CARRETERA LA COSTA
214906.790375673,3168532.10003658,1771,1003,CM-001,El Pampillo,B1,ME5,6,Unilateral,67,1,Brazo,6.0,Viaria con cierre vidrio plano (tipo I),VSBP,35,EM,NO,Noche entera,-,-,-,-,-,Cambio equipo,Viaria con cierre vidrio plano (tipo I),VSBP-35,EL,NO,Tazacorte,35,,35,CARRETERA LA COSTA
214958.290449974,3168545.78996672,1772,1004,CM-001,El Pampillo,B1,ME5,6,Unilateral,67,1,Brazo,6.0,Viaria con cierre vidrio plano (tipo I),VSBP,35,EM,NO,Noche entera,-,-,-,-,-,Cambio equipo,Viaria con cierre vidrio plano (tipo I),VSBP-35,EL,NO,Tazacorte,35,,35,CARRETERA LA COSTA
214937.000452509,3168483.38939522,1773,1006,CM-001,El Pampillo,B1,ME5,6,Unilateral,67,1,Brazo,6.0,Viaria con cierre vidrio plano (tipo I),VSBP,35,EM,NO,Noche entera,-,-,-,-,-,Cambio equipo,Viaria con cierre vidrio plano (tipo I),VSBP-35,EL,NO,Tazacorte,35,,35,CARRETERA LA COSTA
214932.000259689,3168508.8900757,1774,1007,CM-001,El Pampillo,B1,ME5,6,Unilateral,67,1,Brazo,6.0,Viaria con cierre vidrio plano (tipo I),VSBP,35,EM,NO,Noche entera,-,-,-,-,-,Cambio equipo,Viaria con cierre vidrio plano (tipo I),VSBP-35,EL,NO,Tazacorte,35,,35,CARRETERA LA COSTA
214974.200300001,3168517.0001,1775,1008,CM-001,El Pampillo,B1,ME5,6,Unilateral,67,1,Brazo,6.0,Viaria con cierre vidrio plano (tipo I),VSBP,35,EM,NO,Noche entera,-,-,-,-,-,Cambio equipo,Viaria con cierre vidrio plano (tipo I),VSBP-35,EL,NO,Tazacorte,35,,35,CARRETERA LA COSTA
214900.390442559,3168469.1997234,1776,1005,CM-001,El Pampillo,B1,ME5,6,Unilateral,67,1,Brazo,6.0,Viaria con cierre vidrio plano (tipo I),VSBP,35,EM,NO,Noche entera,-,-,-,-,-,Cambio equipo,Viaria con cierre vidrio plano (tipo I),VSBP-35,EL,NO,Tazacorte,35,,35,CARRETERA LA COSTA
214948.199031365,3168441.88997435,1777,1009,CM-001,El Pampillo,B1,ME5,6,Unilateral,67,1,Brazo,6.0,Viaria con cierre vidrio plano (tipo I),VSBP,35,EM,NO,Noche entera,-,-,-,-,-,Cambio equipo,Viaria con cierre vidrio plano (tipo I),VSBP-35,EL,NO,Tazacorte,35,,35,CARRETERA LA COSTA
215001.600462402,3168454.599581,1778,1010,CM-001,El Pampillo,B1,ME5,6,Unilateral,67,1,Brazo,6.0,Viaria con cierre vidrio plano (tipo I),VSBP,35,EM,NO,Noche entera,-,-,-,-,-,Cambio equipo,Viaria con cierre vidrio plano (tipo I),VSBP-35,EL,NO,Tazacorte,35,,35,CARRETERA LA COSTA
215076.289886518,3168540.8900389,1779,1011,CM-001,El Pampillo,B1,ME5,6,Unilateral,67,1,Brazo,6.0,Viaria con cierre vidrio plano (tipo I),VSBP,35,EM,NO,Noche entera,-,-,-,-,-,Cambio equipo,Viaria con cierre vidrio plano (tipo I),VSBP-35,EL,NO,Tazacorte,35,,35,CARRETERA LA COSTA
215146.53279566,3168553.14258336,1780,1012,CM-001,El Pampillo,B1,ME5,6,Unilateral,67,1,Brazo,6.0,Viaria con cierre vidrio plano (tipo I),VSBP,35,EM,NO,Noche entera,-,-,-,-,-,Cambio equipo,Viaria con cierre vidrio plano (tipo I),VSBP-35,EL,NO,Tazacorte,35,,35,CARRETERA LA COSTA
215228.689535159,3168590.42239382,1781,1013,CM-001,El Pampillo,B1,ME5,6,Unilateral,67,1,Brazo,6.0,Viaria con cierre vidrio plano (tipo I),VSBP,35,EM,NO,Noche entera,-,-,-,-,-,Cambio equipo,Viaria con cierre vidrio plano (tipo I),VSBP-35,EL,NO,Tazacorte,35,,35,CARRETERA LA COSTA
215280.294395186,3168614.20064101,1782,1014,CM-001,El Pampillo,B1,ME5,6,Unilateral,67,1,Brazo,6.0,Viaria con cierre vidrio plano (tipo I),VSBP,35,EM,NO,Noche entera,-,-,-,-,-,Cambio equipo,Viaria con cierre vidrio plano (tipo I),VSBP-35,EL,NO,Tazacorte,35,,35,CARRETERA LA COSTA
215325.50000843,3168620.00023489,1783,1015,CM-001,El Pampillo,B1,ME5,6,Unilateral,67,1,Brazo,6.0,Viaria con cierre vidrio plano (tipo I),VSBP,35,EM,NO,Noche entera,-,-,-,-,-,Cambio equipo,Viaria con cierre vidrio plano (tipo I),VSBP-35,EL,NO,Tazacorte,35,,35,CARRETERA LA COSTA
215371.719172915,3168635.44008336,1784,1016,CM-001,El Pampillo,B1,ME5,6,Unilateral,67,1,Brazo,6.0,Viaria con cierre vidrio plano (tipo I),VSBP,35,EM,NO,Noche entera,-,-,-,-,-,Cambio equipo,Viaria con cierre vidrio plano (tipo I),VSBP-35,EL,NO,Tazacorte,35,,35,CARRETERA LA COSTA
214830.635070064,3168503.13869997,1785,1020,CM-001,Carretera General La Costa,B2,ME5,4,Otra,0,1,Brazo,6.0,Viaria con cierre vidrio plano (tipo I),VSBP,35,EM,NO,Noche entera,-,-,-,-,-,Cambio luminaria,PC Ámbar,PC Ámbar-49,EL,DP,Tazacorte,35,,49,CARRETERA LA COSTA
214797.25319522,3168499.8042546,1786,1019,CM-001,Carretera General La Costa,B2,ME5,4,Otra,0,1,Brazo,6.0,Viaria con cierre vidrio plano (tipo I),VSBP,35,EM,NO,Noche entera,-,-,-,-,-,Cambio luminaria,PC Ámbar,PC Ámbar-49,EL,DP,Tazacorte,35,,49,CARRETERA LA COSTA
214764.056684575,3168498.87803917,1787,1018,CM-001,Carretera General La Costa,B2,ME5,4,Otra,0,1,Brazo,6.0,Viaria con cierre vidrio plano (tipo I),VSBP,35,EM,NO,Noche entera,-,-,-,-,-,Cambio luminaria,PC Ámbar,PC Ámbar-49,EL,DP,Tazacorte,35,,49,CARRETERA LA COSTA
214739.205708445,3168493.50588762,1788,1017,CM-001,Carretera General La Costa,B2,ME5,4,Otra,0,1,Brazo,6.0,Viaria con cierre vidrio plano (tipo I),VSBP,35,EM,NO,Noche entera,-,-,-,-,-,Cambio luminaria,PC Ámbar,PC Ámbar-49,EL,DP,Tazacorte,35,,49,CARRETERA LA COSTA
229880.614456444,3176349.78052697,2576,1001,CM-001,C/ el pilar (callejon),D3-D4,S4,8,Unilateral,25,1,Brazo,8,Viaria cierre policarbonato-metacrilato,VM,125,EM,NO,Noche entera,-,-,-,-,-,Cambio luminaria,PC Ámbar,PC Ámbar-32,EL,DP,Santa Cruz de La Palma,125,,32,C/ El Pilar 
229902.403,3176384.666,2577,1003,CM-001,C/ el pilar (callejon),D3-D4,S4,8,Unilateral,25,1,Brazo,8,Viaria cierre policarbonato-metacrilato,VM,125,EM,NO,Noche entera,-,-,-,-,-,Cambio luminaria,PC Ámbar,PC Ámbar-32,EL,DP,Santa Cruz de La Palma,125,,32,C/ El Pilar 
229889.1375,3176370.485,2578,1002,CM-001,C/ el pilar (callejon),D3-D4,S4,8,Unilateral,25,1,Brazo,8,Viaria cierre policarbonato-metacrilato,VM,125,EM,NO,Noche entera,-,-,-,-,-,Cambio luminaria,PC Ámbar,PC Ámbar-32,EL,DP,Santa Cruz de La Palma,125,,32,C/ El Pilar 
229607.153,3176434.389,2579,1026,CM-001,C/ el pilar tramo 2,D3-D4,S4,"10,2",Unilateral,33,1,Columna,8,Viaria con cierre vidrio plano (tipo I),VSBP,55,EM,NO,Noche entera,-,-,-,-,-,Cambio luminaria,PC Ámbar,PC Ámbar-80,EL,DP,Santa Cruz de La Palma,55,,80,C/ El Pilar 
229621.216000001,3176438.3195,2580,1004,CM-001,Calle el pilar tramo 1,D3-D4,S4,"11,2",Unilateral,33,1,Báculo,8,Viaria cierre policarbonato-metacrilato,VM,125,EM,NO,Noche entera,-,-,-,-,-,Cambio luminaria,PC Ámbar,PC Ámbar-80,EL,DP,Santa Cruz de La Palma,125,,80,C/ El Pilar 
229637.738500001,3176453.929,2581,1005,CM-001,Calle el pilar tramo 1,D3-D4,S4,"11,2",Unilateral,33,1,Báculo,8,Viaria cierre policarbonato-metacrilato,VM,125,EM,NO,Noche entera,-,-,-,-,-,Cambio luminaria,PC Ámbar,PC Ámbar-80,EL,DP,Santa Cruz de La Palma,125,,80,C/ El Pilar 
229662.230500001,3176475.1965,2582,1006,CM-001,Calle el pilar tramo 1,D3-D4,S4,"11,2",Unilateral,33,1,Báculo,8,Viaria cierre policarbonato-metacrilato,VM,125,EM,NO,Noche entera,-,-,-,-,-,Cambio luminaria,PC Ámbar,PC Ámbar-80,EL,DP,Santa Cruz de La Palma,125,,80,C/ El Pilar 
229676.871014961,3176494.42898977,2583,1007,CM-001,Calle el pilar tramo 1,D3-D4,S4,"11,2",Unilateral,33,1,Báculo,8,Viaria cierre policarbonato-metacrilato,VM,125,EM,NO,Noche entera,-,-,-,-,-,Cambio luminaria,PC Ámbar,PC Ámbar-80,EL,DP,Santa Cruz de La Palma,125,,80,C/ El Pilar 
229689.955134198,3176513.26661484,2584,1008,CM-001,Calle el pilar tramo 1,D3-D4,S4,"11,2",Unilateral,33,1,Báculo,8,Viaria cierre policarbonato-metacrilato,VM,125,EM,NO,Noche entera,-,-,-,-,-,Cambio luminaria,PC Ámbar,PC Ámbar-80,EL,DP,Santa Cruz de La Palma,125,,80,C/ El Pilar 
229703.473000001,3176529.161,2585,1009,CM-001,Calle el pilar tramo 1,D3-D4,S4,"11,2",Unilateral,33,1,Báculo,8,Viaria cierre policarbonato-metacrilato,VM,125,EM,NO,Noche entera,-,-,-,-,-,Cambio luminaria,PC Ámbar,PC Ámbar-80,EL,DP,Santa Cruz de La Palma,125,,80,C/ El Pilar 
229724.539,3176528.441,2586,1010,CM-001,Calle el pilar tramo 1,D3-D4,S4,"11,2",Unilateral,33,1,Báculo,8,Viaria cierre policarbonato-metacrilato,VM,125,EM,NO,Noche entera,-,-,-,-,-,Cambio luminaria,PC Ámbar,PC Ámbar-80,EL,DP,Santa Cruz de La Palma,125,,80,C/ El Pilar 
229737.088500001,3176514.0455,2587,1011,CM-001,Calle el pilar tramo 1,D3-D4,S4,"11,2",Unilateral,33,1,Báculo,8,Viaria cierre policarbonato-metacrilato,VM,125,EM,NO,Noche entera,-,-,-,-,-,Cambio luminaria,PC Ámbar,PC Ámbar-80,EL,DP,Santa Cruz de La Palma,125,,80,C/ El Pilar 
229745.577000001,3176501.758,2588,1012,CM-001,Calle el pilar tramo 1,D3-D4,S4,"11,2",Unilateral,33,1,Báculo,8,Viaria cierre policarbonato-metacrilato,VM,125,EM,NO,Noche entera,-,-,-,-,-,Cambio luminaria,PC Ámbar,PC Ámbar-80,EL,DP,Santa Cruz de La Palma,125,,80,C/ El Pilar 
229752.7725,3176482.3835,2589,1013,CM-001,Calle el pilar tramo 1,D3-D4,S4,"11,2",Unilateral,33,1,Báculo,8,Viaria cierre policarbonato-metacrilato,VM,125,EM,NO,Noche entera,-,-,-,-,-,Cambio luminaria,PC Ámbar,PC Ámbar-80,EL,DP,Santa Cruz de La Palma,125,,80,C/ El Pilar 
229758.783500001,3176461.043,2590,1014,CM-001,Calle el pilar tramo 1,D3-D4,S4,"11,2",Unilateral,33,1,Báculo,8,Viaria cierre policarbonato-metacrilato,VM,125,EM,NO,Noche entera,-,-,-,-,-,Cambio luminaria,PC Ámbar,PC Ámbar-80,EL,DP,Santa Cruz de La Palma,125,,80,C/ El Pilar 
229765.100499999,3176437.2905,2591,1015,CM-001,Calle el pilar tramo 1,D3-D4,S4,"11,2",Unilateral,33,1,Báculo,8,Viaria cierre policarbonato-metacrilato,VM,125,EM,NO,Noche entera,-,-,-,-,-,Cambio luminaria,PC Ámbar,PC Ámbar-80,EL,DP,Santa Cruz de La Palma,125,,80,C/ El Pilar 
229779.445,3176418.853,2592,1016,CM-001,Calle el pilar tramo 1,D3-D4,S4,"11,2",Unilateral,33,1,Báculo,8,Viaria cierre policarbonato-metacrilato,VM,125,EM,NO,Noche entera,-,-,-,-,-,Cambio luminaria,PC Ámbar,PC Ámbar-80,EL,DP,Santa Cruz de La Palma,125,,80,C/ El Pilar 
229797.352500003,3176401.313,2593,1017,CM-001,Calle el pilar tramo 1,D3-D4,S4,"11,2",Unilateral,33,1,Báculo,8,Viaria cierre policarbonato-metacrilato,VM,125,EM,NO,Noche entera,-,-,-,-,-,Cambio luminaria,PC Ámbar,PC Ámbar-80,EL,DP,Santa Cruz de La Palma,125,,80,C/ El Pilar 
229808.911000001,3176383.579,2594,1018,CM-001,Calle el pilar tramo 1,D3-D4,S4,"11,2",Unilateral,33,1,Báculo,8,Viaria cierre policarbonato-metacrilato,VM,125,EM,NO,Noche entera,-,-,-,-,-,Cambio luminaria,PC Ámbar,PC Ámbar-80,EL,DP,Santa Cruz de La Palma,125,,80,C/ El Pilar 
229815.4455,3176365.308,2595,1019,CM-001,Calle el pilar tramo 1,D3-D4,S4,"11,2",Unilateral,33,1,Báculo,8,Viaria cierre policarbonato-metacrilato,VM,125,EM,NO,Noche entera,-,-,-,-,-,Cambio luminaria,PC Ámbar,PC Ámbar-80,EL,DP,Santa Cruz de La Palma,125,,80,C/ El Pilar 
229834.320252635,3176341.33974737,2596,1020,CM-001,Calle el pilar tramo 1,D3-D4,S4,"11,2",Unilateral,33,1,Báculo,8,Viaria cierre policarbonato-metacrilato,VM,125,EM,NO,Noche entera,-,-,-,-,-,Cambio luminaria,PC Ámbar,PC Ámbar-80,EL,DP,Santa Cruz de La Palma,125,,80,C/ El Pilar 
229854.565,3176319.226,2597,1021,CM-001,Calle el pilar tramo 1,D3-D4,S4,"11,2",Unilateral,33,1,Báculo,8,Viaria cierre policarbonato-metacrilato,VM,125,EM,NO,Noche entera,-,-,-,-,-,Cambio luminaria,PC Ámbar,PC Ámbar-80,EL,DP,Santa Cruz de La Palma,125,,80,C/ El Pilar 
229877.066999999,3176301.733,2598,1022,CM-001,Calle el pilar tramo 1,D3-D4,S4,"11,2",Unilateral,33,1,Báculo,8,Viaria cierre policarbonato-metacrilato,VM,125,EM,NO,Noche entera,-,-,-,-,-,Cambio luminaria,PC Ámbar,PC Ámbar-80,EL,DP,Santa Cruz de La Palma,125,,80,C/ El Pilar 
229896.995,3176286.306,2599,1023,CM-001,Calle el pilar tramo 1,D3-D4,S4,"11,2",Unilateral,33,1,Báculo,8,Viaria cierre policarbonato-metacrilato,VM,125,EM,NO,Noche entera,-,-,-,-,-,Cambio luminaria,PC Ámbar,PC Ámbar-80,EL,DP,Santa Cruz de La Palma,125,,80,C/ El Pilar 
229914.314,3176272.24150001,2600,1024,CM-001,Calle el pilar tramo 1,D3-D4,S4,"11,2",Unilateral,33,1,Báculo,8,Viaria cierre policarbonato-metacrilato,VM,125,EM,NO,Noche entera,-,-,-,-,-,Cambio luminaria,PC Ámbar,PC Ámbar-80,EL,DP,Santa Cruz de La Palma,125,,80,C/ El Pilar 
229904.306000001,3176264.0585,2601,1104,CM-001,Calle el pilar tramo3,E1-E2,S4,1,Unilateral,24,1,Brazo,6,Artística con Reflector,VSBP,35,EM,NO,Noche entera,-,-,-,-,-,Cambio luminaria,PC Ámbar,PC Ámbar-32,EL,DP,Santa Cruz de La Palma,35,,32,C/ El Pilar 
229890.513500001,3176279.8895,2602,1103,CM-001,Calle el pilar tramo3,E1-E2,S4,1,Unilateral,24,1,Brazo,6,Artística con Reflector,VSBP,35,EM,NO,Noche entera,-,-,-,-,-,Cambio luminaria,PC Ámbar,PC Ámbar-32,EL,DP,Santa Cruz de La Palma,35,,32,C/ El Pilar 
229593.334386539,3176440.38275876,2603,1027,CM-001,C/ el pilar tramo 2,D3-D4,S4,"10,2",Unilateral,33,1,Columna,8,Viaria con cierre vidrio plano (tipo I),VSBP,55,EM,NO,Noche entera,-,-,-,-,-,Cambio luminaria,PC Ámbar,PC Ámbar-80,EL,DP,Santa Cruz de La Palma,55,,80,C/ El Pilar 
229578.603121289,3176447.36375629,2604,1028,CM-001,C/ el pilar tramo 2,D3-D4,S4,"10,2",Unilateral,33,1,Columna,8,Viaria con cierre vidrio plano (tipo I),VSBP,55,EM,NO,Noche entera,-,-,-,-,-,Cambio luminaria,PC Ámbar,PC Ámbar-80,EL,DP,Santa Cruz de La Palma,55,,80,C/ El Pilar 
229561.965316548,3176455.63667933,2605,1029,CM-001,C/ el pilar tramo 2,D3-D4,S4,"10,2",Unilateral,33,1,Columna,8,Viaria con cierre vidrio plano (tipo I),VSBP,55,EM,NO,Noche entera,-,-,-,-,-,Cambio luminaria,PC Ámbar,PC Ámbar-80,EL,DP,Santa Cruz de La Palma,55,,80,C/ El Pilar 
229911.445760139,3176268.15324706,2606,1025,CM-001,Calle el pilar tramo 1,D3-D4,S4,"11,2",Unilateral,33,1,Báculo,8,Viaria cierre policarbonato-metacrilato,VM,125,EM,NO,Noche entera,-,-,-,-,-,Cambio luminaria,PC Ámbar,PC Ámbar-80,EL,DP,Santa Cruz de La Palma,125,,80,C/ El Pilar 
229562.324500001,3176478.5335,2607,1030,CM-001,Calle olen tramo uno,D3-D4,S4,15,Tresbolillo,40,1,Columna,8,Viaria con cierre vidrio plano (tipo I),VSBP,55,EM,NO,Noche entera,-,-,-,-,-,Cambio luminaria,PC Ámbar,PC Ámbar-49,EL,DP,Santa Cruz de La Palma,55,,49,C/ El Pilar 
229573.641000001,3176501.686,2608,1032,CM-001,Calle olen tramo uno,D3-D4,S4,15,Tresbolillo,40,1,Columna,8,Viaria con cierre vidrio plano (tipo I),VSBP,55,EM,NO,Noche entera,-,-,-,-,-,Cambio luminaria,PC Ámbar,PC Ámbar-49,EL,DP,Santa Cruz de La Palma,55,,49,C/ El Pilar 
229583.973629571,3176522.9558494,2609,1034,CM-001,Calle olen tramo uno,D3-D4,S4,15,Tresbolillo,40,1,Columna,8,Viaria con cierre vidrio plano (tipo I),VSBP,55,EM,NO,Noche entera,-,-,-,-,-,Cambio luminaria,PC Ámbar,PC Ámbar-49,EL,DP,Santa Cruz de La Palma,55,,49,C/ El Pilar 
229588.379851923,3176507.45235727,2610,1033,CM-001,Calle olen tramo uno,D3-D4,S4,15,Tresbolillo,40,1,Columna,8,Viaria con cierre vidrio plano (tipo I),VSBP,55,EM,NO,Noche entera,-,-,-,-,-,Cambio luminaria,PC Ámbar,PC Ámbar-49,EL,DP,Santa Cruz de La Palma,55,,49,C/ El Pilar 
229577.554834006,3176484.93089083,2611,1031,CM-001,Calle olen tramo uno,D3-D4,S4,15,Tresbolillo,40,1,Columna,8,Viaria con cierre vidrio plano (tipo I),VSBP,55,EM,NO,Noche entera,-,-,-,-,-,Cambio luminaria,PC Ámbar,PC Ámbar-49,EL,DP,Santa Cruz de La Palma,55,,49,C/ El Pilar 
229606.424000001,3176554.719,2612,1035,CM-001,Calle olen tramo 2,D3-D4,S4,15,Unilateral,25,1,Columna,8,Viaria con cierre vidrio plano (tipo I),VSBP,55,EM,NO,Noche entera,-,-,-,-,-,Cambio luminaria,PC Ámbar,PC Ámbar-49,EL,DP,Santa Cruz de La Palma,55,,49,C/ El Pilar 
229625.286743427,3176545.53425066,2613,1036,CM-001,Calle olen tramo 2,D3-D4,S4,15,Unilateral,25,1,Columna,8,Viaria con cierre vidrio plano (tipo I),VSBP,55,EM,NO,Noche entera,-,-,-,-,-,Cambio luminaria,PC Ámbar,PC Ámbar-49,EL,DP,Santa Cruz de La Palma,55,,49,C/ El Pilar 
229646.576392914,3176537.56676858,2614,1037,CM-001,Calle olen tramo 2,D3-D4,S4,15,Unilateral,25,1,Columna,8,Viaria con cierre vidrio plano (tipo I),VSBP,55,EM,NO,Noche entera,-,-,-,-,-,Cambio luminaria,PC Ámbar,PC Ámbar-49,EL,DP,Santa Cruz de La Palma,55,,49,C/ El Pilar 
229664.212000001,3176528.97400001,2615,1038,CM-001,Calle olen tramo 2,D3-D4,S4,15,Unilateral,25,1,Columna,8,Viaria con cierre vidrio plano (tipo I),VSBP,55,EM,NO,Noche entera,-,-,-,-,-,Cambio luminaria,PC Ámbar,PC Ámbar-49,EL,DP,Santa Cruz de La Palma,55,,49,C/ El Pilar 
229660.143001636,3176504.59383065,2616,1039,CM-001,Calle olen tramo 2,D3-D4,S4,15,Unilateral,25,1,Columna,8,Viaria con cierre vidrio plano (tipo I),VSBP,55,EM,NO,Noche entera,-,-,-,-,-,Cambio luminaria,PC Ámbar,PC Ámbar-49,EL,DP,Santa Cruz de La Palma,55,,49,C/ El Pilar 
229651.4975,3176489.2075,2617,1040,CM-001,Calle olen tramo 2,D3-D4,S4,15,Unilateral,25,1,Columna,8,Viaria con cierre vidrio plano (tipo I),VSBP,55,EM,NO,Noche entera,-,-,-,-,-,Cambio luminaria,PC Ámbar,PC Ámbar-49,EL,DP,Santa Cruz de La Palma,55,,49,C/ El Pilar 
229625.9265,3176465.38032195,2618,1041,CM-001,Calle olen tramo 2,D3-D4,S4,15,Unilateral,25,1,Columna,8,Viaria con cierre vidrio plano (tipo I),VSBP,55,EM,NO,Noche entera,-,-,-,-,-,Cambio luminaria,PC Ámbar,PC Ámbar-49,EL,DP,Santa Cruz de La Palma,55,,49,C/ El Pilar 
229611.395,3176453.216,2619,1042,CM-001,Calle olen tramo 2,D3-D4,S4,15,Unilateral,25,1,Columna,8,Viaria con cierre vidrio plano (tipo I),VSBP,55,EM,NO,Noche entera,-,-,-,-,-,Cambio luminaria,PC Ámbar,PC Ámbar-49,EL,DP,Santa Cruz de La Palma,55,,49,C/ El Pilar 
229532.02,3176471.65700001,2620,1043,CM-001,C/ aduares,E1-E2,S4,4,Unilateral,12,1,Brazo,6,Artística con Reflector,VSBP,35,EM,NO,Noche entera,-,-,-,-,-,Cambio luminaria,PC Ámbar,PC Ámbar-32,EL,DP,Santa Cruz de La Palma,35,,32,C/ El Pilar 
229536.5465,3176481.034,2621,1044,CM-001,C/ aduares,E1-E2,S4,4,Unilateral,12,1,Brazo,6,Artística con Reflector,VSBP,35,EM,NO,Noche entera,-,-,-,-,-,Cambio luminaria,PC Ámbar,PC Ámbar-32,EL,DP,Santa Cruz de La Palma,35,,32,C/ El Pilar 
229541.6455,3176491.596,2622,1045,CM-001,C/ aduares,E1-E2,S4,4,Unilateral,12,1,Brazo,6,Artística con Reflector,VSBP,35,EM,NO,Noche entera,-,-,-,-,-,Cambio luminaria,PC Ámbar,PC Ámbar-32,EL,DP,Santa Cruz de La Palma,35,,32,C/ El Pilar 
229546.973500001,3176502.634,2623,1046,CM-001,C/ aduares,E1-E2,S4,4,Unilateral,12,1,Brazo,6,Artística con Reflector,VSBP,35,EM,NO,Noche entera,-,-,-,-,-,Cambio luminaria,PC Ámbar,PC Ámbar-32,EL,DP,Santa Cruz de La Palma,35,,32,C/ El Pilar 
229552.1255,3176513.306,2624,1047,CM-001,C/ aduares,E1-E2,S4,4,Unilateral,12,1,Brazo,6,Artística con Reflector,VSBP,35,EM,NO,Noche entera,-,-,-,-,-,Cambio luminaria,PC Ámbar,PC Ámbar-32,EL,DP,Santa Cruz de La Palma,35,,32,C/ El Pilar 
229557.390500001,3176524.2135,2625,1048,CM-001,C/ aduares,E1-E2,S4,4,Unilateral,12,1,Brazo,6,Artística con Reflector,VSBP,35,EM,NO,Noche entera,-,-,-,-,-,Cambio luminaria,PC Ámbar,PC Ámbar-32,EL,DP,Santa Cruz de La Palma,35,,32,C/ El Pilar 
229562.598,3176534.9995,2626,1049,CM-001,C/ aduares,E1-E2,S4,4,Unilateral,12,1,Brazo,6,Artística con Reflector,VSBP,35,EM,NO,Noche entera,-,-,-,-,-,Cambio luminaria,PC Ámbar,PC Ámbar-32,EL,DP,Santa Cruz de La Palma,35,,32,C/ El Pilar 
229567.7935,3176545.762,2627,1050,CM-001,C/ aduares,E1-E2,S4,4,Unilateral,12,1,Brazo,6,Artística con Reflector,VSBP,35,EM,NO,Noche entera,-,-,-,-,-,Cambio luminaria,PC Ámbar,PC Ámbar-32,EL,DP,Santa Cruz de La Palma,35,,32,C/ El Pilar 
229562.040000001,3176555.025,2628,1051,CM-001,C/ aduares,E1-E2,S4,4,Unilateral,12,1,Brazo,6,Artística con Reflector,VSBP,35,EM,NO,Noche entera,-,-,-,-,-,Cambio luminaria,PC Ámbar,PC Ámbar-32,EL,DP,Santa Cruz de La Palma,35,,32,C/ El Pilar 
229585.080000002,3176454.843,2629,1052,CM-001,C/ hiedra,E1-E2,S4,4,Tresbolillo,24,1,Brazo,6,Artística con Reflector,VSBP,35,EM,NO,Noche entera,-,-,-,-,-,Cambio luminaria,PC Ámbar,PC Ámbar-32,EL,DP,Santa Cruz de La Palma,35,,32,C/ El Pilar 
229601.302015074,3176478.30084555,2630,1053,CM-001,C/ hiedra,E1-E2,S4,4,Tresbolillo,24,1,Brazo,6,Artística con Reflector,VSBP,35,EM,NO,Noche entera,-,-,-,-,-,Cambio luminaria,PC Ámbar,PC Ámbar-32,EL,DP,Santa Cruz de La Palma,35,,32,C/ El Pilar 
229594.670000001,3176474.739,2631,1054,CM-001,C/ hiedra,E1-E2,S4,4,Tresbolillo,24,1,Brazo,6,Artística con Reflector,VSBP,35,EM,NO,Noche entera,-,-,-,-,-,Cambio luminaria,PC Ámbar,PC Ámbar-32,EL,DP,Santa Cruz de La Palma,35,,32,C/ El Pilar 
229611.0165,3176508.652,2632,1055,CM-001,C/ hiedra,E1-E2,S4,4,Tresbolillo,24,1,Brazo,6,Artística con Reflector,VSBP,35,EM,NO,Noche entera,-,-,-,-,-,Cambio luminaria,PC Ámbar,PC Ámbar-32,EL,DP,Santa Cruz de La Palma,35,,32,C/ El Pilar 
229620.481000002,3176519.482,2633,1056,CM-001,C/ hiedra,E1-E2,S4,4,Tresbolillo,24,1,Brazo,6,Artística con Reflector,VSBP,35,EM,NO,Noche entera,-,-,-,-,-,Cambio luminaria,PC Ámbar,PC Ámbar-32,EL,DP,Santa Cruz de La Palma,35,,32,C/ El Pilar 
229621.423400082,3176530.24207412,2634,1057,CM-001,C/ hiedra,E1-E2,S4,4,Tresbolillo,24,1,Brazo,6,Artística con Reflector,VSBP,35,EM,NO,Noche entera,-,-,-,-,-,Cambio luminaria,PC Ámbar,PC Ámbar-32,EL,DP,Santa Cruz de La Palma,35,,32,C/ El Pilar 
229631.1955,3176499.03100001,2635,1058,CM-001,C/ benama,E1-E2,S4,4,Tresbolillo,24,1,Brazo,6,Artística con Reflector,VSBP,35,EM,NO,Noche entera,-,-,-,-,-,Cambio luminaria,PC Ámbar,PC Ámbar-32,EL,DP,Santa Cruz de La Palma,35,,32,C/ El Pilar 
229640.00611745,3176508.07889537,2636,1059,CM-001,C/ benama,E1-E2,S4,4,Tresbolillo,24,1,Brazo,6,Artística con Reflector,VSBP,35,EM,NO,Noche entera,-,-,-,-,-,Cambio luminaria,PC Ámbar,PC Ámbar-32,EL,DP,Santa Cruz de La Palma,35,,32,C/ El Pilar 
229641.45857041,3176520.60081824,2637,1060,CM-001,C/ benama,E1-E2,S4,4,Tresbolillo,24,1,Brazo,6,Artística con Reflector,VSBP,35,EM,NO,Noche entera,-,-,-,-,-,Cambio luminaria,PC Ámbar,PC Ámbar-32,EL,DP,Santa Cruz de La Palma,35,,32,C/ El Pilar 
229607.843000001,3176502.94184513,2638,1061,CM-001,Plaza el pilar,E1-E2,S2,0,Indefinido,0,1,Columna,8,Viaria con cierre vidrio plano (tipo I),VSBP,55,EM,NO,Noche entera,-,-,-,-,-,Cambio luminaria,PC Ámbar,PC Ámbar-49,EL,DP,Santa Cruz de La Palma,55,,49,C/ El Pilar 
229632.080978478,3176490.45951624,2639,1064,CM-001,Plaza el pilar,E1-E2,S2,0,Indefinido,0,1,Columna,8,Viaria con cierre vidrio plano (tipo I),VSBP,55,EM,NO,Noche entera,-,-,-,-,-,Cambio luminaria,PC Ámbar,PC Ámbar-49,EL,DP,Santa Cruz de La Palma,55,,49,C/ El Pilar 
229610.555,3176477.408,2640,1063,CM-001,Plaza el pilar,E1-E2,S2,0,Indefinido,0,1,Columna,8,Viaria con cierre vidrio plano (tipo I),VSBP,55,EM,NO,Noche entera,-,-,-,-,-,Cambio luminaria,PC Ámbar,PC Ámbar-49,EL,DP,Santa Cruz de La Palma,55,,49,C/ El Pilar 
229614.867624053,3176490.40206587,2641,1062,CM-001,Plaza el pilar,E1-E2,S2,0,Indefinido,0,1,Columna,8,Viaria con cierre vidrio plano (tipo I),VSBP,55,EM,NO,Noche entera,-,-,-,-,-,Cambio luminaria,PC Ámbar,PC Ámbar-49,EL,DP,Santa Cruz de La Palma,55,,49,C/ El Pilar 
229639.351999999,3176492.653,2642,1066,CM-001,Plaza pilar parte 2,E1-E2,S2,0,Indefinido,0,1,Columna,6,Artística con Reflector,VSBP,35,EM,NO,Noche entera,-,-,-,-,-,Cambio luminaria,PC Ámbar,PC Ámbar-32,EL,DP,Santa Cruz de La Palma,35,,32,C/ El Pilar 
229616.323000002,3176503.8015,2643,1065,CM-001,Plaza pilar parte 2,E1-E2,S2,0,Indefinido,0,1,Columna,6,Artística con Reflector,VSBP,35,EM,NO,Noche entera,-,-,-,-,-,Cambio luminaria,PC Ámbar,PC Ámbar-32,EL,DP,Santa Cruz de La Palma,35,,32,C/ El Pilar 
229678.880500002,3176523.126,2644,1067,CM-001,C/ olen escalera,E1-E2,S4,0,Indefinido,0,1,Columna,6,Peatonal cierre plano,VSBP,35,EM,NO,Noche entera,-,-,-,-,-,Cambio luminaria,PC Ámbar,PC Ámbar-32,EL,DP,Santa Cruz de La Palma,35,,32,C/ El Pilar 
229682.358000002,3176528.711,2645,1068,CM-001,C/ olen escalera,E1-E2,S4,0,Indefinido,0,1,Columna,6,Peatonal cierre plano,VSBP,35,EM,NO,Noche entera,-,-,-,-,-,Cambio luminaria,PC Ámbar,PC Ámbar-32,EL,DP,Santa Cruz de La Palma,35,,32,C/ El Pilar 
229687.120985012,3176536.30601057,2646,1069,CM-001,C/ olen escalera,E1-E2,S4,0,Indefinido,0,1,Columna,6,Peatonal cierre plano,VSBP,35,EM,NO,Noche entera,-,-,-,-,-,Cambio luminaria,PC Ámbar,PC Ámbar-32,EL,DP,Santa Cruz de La Palma,35,,32,C/ El Pilar 
229693.129000002,3176541.37703516,2647,1070,CM-001,C/ olen escalera,E1-E2,S4,0,Indefinido,0,1,Columna,6,Peatonal cierre plano,VSBP,35,EM,NO,Noche entera,-,-,-,-,-,Cambio luminaria,PC Ámbar,PC Ámbar-32,EL,DP,Santa Cruz de La Palma,35,,32,C/ El Pilar 
229790.791000001,3176463.831,2648,1071,CM-001,C/tamarahoya,E1-E2,S4,6,Tresbolillo,21,1,Columna,6,Peatonal cierre plano,VSBP,35,EM,NO,Noche entera,-,-,-,-,-,Cambio luminaria,PC Ámbar,PC Ámbar-32,EL,DP,Santa Cruz de La Palma,35,,32,C/ El Pilar 
229802.263499999,3176469.5635,2649,1072,CM-001,C/tamarahoya,E1-E2,S4,6,Tresbolillo,21,1,Columna,6,Peatonal cierre plano,VSBP,35,EM,NO,Noche entera,-,-,-,-,-,Cambio luminaria,PC Ámbar,PC Ámbar-32,EL,DP,Santa Cruz de La Palma,35,,32,C/ El Pilar 
229804.8775,3176479.608,2650,1073,CM-001,C/tamarahoya,E1-E2,S4,6,Tresbolillo,21,1,Columna,6,Peatonal cierre plano,VSBP,35,EM,NO,Noche entera,-,-,-,-,-,Cambio luminaria,PC Ámbar,PC Ámbar-32,EL,DP,Santa Cruz de La Palma,35,,32,C/ El Pilar 
229819.612845492,3176489.10224746,2651,1074,CM-001,C/tamarahoya,E1-E2,S4,6,Tresbolillo,21,1,Columna,6,Peatonal cierre plano,VSBP,35,EM,NO,Noche entera,-,-,-,-,-,Cambio luminaria,PC Ámbar,PC Ámbar-32,EL,DP,Santa Cruz de La Palma,35,,32,C/ El Pilar 
229807.989999999,3176494.21104329,2652,1075,CM-001,C/tamarahoya,E1-E2,S4,6,Tresbolillo,21,1,Columna,6,Peatonal cierre plano,VSBP,35,EM,NO,Noche entera,-,-,-,-,-,Cambio luminaria,PC Ámbar,PC Ámbar-32,EL,DP,Santa Cruz de La Palma,35,,32,C/ El Pilar 
229793.811000001,3176448.196,2653,1076,CM-001,C/tirimasu,E1-E2,S4,6,Unilateral,21,1,Columna,6,Peatonal cierre plano,VSBP,35,EM,NO,Noche entera,-,-,-,-,-,Cambio luminaria,PC Ámbar,PC Ámbar-32,EL,DP,Santa Cruz de La Palma,35,,32,C/ El Pilar 
229787.441151994,3176441.07889192,2654,1077,CM-001,C/tirimasu,E1-E2,S4,6,Unilateral,21,1,Columna,6,Peatonal cierre plano,VSBP,35,EM,NO,Noche entera,-,-,-,-,-,Cambio luminaria,PC Ámbar,PC Ámbar-32,EL,DP,Santa Cruz de La Palma,35,,32,C/ El Pilar 
229779.661000002,3176433.65,2655,1078,CM-001,C/tirimasu,E1-E2,S4,6,Unilateral,21,1,Columna,6,Peatonal cierre plano,VSBP,35,EM,NO,Noche entera,-,-,-,-,-,Cambio luminaria,PC Ámbar,PC Ámbar-32,EL,DP,Santa Cruz de La Palma,35,,32,C/ El Pilar 
229786.303,3176427.389,2656,1079,CM-001,C/niquiomo,E1-E2,S4,6,Unilateral,21,1,Columna,6,Peatonal cierre plano,VSBP,35,EM,NO,Noche entera,-,-,-,-,-,Cambio luminaria,PC Ámbar,PC Ámbar-32,EL,DP,Santa Cruz de La Palma,35,,32,C/ El Pilar 
229782.020000001,3176454.566,2657,1080,CM-001,C/niquiomo,E1-E2,S4,6,Unilateral,21,1,Columna,6,Peatonal cierre plano,VSBP,35,EM,NO,Noche entera,-,-,-,-,-,Cambio luminaria,PC Ámbar,PC Ámbar-32,EL,DP,Santa Cruz de La Palma,35,,32,C/ El Pilar 
229775.237000001,3176460.651,2658,1081,CM-001,C/niquiomo,E1-E2,S4,6,Unilateral,21,1,Columna,6,Peatonal cierre plano,VSBP,35,EM,NO,Noche entera,-,-,-,-,-,Cambio luminaria,PC Ámbar,PC Ámbar-32,EL,DP,Santa Cruz de La Palma,35,,32,C/ El Pilar 
229768.980000001,3176461.3695,2659,1082,CM-001,C/aguacai,E1-E2,S4,6,Unilateral,21,1,Columna,6,Peatonal cierre plano,VSBP,35,EM,NO,Noche entera,-,-,-,-,-,Cambio luminaria,PC Ámbar,PC Ámbar-32,EL,DP,Santa Cruz de La Palma,35,,32,C/ El Pilar 
229765.802,3176472.36,2660,1083,CM-001,C/aguacai,E1-E2,S4,6,Unilateral,21,1,Columna,6,Peatonal cierre plano,VSBP,35,EM,NO,Noche entera,-,-,-,-,-,Cambio luminaria,PC Ámbar,PC Ámbar-32,EL,DP,Santa Cruz de La Palma,35,,32,C/ El Pilar 
229774.779419312,3176477.97063984,2661,1084,CM-001,C/aguacai,E1-E2,S4,6,Unilateral,21,1,Columna,6,Peatonal cierre plano,VSBP,35,EM,NO,Noche entera,-,-,-,-,-,Cambio luminaria,PC Ámbar,PC Ámbar-32,EL,DP,Santa Cruz de La Palma,35,,32,C/ El Pilar 
229782.718253179,3176487.25086521,2662,1085,CM-001,Urbanizacion tamarahoya,E1-E2,S4,6,Indefinido,0,1,Columna,6,Peatonal cierre plano,VSBP,35,EM,NO,Noche entera,-,-,-,-,-,Cambio luminaria,PC Ámbar,PC Ámbar-32,EL,DP,Santa Cruz de La Palma,35,,32,C/ El Pilar 
229791.389905246,3176496.89742527,2663,1086,CM-001,Urbanizacion tamarahoya,E1-E2,S4,6,Indefinido,0,1,Columna,6,Peatonal cierre plano,VSBP,35,EM,NO,Noche entera,-,-,-,-,-,Cambio luminaria,PC Ámbar,PC Ámbar-32,EL,DP,Santa Cruz de La Palma,35,,32,C/ El Pilar 
229796.301999999,3176506.463,2664,1087,CM-001,Urbanizacion tamarahoya,E1-E2,S4,6,Indefinido,0,1,Columna,6,Peatonal cierre plano,VSBP,35,EM,NO,Noche entera,-,-,-,-,-,Cambio luminaria,PC Ámbar,PC Ámbar-32,EL,DP,Santa Cruz de La Palma,35,,32,C/ El Pilar 
229781.750000001,3176517.409,2665,1088,CM-001,Urbanizacion tamarahoya,E1-E2,S4,6,Indefinido,0,1,Columna,6,Peatonal cierre plano,VSBP,35,EM,NO,Noche entera,-,-,-,-,-,Cambio luminaria,PC Ámbar,PC Ámbar-32,EL,DP,Santa Cruz de La Palma,35,,32,C/ El Pilar 
229775.133500936,3176514.03512582,2666,1089,CM-001,Urbanizacion tamarahoya,E1-E2,S4,6,Indefinido,0,1,Columna,6,Peatonal cierre plano,VSBP,35,EM,NO,Noche entera,-,-,-,-,-,Cambio luminaria,PC Ámbar,PC Ámbar-32,EL,DP,Santa Cruz de La Palma,35,,32,C/ El Pilar 
229767.8053489,3176505.73176883,2667,1090,CM-001,Urbanizacion tamarahoya,E1-E2,S4,6,Indefinido,0,1,Columna,6,Peatonal cierre plano,VSBP,35,EM,NO,Noche entera,-,-,-,-,-,Cambio luminaria,PC Ámbar,PC Ámbar-32,EL,DP,Santa Cruz de La Palma,35,,32,C/ El Pilar 
229757.0725,3176501.5365,2668,1091,CM-001,Urbanizacion tamarahoya,E1-E2,S4,6,Indefinido,0,1,Columna,6,Peatonal cierre plano,VSBP,35,EM,NO,Noche entera,-,-,-,-,-,Cambio luminaria,PC Ámbar,PC Ámbar-32,EL,DP,Santa Cruz de La Palma,35,,32,C/ El Pilar 
229750.584181135,3176522.21638333,2669,1092,CM-001,Urbanizacion tamarahoya,E1-E2,S4,6,Indefinido,0,1,Columna,6,Peatonal cierre plano,VSBP,35,EM,NO,Noche entera,-,-,-,-,-,Cambio luminaria,PC Ámbar,PC Ámbar-32,EL,DP,Santa Cruz de La Palma,35,,32,C/ El Pilar 
229758.156605903,3176530.39765292,2670,1093,CM-001,Urbanizacion tamarahoya,E1-E2,S4,6,Indefinido,0,1,Columna,6,Peatonal cierre plano,VSBP,35,EM,NO,Noche entera,-,-,-,-,-,Cambio luminaria,PC Ámbar,PC Ámbar-32,EL,DP,Santa Cruz de La Palma,35,,32,C/ El Pilar 
229288.247644549,3176463.67928742,5285,22001,CM-022,Urb. Los nacientes,E1-E2,S4,0,Indefinido,0,1,Directo,4,Empotrada pared,BC,18,EM,NO,Noche entera,-,-,-,-,-,Cambio lámpara+equipo,Empotrada pared,L_Bulb-7,EL,NO,Santa Cruz de La Palma,18,,7,Urbanización Los Nacientes 
229283.137031064,3176460.20218168,5286,22002,CM-022,Urb. Los nacientes,E1-E2,S4,0,Indefinido,0,1,Directo,4,Empotrada pared,BC,18,EM,NO,Noche entera,-,-,-,-,-,Cambio lámpara+equipo,Empotrada pared,L_Bulb-7,EL,NO,Santa Cruz de La Palma,18,,7,Urbanización Los Nacientes 
229279.350675437,3176470.79748781,5287,22003,CM-022,Urb. Los nacientes,E1-E2,S4,0,Indefinido,0,1,Directo,4,Empotrada pared,BC,18,EM,NO,Noche entera,-,-,-,-,-,Cambio lámpara+equipo,Empotrada pared,L_Bulb-7,EL,NO,Santa Cruz de La Palma,18,,7,Urbanización Los Nacientes 
229276.702159722,3176464.36768047,5288,22004,CM-022,Urb. Los nacientes,E1-E2,S4,0,Indefinido,0,1,Directo,4,Empotrada pared,BC,18,EM,NO,Noche entera,-,-,-,-,-,Cambio lámpara+equipo,Empotrada pared,L_Bulb-7,EL,NO,Santa Cruz de La Palma,18,,7,Urbanización Los Nacientes 
229272.435260053,3176466.73290528,5289,22005,CM-022,Urb. Los nacientes,E1-E2,S4,0,Indefinido,0,1,Directo,4,Empotrada pared,BC,18,EM,NO,Noche entera,-,-,-,-,-,Cambio lámpara+equipo,Empotrada pared,L_Bulb-7,EL,NO,Santa Cruz de La Palma,18,,7,Urbanización Los Nacientes 
229275.939917451,3176471.66698951,5290,22006,CM-022,Urb. Los nacientes,E1-E2,S4,0,Indefinido,0,1,Directo,4,Empotrada pared,BC,18,EM,NO,Noche entera,-,-,-,-,-,Cambio lámpara+equipo,Empotrada pared,L_Bulb-7,EL,NO,Santa Cruz de La Palma,18,,7,Urbanización Los Nacientes 
229267.372977147,3176476.44609519,5291,22011,CM-022,Urb. Los nacientes,E1-E2,S4,0,Indefinido,0,1,Directo,4,Empotrada pared,BC,18,EM,NO,Noche entera,-,-,-,-,-,Cambio lámpara+equipo,Empotrada pared,L_Bulb-7,EL,NO,Santa Cruz de La Palma,18,,7,Urbanización Los Nacientes 
229271.905004562,3176472.46350712,5292,22007,CM-022,Urb. Los nacientes,E1-E2,S4,0,Indefinido,0,1,Directo,4,Empotrada pared,BC,18,EM,NO,Noche entera,-,-,-,-,-,Cambio lámpara+equipo,Empotrada pared,L_Bulb-7,EL,NO,Santa Cruz de La Palma,18,,7,Urbanización Los Nacientes 
229269.065928278,3176466.14002226,5293,22008,CM-022,Urb. Los nacientes,E1-E2,S4,0,Indefinido,0,1,Directo,4,Empotrada pared,BC,18,EM,NO,Noche entera,-,-,-,-,-,Cambio lámpara+equipo,Empotrada pared,L_Bulb-7,EL,NO,Santa Cruz de La Palma,18,,7,Urbanización Los Nacientes 
229265.62893369,3176468.43046092,5294,22009,CM-022,Urb. Los nacientes,E1-E2,S4,0,Indefinido,0,1,Directo,4,Empotrada pared,BC,18,EM,NO,Noche entera,-,-,-,-,-,Cambio lámpara+equipo,Empotrada pared,L_Bulb-7,EL,NO,Santa Cruz de La Palma,18,,7,Urbanización Los Nacientes 
229262.83956886,3176470.07395428,5295,22010,CM-022,Urb. Los nacientes,E1-E2,S4,0,Indefinido,0,1,Directo,4,Empotrada pared,BC,18,EM,NO,Noche entera,-,-,-,-,-,Cambio lámpara+equipo,Empotrada pared,L_Bulb-7,EL,NO,Santa Cruz de La Palma,18,,7,Urbanización Los Nacientes 
229258.644474626,3176483.24442708,5296,22013,CM-022,Urb. Los nacientes,E1-E2,S4,0,Indefinido,0,1,Directo,4,Empotrada pared,BC,18,EM,NO,Noche entera,-,-,-,-,-,Cambio lámpara+equipo,Empotrada pared,L_Bulb-7,EL,NO,Santa Cruz de La Palma,18,,7,Urbanización Los Nacientes 
229260.647444921,3176482.38831117,5297,22012,CM-022,Urb. Los nacientes,E1-E2,S4,0,Indefinido,0,1,Directo,4,Empotrada pared,BC,18,EM,NO,Noche entera,-,-,-,-,-,Cambio lámpara+equipo,Empotrada pared,L_Bulb-7,EL,NO,Santa Cruz de La Palma,18,,7,Urbanización Los Nacientes 
229260.214527996,3176489.60215138,5298,22014,CM-022,Urb. Los nacientes,E1-E2,S4,0,Indefinido,0,1,Directo,4,Empotrada pared,BC,18,EM,NO,Noche entera,-,-,-,-,-,Cambio lámpara+equipo,Empotrada pared,L_Bulb-7,EL,NO,Santa Cruz de La Palma,18,,7,Urbanización Los Nacientes 
229263.862796255,3176495.13452485,5299,22018,CM-022,Urb. Los nacientes,E1-E2,S4,0,Indefinido,0,1,Directo,4,Empotrada pared,BC,18,EM,NO,Noche entera,-,-,-,-,-,Cambio lámpara+equipo,Empotrada pared,L_Bulb-7,EL,NO,Santa Cruz de La Palma,18,,7,Urbanización Los Nacientes 
229264.492474654,3176488.84708152,5300,22015,CM-022,Urb. Los nacientes,E1-E2,S4,0,Indefinido,0,1,Directo,4,Empotrada pared,BC,18,EM,NO,Noche entera,-,-,-,-,-,Cambio lámpara+equipo,Empotrada pared,L_Bulb-7,EL,NO,Santa Cruz de La Palma,18,,7,Urbanización Los Nacientes 
229265.62479107,3176491.04741637,5301,22016,CM-022,Urb. Los nacientes,E1-E2,S4,0,Indefinido,0,1,Directo,4,Empotrada pared,BC,18,EM,NO,Noche entera,-,-,-,-,-,Cambio lámpara+equipo,Empotrada pared,L_Bulb-7,EL,NO,Santa Cruz de La Palma,18,,7,Urbanización Los Nacientes 
229267.323265695,3176494.44342869,5302,22017,CM-022,Urb. Los nacientes,E1-E2,S4,0,Indefinido,0,1,Directo,4,Empotrada pared,BC,18,EM,NO,Noche entera,-,-,-,-,-,Cambio lámpara+equipo,Empotrada pared,L_Bulb-7,EL,NO,Santa Cruz de La Palma,18,,7,Urbanización Los Nacientes 
229271.035054144,3176504.82969399,5303,22019,CM-022,Urb. Los nacientes,E1-E2,S4,0,Indefinido,0,1,Directo,4,Empotrada pared,BC,18,EM,NO,Noche entera,-,-,-,-,-,Cambio lámpara+equipo,Empotrada pared,L_Bulb-7,EL,NO,Santa Cruz de La Palma,18,,7,Urbanización Los Nacientes 
229275.314381675,3176512.20469022,5304,22021,CM-022,Urb. Los nacientes,E1-E2,S4,0,Indefinido,0,1,Directo,4,Empotrada pared,BC,18,EM,NO,Noche entera,-,-,-,-,-,Cambio lámpara+equipo,Empotrada pared,L_Bulb-7,EL,NO,Santa Cruz de La Palma,18,,7,Urbanización Los Nacientes 
229276.887196793,3176506.54527039,5305,22020,CM-022,Urb. Los nacientes,E1-E2,S4,0,Indefinido,0,1,Directo,4,Empotrada pared,BC,18,EM,NO,Noche entera,-,-,-,-,-,Cambio lámpara+equipo,Empotrada pared,L_Bulb-7,EL,NO,Santa Cruz de La Palma,18,,7,Urbanización Los Nacientes 
229281.542121965,3176513.58778359,5306,22022,CM-022,Urb. Los nacientes,E1-E2,S4,0,Indefinido,0,1,Directo,4,Empotrada pared,BC,18,EM,NO,Noche entera,-,-,-,-,-,Cambio lámpara+equipo,Empotrada pared,L_Bulb-7,EL,NO,Santa Cruz de La Palma,18,,7,Urbanización Los Nacientes 
229287.020047851,3176514.09056281,5307,22024,CM-022,Urb. Los nacientes,E1-E2,S4,0,Indefinido,0,1,Directo,4,Empotrada pared,BC,18,EM,NO,Noche entera,-,-,-,-,-,Cambio lámpara+equipo,Empotrada pared,L_Bulb-7,EL,NO,Santa Cruz de La Palma,18,,7,Urbanización Los Nacientes 
229284.504096006,3176509.62682044,5308,22023,CM-022,Urb. Los nacientes,E1-E2,S4,0,Indefinido,0,1,Directo,4,Empotrada pared,BC,18,EM,NO,Noche entera,-,-,-,-,-,Cambio lámpara+equipo,Empotrada pared,L_Bulb-7,EL,NO,Santa Cruz de La Palma,18,,7,Urbanización Los Nacientes 
229292.619490617,3176512.20469022,5309,22025,CM-022,Urb. Los nacientes,E1-E2,S4,0,Indefinido,0,1,Directo,4,Empotrada pared,BC,18,EM,NO,Noche entera,-,-,-,-,-,Cambio lámpara+equipo,Empotrada pared,L_Bulb-7,EL,NO,Santa Cruz de La Palma,18,,7,Urbanización Los Nacientes 
229297.342078597,3176508.48971045,5310,22027,CM-022,Urb. Los nacientes,E1-E2,S4,0,Indefinido,0,1,Directo,4,Empotrada pared,BC,18,EM,NO,Noche entera,-,-,-,-,-,Cambio lámpara+equipo,Empotrada pared,L_Bulb-7,EL,NO,Santa Cruz de La Palma,18,,7,Urbanización Los Nacientes 
229294.196448359,3176507.16968974,5311,22026,CM-022,Urb. Los nacientes,E1-E2,S4,0,Indefinido,0,1,Directo,4,Empotrada pared,BC,18,EM,NO,Noche entera,-,-,-,-,-,Cambio lámpara+equipo,Empotrada pared,L_Bulb-7,EL,NO,Santa Cruz de La Palma,18,,7,Urbanización Los Nacientes 
229306.715449129,3176502.76811899,5312,22029,CM-022,Urb. Los nacientes,E1-E2,S4,0,Indefinido,0,1,Directo,4,Empotrada pared,BC,18,EM,NO,Noche entera,-,-,-,-,-,Cambio lámpara+equipo,Empotrada pared,L_Bulb-7,EL,NO,Santa Cruz de La Palma,18,,7,Urbanización Los Nacientes 
229303.631958205,3176501.69948789,5313,22028,CM-022,Urb. Los nacientes,E1-E2,S4,0,Indefinido,0,1,Directo,4,Empotrada pared,BC,18,EM,NO,Noche entera,-,-,-,-,-,Cambio lámpara+equipo,Empotrada pared,L_Bulb-7,EL,NO,Santa Cruz de La Palma,18,,7,Urbanización Los Nacientes 
229279.75094664,3176498.43473697,5314,22035,CM-022,Urb. Los nacientes,E1-E2,S4,0,Indefinido,0,1,Brazo,6,Viaria con cierre vidrio plano (tipo I),VSBP,35,EM,NO,Noche entera,-,-,-,-,-,Cambio luminaria,PC Ámbar,PC Ámbar-32,EL,DP,Santa Cruz de La Palma,35,,32,Urbanización Los Nacientes 
229279.605,3176491.255,5315,22040,CM-022,Urb. Los nacientes,E1-E2,S4,0,Indefinido,0,1,Brazo,6,Viaria con cierre vidrio plano (tipo I),VSBP,35,EM,NO,Noche entera,-,-,-,-,-,Cambio luminaria,PC Ámbar,PC Ámbar-32,EL,DP,Santa Cruz de La Palma,35,,32,Urbanización Los Nacientes 
229285.467999999,3176487.446,5316,22041,CM-022,Urb. Los nacientes,E1-E2,S4,0,Indefinido,0,1,Brazo,6,Viaria con cierre vidrio plano (tipo I),VSBP,35,EM,NO,Noche entera,-,-,-,-,-,Cambio luminaria,PC Ámbar,PC Ámbar-32,EL,DP,Santa Cruz de La Palma,35,,32,Urbanización Los Nacientes 
229281.139,3176480.783,5317,22038,CM-022,Urb. Los nacientes,E1-E2,S4,0,Indefinido,0,1,Brazo,6,Viaria con cierre vidrio plano (tipo I),VSBP,35,EM,NO,Noche entera,-,-,-,-,-,Cambio luminaria,PC Ámbar,PC Ámbar-32,EL,DP,Santa Cruz de La Palma,35,,32,Urbanización Los Nacientes 
229275.276,3176484.592,5318,22039,CM-022,Urb. Los nacientes,E1-E2,S4,0,Indefinido,0,1,Brazo,6,Viaria con cierre vidrio plano (tipo I),VSBP,35,EM,NO,Noche entera,-,-,-,-,-,Cambio luminaria,PC Ámbar,PC Ámbar-32,EL,DP,Santa Cruz de La Palma,35,,32,Urbanización Los Nacientes 
229291.383331833,3176498.26255117,5319,22042,CM-022,Urb. Los nacientes,E1-E2,S4,0,Indefinido,0,1,Brazo,6,Viaria con cierre vidrio plano (tipo I),VSBP,35,EM,NO,Noche entera,-,-,-,-,-,Cambio luminaria,PC Ámbar,PC Ámbar-32,EL,DP,Santa Cruz de La Palma,35,,32,Urbanización Los Nacientes 
229293.14281716,3176497.1725432,5320,22043,CM-022,Urb. Los nacientes,E1-E2,S4,0,Indefinido,0,1,Brazo,6,Viaria con cierre vidrio plano (tipo I),VSBP,35,EM,NO,Noche entera,-,-,-,-,-,Cambio luminaria,PC Ámbar,PC Ámbar-32,EL,DP,Santa Cruz de La Palma,35,,32,Urbanización Los Nacientes 
229304.989477998,3176489.83349089,5321,22044,CM-022,Urb. Los nacientes,E1-E2,S4,0,Indefinido,0,1,Brazo,6,Viaria con cierre vidrio plano (tipo I),VSBP,35,EM,NO,Noche entera,-,-,-,-,-,Cambio luminaria,PC Ámbar,PC Ámbar-32,EL,DP,Santa Cruz de La Palma,35,,32,Urbanización Los Nacientes 
229306.480887454,3176488.90955695,5322,22045,CM-022,Urb. Los nacientes,E1-E2,S4,0,Indefinido,0,1,Brazo,6,Viaria con cierre vidrio plano (tipo I),VSBP,35,EM,NO,Noche entera,-,-,-,-,-,Cambio luminaria,PC Ámbar,PC Ámbar-32,EL,DP,Santa Cruz de La Palma,35,,32,Urbanización Los Nacientes 
229313.77675846,3176495.44361953,5323,22046,CM-022,Urb. Los nacientes,E1-E2,S4,0,Indefinido,0,1,Brazo,6,Viaria con cierre vidrio plano (tipo I),VSBP,35,EM,NO,Noche entera,-,-,-,-,-,Cambio luminaria,PC Ámbar,PC Ámbar-32,EL,DP,Santa Cruz de La Palma,35,,32,Urbanización Los Nacientes 
229291.528000001,3176464.332,5324,22037,CM-022,Urb. Los nacientes,E1-E2,S4,0,Indefinido,0,1,Brazo,6,Viaria con cierre vidrio plano (tipo I),VSBP,35,EM,NO,Noche entera,-,-,-,-,-,Cambio luminaria,PC Ámbar,PC Ámbar-32,EL,DP,Santa Cruz de La Palma,35,,32,Urbanización Los Nacientes 
229285.663144064,3176472.48504094,5325,22036,CM-022,Urb. Los nacientes,E1-E2,S4,0,Indefinido,0,1,Brazo,6,Viaria con cierre vidrio plano (tipo I),VSBP,35,EM,NO,Noche entera,-,-,-,-,-,Cambio luminaria,PC Ámbar,PC Ámbar-32,EL,DP,Santa Cruz de La Palma,35,,32,Urbanización Los Nacientes 
229241.208182681,3176485.12038825,5326,22030,CM-022,Urb. Los nacientes,E1-E2,S4,0,Indefinido,0,1,Brazo,6,Viaria con cierre vidrio plano (tipo I),VSBP,35,EM,NO,Noche entera,-,-,-,-,-,Cambio luminaria,PC Ámbar,PC Ámbar-32,EL,DP,Santa Cruz de La Palma,35,,32,Urbanización Los Nacientes 
229245.615931464,3176491.41503989,5327,22031,CM-022,Urb. Los nacientes,E1-E2,S4,0,Indefinido,0,1,Brazo,6,Viaria con cierre vidrio plano (tipo I),VSBP,35,EM,NO,Noche entera,-,-,-,-,-,Cambio luminaria,PC Ámbar,PC Ámbar-32,EL,DP,Santa Cruz de La Palma,35,,32,Urbanización Los Nacientes 
229256.824483115,3176501.839,5328,22032,CM-022,Urb. Los nacientes,E1-E2,S4,0,Indefinido,0,1,Brazo,6,Viaria con cierre vidrio plano (tipo I),VSBP,35,EM,NO,Noche entera,-,-,-,-,-,Cambio luminaria,PC Ámbar,PC Ámbar-32,EL,DP,Santa Cruz de La Palma,35,,32,Urbanización Los Nacientes 
229261.988950673,3176510.42423908,5329,22033,CM-022,Urb. Los nacientes,E1-E2,S4,0,Indefinido,0,1,Brazo,6,Viaria con cierre vidrio plano (tipo I),VSBP,35,EM,NO,Noche entera,-,-,-,-,-,Cambio luminaria,PC Ámbar,PC Ámbar-32,EL,DP,Santa Cruz de La Palma,35,,32,Urbanización Los Nacientes 
229273.287195698,3176521.85198772,5330,22034,CM-022,Urb. Los nacientes,E1-E2,S4,0,Indefinido,0,1,Brazo,6,Viaria con cierre vidrio plano (tipo I),VSBP,35,EM,NO,Noche entera,-,-,-,-,-,Cambio luminaria,PC Ámbar,PC Ámbar-32,EL,DP,Santa Cruz de La Palma,35,,32,Urbanización Los Nacientes 
229298.321012499,3176465.53388027,5331,22047,CM-022,Urb. Los nacientes,E1-E2,S4,5,Unilateral,8,1,Directo,6,Empotrada pared,BC,18,EM,NO,Noche entera,-,-,-,-,-,Cambio lámpara+equipo,Empotrada pared,L_Bulb-7,EL,NO,Santa Cruz de La Palma,18,,7,Urbanización Los Nacientes 
229300.563369292,3176469.10312513,5332,22048,CM-022,Urb. Los nacientes,E1-E2,S4,5,Unilateral,8,1,Directo,6,Empotrada pared,BC,18,EM,NO,Noche entera,-,-,-,-,-,Cambio lámpara+equipo,Empotrada pared,L_Bulb-7,EL,NO,Santa Cruz de La Palma,18,,7,Urbanización Los Nacientes 
229302.598192593,3176472.34203102,5333,22049,CM-022,Urb. Los nacientes,E1-E2,S4,5,Unilateral,8,1,Directo,6,Empotrada pared,BC,18,EM,NO,Noche entera,-,-,-,-,-,Cambio lámpara+equipo,Empotrada pared,L_Bulb-7,EL,NO,Santa Cruz de La Palma,18,,7,Urbanización Los Nacientes 
229304.481114808,3176475.33915014,5334,22050,CM-022,Urb. Los nacientes,E1-E2,S4,5,Unilateral,8,1,Directo,6,Empotrada pared,BC,18,EM,NO,Noche entera,-,-,-,-,-,Cambio lámpara+equipo,Empotrada pared,L_Bulb-7,EL,NO,Santa Cruz de La Palma,18,,7,Urbanización Los Nacientes 
229306.050700565,3176477.83751968,5335,22051,CM-022,Urb. Los nacientes,E1-E2,S4,5,Unilateral,8,1,Directo,6,Empotrada pared,BC,18,EM,NO,Noche entera,-,-,-,-,-,Cambio lámpara+equipo,Empotrada pared,L_Bulb-7,EL,NO,Santa Cruz de La Palma,18,,7,Urbanización Los Nacientes 
229308.024593811,3176480.97944087,5336,22052,CM-022,Urb. Los nacientes,E1-E2,S4,5,Unilateral,8,1,Directo,6,Empotrada pared,BC,18,EM,NO,Noche entera,-,-,-,-,-,Cambio lámpara+equipo,Empotrada pared,L_Bulb-7,EL,NO,Santa Cruz de La Palma,18,,7,Urbanización Los Nacientes 
229792.448757942,3176428.72365859,5738,1096,CM-001,Urbanizacion tamarahoya,E1-E2,S4,6,Indefinido,0,1,Columna,6,Peatonal cierre plano,VSBP,35,EM,NO,Noche entera,-,-,-,-,-,Cambio luminaria,PC Ámbar,PC Ámbar-32,EL,DP,Santa Cruz de La Palma,35,,32,C/ El Pilar 
229796.636757943,3176432.9856586,5739,1097,CM-001,Urbanizacion tamarahoya,E1-E2,S4,6,Indefinido,0,1,Columna,6,Peatonal cierre plano,VSBP,35,EM,NO,Noche entera,-,-,-,-,-,Cambio luminaria,PC Ámbar,PC Ámbar-32,EL,DP,Santa Cruz de La Palma,35,,32,C/ El Pilar 
229801.213640269,3176437.92851756,5740,1098,CM-001,Urbanizacion tamarahoya,E1-E2,S4,6,Indefinido,0,1,Columna,6,Peatonal cierre plano,VSBP,35,EM,NO,Noche entera,-,-,-,-,-,Cambio luminaria,PC Ámbar,PC Ámbar-32,EL,DP,Santa Cruz de La Palma,35,,32,C/ El Pilar 
229806.594549183,3176444.69890006,5741,1099,CM-001,Urbanizacion tamarahoya,E1-E2,S4,6,Indefinido,0,1,Columna,6,Peatonal cierre plano,VSBP,35,EM,NO,Noche entera,-,-,-,-,-,Cambio luminaria,PC Ámbar,PC Ámbar-32,EL,DP,Santa Cruz de La Palma,35,,32,C/ El Pilar 
229816.066423092,3176454.06060152,5742,1100,CM-001,Urbanizacion tamarahoya,E1-E2,S4,6,Indefinido,0,1,Columna,6,Peatonal cierre plano,VSBP,35,EM,NO,Noche entera,-,-,-,-,-,Cambio luminaria,PC Ámbar,PC Ámbar-32,EL,DP,Santa Cruz de La Palma,35,,32,C/ El Pilar 
229823.314808114,3176462.28355945,5743,1101,CM-001,Urbanizacion tamarahoya,E1-E2,S4,6,Indefinido,0,1,Columna,6,Peatonal cierre plano,VSBP,35,EM,NO,Noche entera,-,-,-,-,-,Cambio luminaria,PC Ámbar,PC Ámbar-32,EL,DP,Santa Cruz de La Palma,35,,32,C/ El Pilar 
229834.362757943,3176475.43665859,5744,1102,CM-001,Urbanizacion tamarahoya,E1-E2,S4,6,Indefinido,0,1,Columna,6,Peatonal cierre plano,VSBP,35,EM,NO,Noche entera,-,-,-,-,-,Cambio luminaria,PC Ámbar,PC Ámbar-32,EL,DP,Santa Cruz de La Palma,35,,32,C/ El Pilar 
229729.603567132,3176535.51523504,5772,1094,CM-001,Urbanizacion tamarahoya,E1-E2,S4,6,Indefinido,0,1,Columna,6,Peatonal cierre plano,VSBP,35,EM,NO,Noche entera,-,-,-,-,-,Cambio luminaria,PC Ámbar,PC Ámbar-32,EL,DP,Santa Cruz de La Palma,35,,32,C/ El Pilar 
229735.426742529,3176541.04238358,5773,1095,CM-001,Urbanizacion tamarahoya,E1-E2,S4,6,Indefinido,0,1,Columna,6,Peatonal cierre plano,VSBP,35,EM,NO,Noche entera,-,-,-,-,-,Cambio luminaria,PC Ámbar,PC Ámbar-32,EL,DP,Santa Cruz de La Palma,35,,32,C/ El Pilar 
230109.379294235,3186415.27614386,5843,1025,CM-001,Camino El Tanque,B2,ME5,3,Unilateral,50,1,Columna,6,Viaria con cierre vidrio plano (tipo I),VSBP,35,EM,NO,Noche entera,-,-,-,-,-,Cambio equipo,Viaria con cierre vidrio plano (tipo I),VSBP-35,EL,NO,San Andrés y Sauces,35,,35,"FUENTE NUEVA, LOS GALGITOS 1 "
230076.906074743,3186419.30334386,5844,1024,CM-001,Camino El Tanque,B2,ME5,3,Unilateral,50,1,Columna,6,Viaria con cierre vidrio plano (tipo I),VSBP,35,EM,NO,Noche entera,-,-,-,-,-,Cambio equipo,Viaria con cierre vidrio plano (tipo I),VSBP-35,EL,NO,San Andrés y Sauces,35,,35,"FUENTE NUEVA, LOS GALGITOS 1 "
230035.052008765,3186403.86196761,5845,1023,CM-001,Camino El Tanque,B2,ME5,3,Unilateral,50,1,Columna,6,Viaria con cierre vidrio plano (tipo I),VSBP,35,EM,NO,Noche entera,-,-,-,-,-,Cambio equipo,Viaria con cierre vidrio plano (tipo I),VSBP-35,EL,NO,San Andrés y Sauces,35,,35,"FUENTE NUEVA, LOS GALGITOS 1 "
229973.71410017,3186394.48985899,5846,1022,CM-001,Camino El Tanque,B2,ME5,3,Unilateral,50,1,Columna,6,Viaria con cierre vidrio plano (tipo I),VSBP,35,EM,NO,Noche entera,-,-,-,-,-,Cambio equipo,Viaria con cierre vidrio plano (tipo I),VSBP-35,EL,NO,San Andrés y Sauces,35,,35,"FUENTE NUEVA, LOS GALGITOS 1 "
229945.064893292,3186387.04827564,5847,1021,CM-001,Camino El Tanque,B2,ME5,3,Unilateral,50,1,Columna,6,Viaria con cierre vidrio plano (tipo I),VSBP,35,EM,NO,Noche entera,-,-,-,-,-,Cambio equipo,Viaria con cierre vidrio plano (tipo I),VSBP-35,EL,NO,San Andrés y Sauces,35,,35,"FUENTE NUEVA, LOS GALGITOS 1 "
229905.31463802,3186377.01569239,5848,1020,CM-001,Camino El Tanque,B2,ME5,3,Unilateral,50,1,Columna,6,Viaria con cierre vidrio plano (tipo I),VSBP,35,EM,NO,Noche entera,-,-,-,-,-,Cambio equipo,Viaria con cierre vidrio plano (tipo I),VSBP-35,EL,NO,San Andrés y Sauces,35,,35,"FUENTE NUEVA, LOS GALGITOS 1 "
229829.539239308,3186290.47284386,5849,1018,CM-001,Camino El Tanque,B2,ME5,3,Unilateral,50,1,Columna,6,Viaria con cierre vidrio plano (tipo I),VSBP,35,EM,NO,Noche entera,-,-,-,-,-,Cambio equipo,Viaria con cierre vidrio plano (tipo I),VSBP-35,EL,NO,San Andrés y Sauces,35,,35,"FUENTE NUEVA, LOS GALGITOS 1 "
229789.868798096,3186232.04412681,5850,1012,CM-001,Camino El Tanque,B2,ME5,3,Unilateral,50,1,Columna,6,Viaria con cierre vidrio plano (tipo I),VSBP,35,EM,NO,Noche entera,-,-,-,-,-,Cambio equipo,Viaria con cierre vidrio plano (tipo I),VSBP-35,EL,NO,San Andrés y Sauces,35,,35,"FUENTE NUEVA, LOS GALGITOS 1 "
229829.026123442,3186216.32303035,5851,1013,CM-001,Camino El Tanque,B2,ME5,3,Unilateral,50,1,Columna,6,Viaria con cierre vidrio plano (tipo I),VSBP,35,EM,NO,Noche entera,-,-,-,-,-,Cambio equipo,Viaria con cierre vidrio plano (tipo I),VSBP-35,EL,NO,San Andrés y Sauces,35,,35,"FUENTE NUEVA, LOS GALGITOS 1 "
229857.020094236,3186227.64133543,5852,1016,CM-001,Camino El Tanque,B2,ME5,3,Unilateral,50,1,Columna,6,Viaria con cierre vidrio plano (tipo I),VSBP,35,EM,NO,Noche entera,-,-,-,-,-,Cambio equipo,Viaria con cierre vidrio plano (tipo I),VSBP-35,EL,NO,San Andrés y Sauces,35,,35,"FUENTE NUEVA, LOS GALGITOS 1 "
229904.739494235,3186251.63254386,5853,1017,CM-001,Camino El Tanque,B2,ME5,3,Unilateral,50,1,Columna,6,Viaria con cierre vidrio plano (tipo I),VSBP,35,EM,NO,Noche entera,-,-,-,-,-,Cambio equipo,Viaria con cierre vidrio plano (tipo I),VSBP-35,EL,NO,San Andrés y Sauces,35,,35,"FUENTE NUEVA, LOS GALGITOS 1 "
229845.095077161,3186168.87284386,5854,1014,CM-001,Camino El Tanque,B2,ME5,3,Unilateral,50,1,Columna,6,Viaria con cierre vidrio plano (tipo I),VSBP,35,EM,NO,Noche entera,-,-,-,-,-,Cambio equipo,Viaria con cierre vidrio plano (tipo I),VSBP-35,EL,NO,San Andrés y Sauces,35,,35,"FUENTE NUEVA, LOS GALGITOS 1 "
229860.634215273,3186128.15047174,5855,1015,CM-001,Camino El Tanque,B2,ME5,3,Unilateral,50,1,Columna,6,Viaria con cierre vidrio plano (tipo I),VSBP,35,EM,NO,Noche entera,-,-,-,-,-,Cambio equipo,Viaria con cierre vidrio plano (tipo I),VSBP-35,EL,NO,San Andrés y Sauces,35,,35,"FUENTE NUEVA, LOS GALGITOS 1 "
229752.074945277,3186232.92055593,5856,1011,CM-001,Camino El Tanque,B2,ME5,3,Unilateral,50,1,Columna,6,Viaria con cierre vidrio plano (tipo I),VSBP,35,EM,NO,Noche entera,-,-,-,-,-,Cambio equipo,Viaria con cierre vidrio plano (tipo I),VSBP-35,EL,NO,San Andrés y Sauces,35,,35,"FUENTE NUEVA, LOS GALGITOS 1 "
229717.125771451,3186215.83564201,5857,1010,CM-001,Camino El Tanque,B2,ME5,3,Unilateral,50,1,Columna,6,Viaria con cierre vidrio plano (tipo I),VSBP,35,EM,NO,Noche entera,-,-,-,-,-,Cambio equipo,Viaria con cierre vidrio plano (tipo I),VSBP-35,EL,NO,San Andrés y Sauces,35,,35,"FUENTE NUEVA, LOS GALGITOS 1 "
229670.887071451,3186200.59501231,5858,1009,CM-001,Camino El Tanque,B2,ME5,3,Unilateral,50,1,Columna,6,Viaria con cierre vidrio plano (tipo I),VSBP,35,EM,NO,Noche entera,-,-,-,-,-,Cambio equipo,Viaria con cierre vidrio plano (tipo I),VSBP-35,EL,NO,San Andrés y Sauces,35,,35,"FUENTE NUEVA, LOS GALGITOS 1 "
229630.676571449,3186178.07421232,5859,1008,CM-001,Camino El Tanque,B2,ME5,3,Unilateral,50,1,Columna,6,Viaria con cierre vidrio plano (tipo I),VSBP,35,EM,NO,Noche entera,-,-,-,-,-,Cambio equipo,Viaria con cierre vidrio plano (tipo I),VSBP-35,EL,NO,San Andrés y Sauces,35,,35,"FUENTE NUEVA, LOS GALGITOS 1 "
229564.866331391,3186158.23052172,5860,1007,CM-001,Camino El Tanque,B2,ME5,3,Unilateral,50,1,Columna,6,Viaria con cierre vidrio plano (tipo I),VSBP,35,EM,NO,Noche entera,-,-,-,-,-,Cambio equipo,Viaria con cierre vidrio plano (tipo I),VSBP-35,EL,NO,San Andrés y Sauces,35,,35,"FUENTE NUEVA, LOS GALGITOS 1 "
229521.297872727,3186154.10513547,5861,1006,CM-001,Camino El Tanque,B2,ME5,3,Unilateral,50,1,Columna,6,Viaria con cierre vidrio plano (tipo I),VSBP,35,EM,NO,Noche entera,-,-,-,-,-,Cambio equipo,Viaria con cierre vidrio plano (tipo I),VSBP-35,EL,NO,San Andrés y Sauces,35,,35,"FUENTE NUEVA, LOS GALGITOS 1 "
229477.54667145,3186137.9342225,5862,1005,CM-001,Camino El Tanque,B2,ME5,3,Unilateral,50,1,Columna,6,Viaria con cierre vidrio plano (tipo I),VSBP,35,EM,NO,Noche entera,-,-,-,-,-,Cambio equipo,Viaria con cierre vidrio plano (tipo I),VSBP-35,EL,NO,San Andrés y Sauces,35,,35,"FUENTE NUEVA, LOS GALGITOS 1 "
229434.989253096,3186125.97886815,5863,1004,CM-001,Camino El Tanque,B2,ME5,3,Unilateral,50,1,Columna,6,Viaria con cierre vidrio plano (tipo I),VSBP,35,EM,NO,Noche entera,-,-,-,-,-,Cambio equipo,Viaria con cierre vidrio plano (tipo I),VSBP-35,EL,NO,San Andrés y Sauces,35,,35,"FUENTE NUEVA, LOS GALGITOS 1 "
229377.20587145,3186125.76521232,5864,1003,CM-001,Camino El Tanque,B2,ME5,3,Unilateral,50,1,Columna,6,Viaria con cierre vidrio plano (tipo I),VSBP,35,EM,NO,Noche entera,-,-,-,-,-,Cambio equipo,Viaria con cierre vidrio plano (tipo I),VSBP-35,EL,NO,San Andrés y Sauces,35,,35,"FUENTE NUEVA, LOS GALGITOS 1 "
229367.837171449,3186074.70791232,5865,1002,CM-001,Camino El Tanque,B2,ME5,3,Unilateral,50,1,Columna,6,Viaria con cierre vidrio plano (tipo I),VSBP,35,EM,NO,Noche entera,-,-,-,-,-,Cambio equipo,Viaria con cierre vidrio plano (tipo I),VSBP-35,EL,NO,San Andrés y Sauces,35,,35,"FUENTE NUEVA, LOS GALGITOS 1 "
229360.325171449,3186057.38241232,5866,1001,CM-001,Camino El Tanque,B2,ME5,3,Unilateral,50,1,Columna,6,Viaria con cierre vidrio plano (tipo I),VSBP,35,EM,NO,Noche entera,-,-,-,-,-,Cambio equipo,Viaria con cierre vidrio plano (tipo I),VSBP-35,EL,NO,San Andrés y Sauces,35,,35,"FUENTE NUEVA, LOS GALGITOS 1 "
230003.69844925,3186399.44163067,5867,1026,CM-001,Camino El Tanque,B2,ME5,3,Unilateral,50,1,Columna,6,Viaria con cierre vidrio plano (tipo I),VSBP,35,EM,NO,Noche entera,-,-,-,-,-,Cambio equipo,Viaria con cierre vidrio plano (tipo I),VSBP-35,EL,NO,San Andrés y Sauces,35,,35,"FUENTE NUEVA, LOS GALGITOS 1 "
230123.286229532,3186375.49335017,5868,1027,CM-001,Camino el Tanque 2,B2,ME5,3,Unilateral,35,1,Brazo,6,Viaria con cierre vidrio plano (tipo I),VSBP,35,EM,NO,Noche entera,-,-,-,-,-,Cambio luminaria,PC Ámbar,PC Ámbar-49,EL,DP,San Andrés y Sauces,35,,49,"FUENTE NUEVA, LOS GALGITOS 1 "
230122.807657533,3186411.62241595,5869,1028,CM-001,Camino el Tanque 2,B2,ME5,3,Unilateral,35,1,Brazo,6,Viaria con cierre vidrio plano (tipo I),VSBP,35,EM,NO,Noche entera,-,-,-,-,-,Cambio luminaria,PC Ámbar,PC Ámbar-49,EL,DP,San Andrés y Sauces,35,,49,"FUENTE NUEVA, LOS GALGITOS 1 "
230151.061812177,3186414.01198395,5870,1029,CM-001,Camino el Tanque 2,B2,ME5,3,Unilateral,35,1,Brazo,6,Viaria con cierre vidrio plano (tipo I),VSBP,35,EM,NO,Noche entera,-,-,-,-,-,Cambio luminaria,PC Ámbar,PC Ámbar-49,EL,DP,San Andrés y Sauces,35,,49,"FUENTE NUEVA, LOS GALGITOS 1 "
230215.245680094,3186407.07622527,5871,1030,CM-001,Camino el Tanque 2,B2,ME5,3,Unilateral,35,1,Brazo,6,Viaria con cierre vidrio plano (tipo I),VSBP,35,EM,NO,Noche entera,-,-,-,-,-,Cambio luminaria,PC Ámbar,PC Ámbar-49,EL,DP,San Andrés y Sauces,35,,49,"FUENTE NUEVA, LOS GALGITOS 1 "
230239.027027197,3186383.23314587,5872,1031,CM-001,Camino el Tanque 2,B2,ME5,3,Unilateral,35,1,Brazo,6,Viaria con cierre vidrio plano (tipo I),VSBP,35,EM,NO,Noche entera,-,-,-,-,-,Cambio luminaria,PC Ámbar,PC Ámbar-49,EL,DP,San Andrés y Sauces,35,,49,"FUENTE NUEVA, LOS GALGITOS 1 "
230256.697377987,3186351.97338845,5873,1032,CM-001,Camino el Tanque 2,B2,ME5,3,Unilateral,35,1,Brazo,6,Viaria con cierre vidrio plano (tipo I),VSBP,35,EM,NO,Noche entera,-,-,-,-,-,Cambio luminaria,PC Ámbar,PC Ámbar-49,EL,DP,San Andrés y Sauces,35,,49,"FUENTE NUEVA, LOS GALGITOS 1 "
230266.011125383,3186371.5407943,5874,1033,CM-001,Camino el Tanque 2,B2,ME5,3,Unilateral,35,1,Brazo,6,Viaria con cierre vidrio plano (tipo I),VSBP,35,EM,NO,Noche entera,-,-,-,-,-,Cambio luminaria,PC Ámbar,PC Ámbar-49,EL,DP,San Andrés y Sauces,35,,49,"FUENTE NUEVA, LOS GALGITOS 1 "
230281.30702278,3186404.70168601,5875,1034,CM-001,Camino el Tanque 2,B2,ME5,3,Unilateral,35,1,Brazo,6,Viaria con cierre vidrio plano (tipo I),VSBP,35,EM,NO,Noche entera,-,-,-,-,-,Cambio luminaria,PC Ámbar,PC Ámbar-49,EL,DP,San Andrés y Sauces,35,,49,"FUENTE NUEVA, LOS GALGITOS 1 "
230282.5218594,3186351.49998347,5876,1035,CM-001,Camino el Tanque 2,B2,ME5,3,Unilateral,35,1,Brazo,6,Viaria con cierre vidrio plano (tipo I),VSBP,35,EM,NO,Noche entera,-,-,-,-,-,Cambio luminaria,PC Ámbar,PC Ámbar-49,EL,DP,San Andrés y Sauces,35,,49,"FUENTE NUEVA, LOS GALGITOS 1 "
230310.776014044,3186364.11660191,5877,1036,CM-001,Camino el Tanque 2,B2,ME5,3,Unilateral,35,1,Brazo,6,Viaria con cierre vidrio plano (tipo I),VSBP,35,EM,NO,Noche entera,-,-,-,-,-,Cambio luminaria,PC Ámbar,PC Ámbar-49,EL,DP,San Andrés y Sauces,35,,49,"FUENTE NUEVA, LOS GALGITOS 1 "
230331.46637145,3186393.25730847,5878,1037,CM-001,Camino el Tanque 2,B2,ME5,3,Unilateral,35,1,Brazo,6,Viaria con cierre vidrio plano (tipo I),VSBP,35,EM,NO,Noche entera,-,-,-,-,-,Cambio luminaria,PC Ámbar,PC Ámbar-49,EL,DP,San Andrés y Sauces,35,,49,"FUENTE NUEVA, LOS GALGITOS 1 "
229607.816871448,3186332.10431232,5879,1043,CM-001,Camino Fuente Nueva,B1,ME5,7,Unilateral,50,1,Brazo,6,Viaria con cierre vidrio plano (tipo I),VSBP,35,EM,NO,Noche entera,-,-,-,-,-,Cambio equipo,Viaria con cierre vidrio plano (tipo I),VSBP-35,EL,NO,San Andrés y Sauces,35,,35,"FUENTE NUEVA, LOS GALGITOS 1 "
229564.47979247,3186296.13414389,5880,1042,CM-001,Camino Fuente Nueva,B1,ME5,7,Unilateral,50,1,Brazo,6,Viaria con cierre vidrio plano (tipo I),VSBP,35,EM,NO,Noche entera,-,-,-,-,-,Cambio equipo,Viaria con cierre vidrio plano (tipo I),VSBP-35,EL,NO,San Andrés y Sauces,35,,35,"FUENTE NUEVA, LOS GALGITOS 1 "
229525.255295037,3186272.8846993,5881,1041,CM-001,Camino Fuente Nueva,B1,ME5,7,Unilateral,50,1,Brazo,6,Viaria con cierre vidrio plano (tipo I),VSBP,35,EM,NO,Noche entera,-,-,-,-,-,Cambio equipo,Viaria con cierre vidrio plano (tipo I),VSBP-35,EL,NO,San Andrés y Sauces,35,,35,"FUENTE NUEVA, LOS GALGITOS 1 "
229480.03024099,3186249.97340113,5882,1040,CM-001,Camino Fuente Nueva,B1,ME5,7,Unilateral,50,1,Brazo,6,Viaria con cierre vidrio plano (tipo I),VSBP,35,EM,NO,Noche entera,-,-,-,-,-,Cambio equipo,Viaria con cierre vidrio plano (tipo I),VSBP-35,EL,NO,San Andrés y Sauces,35,,35,"FUENTE NUEVA, LOS GALGITOS 1 "
229477.729414065,3186208.56173692,5883,1039,CM-001,Camino Fuente Nueva,B1,ME5,7,Unilateral,50,1,Brazo,6,Viaria con cierre vidrio plano (tipo I),VSBP,35,EM,NO,Noche entera,-,-,-,-,-,Cambio equipo,Viaria con cierre vidrio plano (tipo I),VSBP-35,EL,NO,San Andrés y Sauces,35,,35,"FUENTE NUEVA, LOS GALGITOS 1 "
229539.722894748,3186183.58398844,5884,1038,CM-001,Camino Fuente Nueva,B1,ME5,7,Unilateral,50,1,Brazo,6,Viaria con cierre vidrio plano (tipo I),VSBP,35,EM,NO,Noche entera,-,-,-,-,-,Cambio equipo,Viaria con cierre vidrio plano (tipo I),VSBP-35,EL,NO,San Andrés y Sauces,35,,35,"FUENTE NUEVA, LOS GALGITOS 1 "
229916.487905465,3185950.3907067,5885,1044,CM-001,Camino El Tanque 3,B2,ME5,4,Unilateral,42,1,Columna,6,Viaria con cierre vidrio plano (tipo I),VSBP,35,EM,NO,Noche entera,-,-,-,-,-,Cambio luminaria,PC Ámbar,PC Ámbar-49,EL,DP,San Andrés y Sauces,35,,49,"FUENTE NUEVA, LOS GALGITOS 1 "
229869.238123721,3185944.3115856,5886,1045,CM-001,Camino El Tanque 3,B2,ME5,4,Unilateral,42,1,Columna,6,Viaria con cierre vidrio plano (tipo I),VSBP,35,EM,NO,Noche entera,-,-,-,-,-,Cambio luminaria,PC Ámbar,PC Ámbar-49,EL,DP,San Andrés y Sauces,35,,49,"FUENTE NUEVA, LOS GALGITOS 1 "
229813.87637145,3185966.91521232,5887,1046,CM-001,Camino El Tanque 3,B2,ME5,4,Unilateral,42,1,Columna,6,Viaria con cierre vidrio plano (tipo I),VSBP,35,EM,NO,Noche entera,-,-,-,-,-,Cambio luminaria,PC Ámbar,PC Ámbar-49,EL,DP,San Andrés y Sauces,35,,49,"FUENTE NUEVA, LOS GALGITOS 1 "
229802.727071448,3185990.22451232,5888,1047,CM-001,Camino El Tanque 3,B2,ME5,4,Unilateral,42,1,Columna,6,Viaria con cierre vidrio plano (tipo I),VSBP,35,EM,NO,Noche entera,-,-,-,-,-,Cambio luminaria,PC Ámbar,PC Ámbar-49,EL,DP,San Andrés y Sauces,35,,49,"FUENTE NUEVA, LOS GALGITOS 1 "
229812.756071449,3186015.93511232,5889,1048,CM-001,Camino El Tanque 3,B2,ME5,4,Unilateral,42,1,Columna,6,Viaria con cierre vidrio plano (tipo I),VSBP,35,EM,NO,Noche entera,-,-,-,-,-,Cambio luminaria,PC Ámbar,PC Ámbar-49,EL,DP,San Andrés y Sauces,35,,49,"FUENTE NUEVA, LOS GALGITOS 1 "
229826.927271449,3186034.13461232,5890,1049,CM-001,Camino El Tanque 3,B2,ME5,4,Unilateral,42,1,Columna,6,Viaria con cierre vidrio plano (tipo I),VSBP,35,EM,NO,Noche entera,-,-,-,-,-,Cambio luminaria,PC Ámbar,PC Ámbar-49,EL,DP,San Andrés y Sauces,35,,49,"FUENTE NUEVA, LOS GALGITOS 1 "
229859.104267008,3186363.18225468,5891,1019,CM-001,Camino El Tanque,B2,ME5,3,Unilateral,50,1,Columna,6,Viaria con cierre vidrio plano (tipo I),VSBP,35,EM,NO,Noche entera,-,-,-,-,-,Cambio equipo,Viaria con cierre vidrio plano (tipo I),VSBP-35,EL,NO,San Andrés y Sauces,35,,35,"FUENTE NUEVA, LOS GALGITOS 1 "
230951.389700001,3179612.4098,7082,1013,CM-001,La Verada,B1,ME5,3,Unilateral,31,1,Brazo,6,Viaria con cierre vidrio plano (tipo I),VSBP,35,EM,NO,Noche entera,-,-,-,-,-,Cambio luminaria,PC Ámbar,PC Ámbar-32,EL,DP,Puntallana,35,,32,"TENAGUA, LOMO DEL PINO "
230941.850100001,3179631.0599,7083,1012,CM-001,La Verada,B1,ME5,3,Unilateral,31,1,Brazo,6,Viaria con cierre vidrio plano (tipo I),VSBP,35,EM,NO,Noche entera,-,-,-,-,-,Cambio luminaria,PC Ámbar,PC Ámbar-32,EL,DP,Puntallana,35,,32,"TENAGUA, LOMO DEL PINO "
230896.1705,3179634.1299,7084,1011,CM-001,La Verada,B1,ME5,3,Unilateral,31,1,Brazo,6,Viaria con cierre vidrio plano (tipo I),VSBP,35,EM,NO,Noche entera,-,-,-,-,-,Cambio luminaria,PC Ámbar,PC Ámbar-32,EL,DP,Puntallana,35,,32,"TENAGUA, LOMO DEL PINO "
230835.880500001,3179669.6995,7085,1010,CM-001,La Verada,B1,ME5,3,Unilateral,20,1,Brazo,6,Viaria con cierre vidrio plano (tipo I),VSBP,35,EM,NO,Noche entera,-,-,-,-,-,Cambio luminaria,PC Ámbar,PC Ámbar-32,EL,DP,Puntallana,35,,32,"TENAGUA, LOMO DEL PINO "
230801.379900001,3179685.2695,7086,1008,CM-001,La Verada,B1,ME5,3,Unilateral,20,1,Brazo,6,Viaria con cierre vidrio plano (tipo I),VSBP,35,EM,NO,Noche entera,-,-,-,-,-,Cambio luminaria,PC Ámbar,PC Ámbar-32,EL,DP,Puntallana,35,,32,"TENAGUA, LOMO DEL PINO "
230822.017933919,3179675.95562754,7087,1009,CM-001,La Verada,B1,ME5,3,Unilateral,20,1,Brazo,6,Viaria con cierre vidrio plano (tipo I),VSBP,35,EM,NO,Noche entera,-,-,-,-,-,Cambio luminaria,PC Ámbar,PC Ámbar-32,EL,DP,Puntallana,35,,32,"TENAGUA, LOMO DEL PINO "
230784.920100001,3179690.1601,7088,1007,CM-001,La Verada,B1,ME5,3,Unilateral,20,1,Brazo,6,Viaria con cierre vidrio plano (tipo I),VSBP,35,EM,NO,Noche entera,-,-,-,-,-,Cambio luminaria,PC Ámbar,PC Ámbar-32,EL,DP,Puntallana,35,,32,"TENAGUA, LOMO DEL PINO "
231424.510500001,3180133.7702,7089,1014,CM-001,La Lomadita,B1,ME5,"8,5",Unilateral,70,1,Columna,6,Viaria cierre policarbonato-metacrilato,VSBP,55,EM,NO,Noche entera,-,-,-,-,-,Cambio luminaria,PC Ámbar,PC Ámbar-80,EL,DP,Puntallana,55,,80,"TENAGUA, LOMO DEL PINO "
231415.750200001,3180068.8302,7090,1015,CM-001,La Lomadita,B1,ME5,"8,5",Unilateral,70,1,Columna,6,Viaria cierre policarbonato-metacrilato,VSBP,55,EM,NO,Noche entera,-,-,-,-,-,Cambio luminaria,PC Ámbar,PC Ámbar-80,EL,DP,Puntallana,55,,80,"TENAGUA, LOMO DEL PINO "
231387.699700001,3179996.6003,7091,1016,CM-001,La Lomadita,B1,ME5,"8,5",Unilateral,70,1,Columna,6,Viaria cierre policarbonato-metacrilato,VSBP,55,EM,NO,Noche entera,-,-,-,-,-,Cambio luminaria,PC Ámbar,PC Ámbar-80,EL,DP,Puntallana,55,,80,"TENAGUA, LOMO DEL PINO "
231327.525132047,3179939.34926306,7092,1017,CM-001,La Lomadita,B1,ME5,"8,5",Unilateral,70,1,Columna,6,Viaria cierre policarbonato-metacrilato,VSBP,55,EM,NO,Noche entera,-,-,-,-,-,Cambio luminaria,PC Ámbar,PC Ámbar-80,EL,DP,Puntallana,55,,80,"TENAGUA, LOMO DEL PINO "
231253.6602,3179917.81033973,7093,1018,CM-001,La Lomadita,B1,ME5,"8,5",Unilateral,70,1,Columna,6,Viaria cierre policarbonato-metacrilato,VSBP,55,EM,NO,Noche entera,-,-,-,-,-,Cambio luminaria,PC Ámbar,PC Ámbar-80,EL,DP,Puntallana,55,,80,"TENAGUA, LOMO DEL PINO "
231213.300200001,3179939.7898,7094,1019,CM-001,La Lomadita,B1,ME5,"8,5",Unilateral,70,1,Columna,6,Viaria cierre policarbonato-metacrilato,VSBP,55,EM,NO,Noche entera,-,-,-,-,-,Cambio luminaria,PC Ámbar,PC Ámbar-80,EL,DP,Puntallana,55,,80,"TENAGUA, LOMO DEL PINO "
231168.68333166,3179863.86326454,7095,1020,CM-001,La Lomadita,B1,ME5,"8,5",Unilateral,70,1,Columna,6,Viaria cierre policarbonato-metacrilato,VSBP,55,EM,NO,Noche entera,-,-,-,-,-,Cambio luminaria,PC Ámbar,PC Ámbar-80,EL,DP,Puntallana,55,,80,"TENAGUA, LOMO DEL PINO "
231063.590400001,3179771.7995,7096,1021,CM-001,La Lomadita,B1,ME5,"8,5",Unilateral,70,1,Columna,6,Viaria cierre policarbonato-metacrilato,VSBP,55,EM,NO,Noche entera,-,-,-,-,-,Cambio luminaria,PC Ámbar,PC Ámbar-80,EL,DP,Puntallana,55,,80,"TENAGUA, LOMO DEL PINO "
231007.9504,3179734.23154265,7097,1022,CM-001,La Lomadita,B1,ME5,"8,5",Unilateral,70,1,Columna,6,Viaria cierre policarbonato-metacrilato,VSBP,55,EM,NO,Noche entera,-,-,-,-,-,Cambio luminaria,PC Ámbar,PC Ámbar-80,EL,DP,Puntallana,55,,80,"TENAGUA, LOMO DEL PINO "
231014.3002,3179699.33,7098,1023,CM-001,La Lomadita,B1,ME5,"8,5",Unilateral,70,1,Columna,6,Viaria cierre policarbonato-metacrilato,VSBP,55,EM,NO,Noche entera,-,-,-,-,-,Cambio luminaria,PC Ámbar,PC Ámbar-80,EL,DP,Puntallana,55,,80,"TENAGUA, LOMO DEL PINO "
231013.920300002,3179669.6903,7099,1024,CM-001,La Lomadita,B1,ME5,"8,5",Unilateral,70,1,Columna,6,Viaria cierre policarbonato-metacrilato,VSBP,55,EM,NO,Noche entera,-,-,-,-,-,Cambio luminaria,PC Ámbar,PC Ámbar-80,EL,DP,Puntallana,55,,80,"TENAGUA, LOMO DEL PINO "
230991.37451862,3179616.40923866,7100,1025,CM-001,La Lomadita,B1,ME5,"8,5",Unilateral,70,1,Columna,6,Viaria cierre policarbonato-metacrilato,VSBP,55,EM,NO,Noche entera,-,-,-,-,-,Cambio luminaria,PC Ámbar,PC Ámbar-80,EL,DP,Puntallana,55,,80,"TENAGUA, LOMO DEL PINO "
230973.080100001,3179560.0803,7101,1026,CM-001,La Lomadita,B1,ME5,"8,5",Unilateral,70,1,Columna,6,Viaria cierre policarbonato-metacrilato,VSBP,55,EM,NO,Noche entera,-,-,-,-,-,Cambio luminaria,PC Ámbar,PC Ámbar-80,EL,DP,Puntallana,55,,80,"TENAGUA, LOMO DEL PINO "
230942.349800001,3179463.5202,7102,1027,CM-001,La Lomadita,B1,ME5,"8,5",Unilateral,70,1,Columna,6,Viaria cierre policarbonato-metacrilato,VSBP,55,EM,NO,Noche entera,-,-,-,-,-,Cambio luminaria,PC Ámbar,PC Ámbar-80,EL,DP,Puntallana,55,,80,"TENAGUA, LOMO DEL PINO "
231011.7893,3179457.4305,7103,1028,CM-001,La Lomadita,B1,ME5,"8,5",Unilateral,70,1,Columna,6,Viaria cierre policarbonato-metacrilato,VSBP,55,EM,NO,Noche entera,-,-,-,-,-,Cambio luminaria,PC Ámbar,PC Ámbar-80,EL,DP,Puntallana,55,,80,"TENAGUA, LOMO DEL PINO "
231107.8405,3179495.4301,7104,1029,CM-001,La Lomadita,B1,ME5,"8,5",Unilateral,70,1,Columna,6,Viaria cierre policarbonato-metacrilato,VSBP,55,EM,NO,Noche entera,-,-,-,-,-,Cambio luminaria,PC Ámbar,PC Ámbar-80,EL,DP,Puntallana,55,,80,"TENAGUA, LOMO DEL PINO "
231192.4301,3179526.77797641,7105,1030,CM-001,La Lomadita,B1,ME5,"8,5",Unilateral,70,1,Columna,6,Viaria cierre policarbonato-metacrilato,VSBP,55,EM,NO,Noche entera,-,-,-,-,-,Cambio luminaria,PC Ámbar,PC Ámbar-80,EL,DP,Puntallana,55,,80,"TENAGUA, LOMO DEL PINO "
231281.659400001,3179562.3403,7106,1031,CM-001,La Lomadita,B1,ME5,"8,5",Unilateral,52,1,Columna,6,Viaria cierre policarbonato-metacrilato,VSBP,55,EM,NO,Noche entera,-,-,-,-,-,Cambio luminaria,PC Ámbar,PC Ámbar-80,EL,DP,Puntallana,55,,80,"TENAGUA, LOMO DEL PINO "
231327.829499999,3179589.8101,7107,1032,CM-001,La Lomadita,B1,ME5,"8,5",Unilateral,52,1,Columna,6,Viaria cierre policarbonato-metacrilato,VSBP,55,EM,NO,Noche entera,-,-,-,-,-,Cambio luminaria,PC Ámbar,PC Ámbar-80,EL,DP,Puntallana,55,,80,"TENAGUA, LOMO DEL PINO "
231358.039600001,3179618.37776721,7108,1033,CM-001,La Lomadita,B1,ME5,"8,5",Unilateral,52,1,Columna,6,Viaria cierre policarbonato-metacrilato,VSBP,55,EM,NO,Noche entera,-,-,-,-,-,Cambio luminaria,PC Ámbar,PC Ámbar-80,EL,DP,Puntallana,55,,80,"TENAGUA, LOMO DEL PINO "
231399.3303,3179657.7198,7109,1034,CM-001,La Lomadita,B1,ME5,"8,5",Unilateral,52,1,Columna,6,Viaria cierre policarbonato-metacrilato,VSBP,55,EM,NO,Noche entera,-,-,-,-,-,Cambio luminaria,PC Ámbar,PC Ámbar-80,EL,DP,Puntallana,55,,80,"TENAGUA, LOMO DEL PINO "
231438.448551904,3179690.08429587,7110,1035,CM-001,La Lomadita,B1,ME5,"8,5",Unilateral,52,1,Columna,6,Viaria cierre policarbonato-metacrilato,VSBP,55,EM,NO,Noche entera,-,-,-,-,-,Cambio luminaria,PC Ámbar,PC Ámbar-80,EL,DP,Puntallana,55,,80,"TENAGUA, LOMO DEL PINO "
231484.95,3179698.7299,7111,1036,CM-001,La Lomadita,B1,ME5,"8,5",Unilateral,52,1,Columna,6,Viaria cierre policarbonato-metacrilato,VSBP,55,EM,NO,Noche entera,-,-,-,-,-,Cambio luminaria,PC Ámbar,PC Ámbar-80,EL,DP,Puntallana,55,,80,"TENAGUA, LOMO DEL PINO "
231540.0505,3179699.78058793,7112,1037,CM-001,La Lomadita,B1,ME5,"8,5",Unilateral,52,1,Columna,6,Viaria cierre policarbonato-metacrilato,VSBP,55,EM,NO,Noche entera,-,-,-,-,-,Cambio luminaria,PC Ámbar,PC Ámbar-80,EL,DP,Puntallana,55,,80,"TENAGUA, LOMO DEL PINO "
231554.487172629,3179715.28294641,7113,1039,CM-001,Plaza tenagua,E1-E2,S4,10,Otra,0,1,Columna,5,Artística con Reflector,VSBP,35,EM,NO,Noche entera,-,-,-,-,-,Cambio luminaria,PC Ámbar,PC Ámbar-32,EL,DP,Puntallana,35,,32,"TENAGUA, LOMO DEL PINO "
231571.265707158,3179715.14090556,7114,1040,CM-001,Plaza tenagua,E1-E2,S4,10,Otra,0,1,Columna,5,Artística con Reflector,VSBP,35,EM,NO,Noche entera,-,-,-,-,-,Cambio luminaria,PC Ámbar,PC Ámbar-32,EL,DP,Puntallana,35,,32,"TENAGUA, LOMO DEL PINO "
231562.734284336,3179710.73795897,7115,1038,CM-001,Plaza tenagua,E1-E2,S4,10,Otra,0,1,Columna,5,Artística con Reflector,VSBP,35,EM,NO,Noche entera,-,-,-,-,-,Cambio luminaria,PC Ámbar,PC Ámbar-32,EL,DP,Puntallana,35,,32,"TENAGUA, LOMO DEL PINO "
231572.118849441,3179727.35556598,7116,1042,CM-001,Plaza tenagua,E1-E2,S4,10,Otra,0,1,Columna,5,Artística con Reflector,VSBP,35,EM,NO,Noche entera,-,-,-,-,-,Cambio luminaria,PC Ámbar,PC Ámbar-32,EL,DP,Puntallana,35,,32,"TENAGUA, LOMO DEL PINO "
231554.913769889,3179728.63384836,7117,1041,CM-001,Plaza tenagua,E1-E2,S4,10,Otra,0,1,Columna,5,Artística con Reflector,VSBP,35,EM,NO,Noche entera,-,-,-,-,-,Cambio luminaria,PC Ámbar,PC Ámbar-32,EL,DP,Puntallana,35,,32,"TENAGUA, LOMO DEL PINO "
231582.670400001,3179708.6003,7118,1071,CM-001,Carretera General 2,B1,ME5,10,Unilateral,17,1,Columna,6,Viaria con cierre vidrio plano (tipo I),VSBP,55,EM,NO,Noche entera,-,-,-,-,-,Cambio luminaria,PC Ámbar,PC Ámbar-49,EL,DP,Puntallana,55,,49,"TENAGUA, LOMO DEL PINO "
231604.7007,3179717.1384,7119,1072,CM-001,Carretera General 2,B1,ME5,10,Unilateral,17,1,Columna,6,Viaria con cierre vidrio plano (tipo I),VSBP,55,EM,NO,Noche entera,-,-,-,-,-,Cambio luminaria,PC Ámbar,PC Ámbar-49,EL,DP,Puntallana,55,,49,"TENAGUA, LOMO DEL PINO "
231200.769600001,3179470.9504,7120,1001,CM-001,Lomo del Pino,D3-D4,S4,8,Unilateral,60,1,Brazo,6,Viaria cierre policarbonato-metacrilato,VSBP,55,EM,NO,Noche entera,-,-,-,-,-,Cambio luminaria,PC Ámbar,PC Ámbar-80,EL,DP,Puntallana,55,,80,"TENAGUA, LOMO DEL PINO "
231127.7502,3179407.2002,7121,1003,CM-001,Lomo del Pino,D3-D4,S4,8,Unilateral,60,1,Brazo,6,Viaria cierre policarbonato-metacrilato,VSBP,55,EM,NO,Noche entera,-,-,-,-,-,Cambio luminaria,PC Ámbar,PC Ámbar-80,EL,DP,Puntallana,55,,80,"TENAGUA, LOMO DEL PINO "
231103.4998,3179364.95,7122,1004,CM-001,Lomo del Pino,D3-D4,S4,8,Unilateral,60,1,Brazo,6,Viaria cierre policarbonato-metacrilato,VSBP,55,EM,NO,Noche entera,-,-,-,-,-,Cambio luminaria,PC Ámbar,PC Ámbar-80,EL,DP,Puntallana,55,,80,"TENAGUA, LOMO DEL PINO "
231072.4501,3179333.90030001,7123,1005,CM-001,Lomo del Pino,D3-D4,S4,8,Unilateral,60,1,Brazo,6,Viaria cierre policarbonato-metacrilato,VSBP,55,EM,NO,Noche entera,-,-,-,-,-,Cambio luminaria,PC Ámbar,PC Ámbar-80,EL,DP,Puntallana,55,,80,"TENAGUA, LOMO DEL PINO "
231039.239700001,3179268.2997,7124,1006,CM-001,Lomo del Pino,D3-D4,S4,8,Unilateral,60,1,Brazo,6,Viaria cierre policarbonato-metacrilato,VSBP,55,EM,NO,Noche entera,-,-,-,-,-,Cambio luminaria,PC Ámbar,PC Ámbar-80,EL,DP,Puntallana,55,,80,"TENAGUA, LOMO DEL PINO "
230988.7196,3179130.7499,7125,1002,CM-001,Lomo del Pino,D3-D4,S4,8,Unilateral,60,1,Brazo,6,Viaria cierre policarbonato-metacrilato,VSBP,55,EM,NO,Noche entera,-,-,-,-,-,Cambio luminaria,PC Ámbar,PC Ámbar-80,EL,DP,Puntallana,55,,80,"TENAGUA, LOMO DEL PINO "
231317.25127576,3179251.1303,7126,1043,CM-001,El Chicharro,B1,ME5,3,Unilateral,35,1,Brazo,6,Viaria con cierre vidrio plano (tipo I),VSBP,35,EM,NO,Noche entera,-,-,-,-,-,Cambio luminaria,PC Ámbar,PC Ámbar-49,EL,DP,Puntallana,35,,49,"TENAGUA, LOMO DEL PINO "
231298.429500001,3179251.1303,7127,1044,CM-001,El Chicharro,B1,ME5,3,Unilateral,35,1,Brazo,6,Viaria con cierre vidrio plano (tipo I),VSBP,35,EM,NO,Noche entera,-,-,-,-,-,Cambio luminaria,PC Ámbar,PC Ámbar-49,EL,DP,Puntallana,35,,49,"TENAGUA, LOMO DEL PINO "
231261.709800001,3179229.3898,7128,1045,CM-001,El Chicharro,B1,ME5,3,Unilateral,35,1,Brazo,6,Viaria con cierre vidrio plano (tipo I),VSBP,35,EM,NO,Noche entera,-,-,-,-,-,Cambio luminaria,PC Ámbar,PC Ámbar-49,EL,DP,Puntallana,35,,49,"TENAGUA, LOMO DEL PINO "
231224.2601,3179209.98248459,7129,1046,CM-001,El Chicharro,B1,ME5,3,Unilateral,35,1,Brazo,6,Viaria con cierre vidrio plano (tipo I),VSBP,35,EM,NO,Noche entera,-,-,-,-,-,Cambio luminaria,PC Ámbar,PC Ámbar-49,EL,DP,Puntallana,35,,49,"TENAGUA, LOMO DEL PINO "
231206.650400002,3179240.12727842,7130,1047,CM-001,El Chicharro,B1,ME5,3,Unilateral,35,1,Brazo,6,Viaria con cierre vidrio plano (tipo I),VSBP,35,EM,NO,Noche entera,-,-,-,-,-,Cambio luminaria,PC Ámbar,PC Ámbar-49,EL,DP,Puntallana,35,,49,"TENAGUA, LOMO DEL PINO "
231190.810099999,3179271.1495,7131,1048,CM-001,El Chicharro,B1,ME5,3,Unilateral,35,1,Brazo,6,Viaria con cierre vidrio plano (tipo I),VSBP,35,EM,NO,Noche entera,-,-,-,-,-,Cambio luminaria,PC Ámbar,PC Ámbar-49,EL,DP,Puntallana,35,,49,"TENAGUA, LOMO DEL PINO "
231169.710026606,3179308.62015387,7132,1049,CM-001,El Chicharro,B1,ME5,3,Unilateral,35,1,Brazo,6,Viaria con cierre vidrio plano (tipo I),VSBP,35,EM,NO,Noche entera,-,-,-,-,-,Cambio luminaria,PC Ámbar,PC Ámbar-49,EL,DP,Puntallana,35,,49,"TENAGUA, LOMO DEL PINO "
231154.842848372,3179332.78356126,7133,1050,CM-001,El Chicharro,B1,ME5,3,Unilateral,35,1,Brazo,6,Viaria con cierre vidrio plano (tipo I),VSBP,35,EM,NO,Noche entera,-,-,-,-,-,Cambio luminaria,PC Ámbar,PC Ámbar-49,EL,DP,Puntallana,35,,49,"TENAGUA, LOMO DEL PINO "
231396.6106,3179302.7799,7134,1051,CM-001,Cruce de Martin Luis,B1,ME5,7,Unilateral,75,1,Brazo,6,Viaria con cierre vidrio plano (tipo I),VSBP,35,EM,NO,Noche entera,-,-,-,-,-,Cambio equipo,Viaria con cierre vidrio plano (tipo I),VSBP-35,EL,NO,Puntallana,35,,35,"TENAGUA, LOMO DEL PINO "
231452.530200001,3179389.8496,7135,1052,CM-001,Cruce de Martin Luis,B1,ME5,7,Unilateral,75,1,Brazo,6,Viaria con cierre vidrio plano (tipo I),VSBP,35,EM,NO,Noche entera,-,-,-,-,-,Cambio equipo,Viaria con cierre vidrio plano (tipo I),VSBP-35,EL,NO,Puntallana,35,,35,"TENAGUA, LOMO DEL PINO "
231500.660200001,3179410.2896,7136,1053,CM-001,Cruce de Martin Luis,B1,ME5,7,Unilateral,75,1,Brazo,6,Viaria con cierre vidrio plano (tipo I),VSBP,35,EM,NO,Noche entera,-,-,-,-,-,Cambio equipo,Viaria con cierre vidrio plano (tipo I),VSBP-35,EL,NO,Puntallana,35,,35,"TENAGUA, LOMO DEL PINO "
231562.1996,3179429.12,7137,1054,CM-001,Cruce de Martin Luis,B1,ME5,7,Unilateral,75,1,Brazo,6,Viaria con cierre vidrio plano (tipo I),VSBP,35,EM,NO,Noche entera,-,-,-,-,-,Cambio equipo,Viaria con cierre vidrio plano (tipo I),VSBP-35,EL,NO,Puntallana,35,,35,"TENAGUA, LOMO DEL PINO "
231648.0896,3179441.9998,7138,1055,CM-001,Cruce de Martin Luis,B1,ME5,7,Unilateral,75,1,Brazo,6,Viaria con cierre vidrio plano (tipo I),VSBP,35,EM,NO,Noche entera,-,-,-,-,-,Cambio equipo,Viaria con cierre vidrio plano (tipo I),VSBP-35,EL,NO,Puntallana,35,,35,"TENAGUA, LOMO DEL PINO "
231723.269700001,3179441.9998,7139,1056,CM-001,Cruce de Martin Luis,B1,ME5,7,Unilateral,75,1,Brazo,6,Viaria con cierre vidrio plano (tipo I),VSBP,35,EM,NO,Noche entera,-,-,-,-,-,Cambio equipo,Viaria con cierre vidrio plano (tipo I),VSBP-35,EL,NO,Puntallana,35,,35,"TENAGUA, LOMO DEL PINO "
231765.95,3179475.4304,7140,1057,CM-001,Cruce de Martin Luis,B1,ME5,7,Unilateral,75,1,Brazo,6,Viaria con cierre vidrio plano (tipo I),VSBP,35,EM,NO,Noche entera,-,-,-,-,-,Cambio equipo,Viaria con cierre vidrio plano (tipo I),VSBP-35,EL,NO,Puntallana,35,,35,"TENAGUA, LOMO DEL PINO "
231813.0693,3179519.7696,7141,1058,CM-001,Cruce de Martin Luis,B1,ME5,7,Unilateral,75,1,Brazo,6,Viaria con cierre vidrio plano (tipo I),VSBP,35,EM,NO,Noche entera,-,-,-,-,-,Cambio equipo,Viaria con cierre vidrio plano (tipo I),VSBP-35,EL,NO,Puntallana,35,,35,"TENAGUA, LOMO DEL PINO "
231863.9795,3179532.11278,7142,1059,CM-001,Cruce de Martin Luis,B1,ME5,7,Unilateral,75,1,Brazo,6,Viaria con cierre vidrio plano (tipo I),VSBP,35,EM,NO,Noche entera,-,-,-,-,-,Cambio equipo,Viaria con cierre vidrio plano (tipo I),VSBP-35,EL,NO,Puntallana,35,,35,"TENAGUA, LOMO DEL PINO "
231652.0801,3179764.3202,7143,1060,CM-001,La Rivera,D3-D4,S4,5,Unilateral,50,1,Brazo,6,Viaria cierre policarbonato-metacrilato,VSBP,35,EM,NO,Noche entera,-,-,-,-,-,Cambio luminaria,PC Ámbar,PC Ámbar-49,EL,DP,Puntallana,35,,49,"TENAGUA, LOMO DEL PINO "
231797.1605,3179884.5603,7144,1061,CM-001,La Rivera,D3-D4,S4,5,Unilateral,50,1,Brazo,6,Viaria cierre policarbonato-metacrilato,VSBP,35,EM,NO,Noche entera,-,-,-,-,-,Cambio luminaria,PC Ámbar,PC Ámbar-49,EL,DP,Puntallana,35,,49,"TENAGUA, LOMO DEL PINO "
231616.075142717,3179734.2996,7145,1073,CM-001,Carretera General 2,B1,ME5,10,Unilateral,17,1,Columna,6,Viaria con cierre vidrio plano (tipo I),VSBP,55,EM,NO,Noche entera,-,-,-,-,-,Cambio luminaria,PC Ámbar,PC Ámbar-49,EL,DP,Puntallana,55,,49,"TENAGUA, LOMO DEL PINO "
231621.549600001,3179748.3499,7146,1074,CM-001,Carretera General 2,B1,ME5,10,Unilateral,17,1,Columna,6,Viaria con cierre vidrio plano (tipo I),VSBP,55,EM,NO,Noche entera,-,-,-,-,-,Cambio luminaria,PC Ámbar,PC Ámbar-49,EL,DP,Puntallana,55,,49,"TENAGUA, LOMO DEL PINO "
231626.100200001,3179763.5901,7147,1075,CM-001,Carretera General 2,B1,ME5,10,Unilateral,17,1,Columna,6,Viaria con cierre vidrio plano (tipo I),VSBP,55,EM,NO,Noche entera,-,-,-,-,-,Cambio luminaria,PC Ámbar,PC Ámbar-49,EL,DP,Puntallana,55,,49,"TENAGUA, LOMO DEL PINO "
231627.219500001,3179781.7804,7148,1076,CM-001,Carretera General 2,B1,ME5,10,Unilateral,17,1,Columna,6,Viaria con cierre vidrio plano (tipo I),VSBP,55,EM,NO,Noche entera,-,-,-,-,-,Cambio luminaria,PC Ámbar,PC Ámbar-49,EL,DP,Puntallana,55,,49,"TENAGUA, LOMO DEL PINO "
231628.124534253,3179791.9233925,7149,1077,CM-001,Carretera General 2,B1,ME5,10,Unilateral,17,1,Columna,6,Viaria con cierre vidrio plano (tipo I),VSBP,55,EM,NO,Noche entera,-,-,-,-,-,Cambio luminaria,PC Ámbar,PC Ámbar-49,EL,DP,Puntallana,55,,49,"TENAGUA, LOMO DEL PINO "
231630.5905,3179805.4901,7150,1078,CM-001,Carretera General 2,B1,ME5,10,Unilateral,17,1,Columna,6,Viaria con cierre vidrio plano (tipo I),VSBP,55,EM,NO,Noche entera,-,-,-,-,-,Cambio luminaria,PC Ámbar,PC Ámbar-49,EL,DP,Puntallana,55,,49,"TENAGUA, LOMO DEL PINO "
231632.739900001,3179815.6298,7151,1079,CM-001,Carretera General 2,B1,ME5,10,Unilateral,17,1,Columna,6,Viaria con cierre vidrio plano (tipo I),VSBP,55,EM,NO,Noche entera,-,-,-,-,-,Cambio luminaria,PC Ámbar,PC Ámbar-49,EL,DP,Puntallana,55,,49,"TENAGUA, LOMO DEL PINO "
231635.549700001,3179831.9595,7152,1080,CM-001,Carretera General 2,B1,ME5,10,Unilateral,17,1,Columna,6,Viaria con cierre vidrio plano (tipo I),VSBP,55,EM,NO,Noche entera,-,-,-,-,-,Cambio luminaria,PC Ámbar,PC Ámbar-49,EL,DP,Puntallana,55,,49,"TENAGUA, LOMO DEL PINO "
231637.5199,3179843.7703,7153,1081,CM-001,Carretera General 2,B1,ME5,10,Unilateral,17,1,Columna,6,Viaria con cierre vidrio plano (tipo I),VSBP,55,EM,NO,Noche entera,-,-,-,-,-,Cambio luminaria,PC Ámbar,PC Ámbar-49,EL,DP,Puntallana,55,,49,"TENAGUA, LOMO DEL PINO "
231637.360100001,3179853.87,7154,1082,CM-001,Carretera General 2,B1,ME5,10,Unilateral,17,1,Columna,6,Viaria con cierre vidrio plano (tipo I),VSBP,55,EM,NO,Noche entera,-,-,-,-,-,Cambio luminaria,PC Ámbar,PC Ámbar-49,EL,DP,Puntallana,55,,49,"TENAGUA, LOMO DEL PINO "
231645.759369831,3179866.25547799,7155,1083,CM-001,Carretera General 2,B1,ME5,10,Unilateral,17,1,Columna,6,Viaria con cierre vidrio plano (tipo I),VSBP,55,EM,NO,Noche entera,-,-,-,-,-,Cambio luminaria,PC Ámbar,PC Ámbar-49,EL,DP,Puntallana,55,,49,"TENAGUA, LOMO DEL PINO "
231676.700200001,3179862.3099,7156,1084,CM-001,Carretera General 2,B1,ME5,10,Unilateral,17,1,Columna,6,Viaria con cierre vidrio plano (tipo I),VSBP,55,EM,NO,Noche entera,-,-,-,-,-,Cambio luminaria,PC Ámbar,PC Ámbar-49,EL,DP,Puntallana,55,,49,"TENAGUA, LOMO DEL PINO "
231694.170600001,3179897.8601,7157,1085,CM-001,Carretera General 2,B1,ME5,10,Unilateral,17,1,Columna,6,Viaria con cierre vidrio plano (tipo I),VSBP,55,EM,NO,Noche entera,-,-,-,-,-,Cambio luminaria,PC Ámbar,PC Ámbar-49,EL,DP,Puntallana,55,,49,"TENAGUA, LOMO DEL PINO "
231698.349600002,3179940.7698,7158,1086,CM-001,Carretera General 2,B1,ME5,10,Unilateral,17,1,Columna,6,Viaria con cierre vidrio plano (tipo I),VSBP,55,EM,NO,Noche entera,-,-,-,-,-,Cambio luminaria,PC Ámbar,PC Ámbar-49,EL,DP,Puntallana,55,,49,"TENAGUA, LOMO DEL PINO "
231637.231997258,3179791.25094112,7159,1096,CM-001,Carretera General 5,E1-E2,S4,2,Otra,0,1,Columna,4,Peatonal cierre plano,VSBP,35,EM,NO,Noche entera,-,-,-,-,-,Cambio luminaria,PC Ámbar,PC Ámbar-32,EL,DP,Puntallana,35,,32,"TENAGUA, LOMO DEL PINO "
231643.823230471,3179815.07810768,7160,1097,CM-001,Carretera General 5,E1-E2,S4,2,Otra,0,1,Columna,4,Peatonal cierre plano,VSBP,35,EM,NO,Noche entera,-,-,-,-,-,Cambio luminaria,PC Ámbar,PC Ámbar-32,EL,DP,Puntallana,35,,32,"TENAGUA, LOMO DEL PINO "
231647.903510232,3179832.00794441,7161,1109,CM-001,Marquesinas Guaguas,D3-D4,S4,10,Otra,0,1,Directo,4,Adosada estanca rejilla,BC,11,EM,NO,Noche entera,-,-,-,-,-,Cambio lámpara+equipo,Adosada estanca rejilla,L_Bulb-7,EL,NO,Puntallana,11,,7,"TENAGUA, LOMO DEL PINO "
231631.896266889,3179769.61838144,7162,1095,CM-001,Carretera General 4,B1,ME5,10,Rotonda,0,2,Brazo,9,Viaria con cierre vidrio plano (tipo I),VSBP,55,EM,NO,Noche entera,-,-,-,-,-,Cambio luminaria,PC Ámbar,PC Ámbar-80,EL,DP,Puntallana,55,,80,"TENAGUA, LOMO DEL PINO "
231638.909500001,3179769.1402,7163,1062,CM-001,Carretera General,B1,ME5,10,Unilateral,45,1,Brazo,9,Viaria con cierre vidrio plano (tipo I),VSBP,55,EM,NO,Noche entera,-,-,-,-,-,Cambio luminaria,PC Ámbar,PC Ámbar-80,EL,DP,Puntallana,55,,80,"TENAGUA, LOMO DEL PINO "
231651.81601193,3179818.02690746,7164,1063,CM-001,Carretera General,B1,ME5,10,Unilateral,45,1,Brazo,9,Viaria con cierre vidrio plano (tipo I),VSBP,55,EM,NO,Noche entera,-,-,-,-,-,Cambio luminaria,PC Ámbar,PC Ámbar-80,EL,DP,Puntallana,55,,80,"TENAGUA, LOMO DEL PINO "
231690.8396,3179962.2799,7165,1064,CM-001,Carretera General,B1,ME5,10,Unilateral,45,1,Brazo,9,Viaria con cierre vidrio plano (tipo I),VSBP,55,EM,NO,Noche entera,-,-,-,-,-,Cambio luminaria,PC Ámbar,PC Ámbar-80,EL,DP,Puntallana,55,,80,"TENAGUA, LOMO DEL PINO "
231699.889700001,3179996.16,7166,1065,CM-001,Carretera General,B1,ME5,10,Unilateral,45,1,Brazo,9,Viaria con cierre vidrio plano (tipo I),VSBP,55,EM,NO,Noche entera,-,-,-,-,-,Cambio luminaria,PC Ámbar,PC Ámbar-80,EL,DP,Puntallana,55,,80,"TENAGUA, LOMO DEL PINO "
231704.17,3180021.1998,7167,1066,CM-001,Carretera General,B1,ME5,10,Unilateral,45,1,Brazo,9,Viaria con cierre vidrio plano (tipo I),VSBP,55,EM,NO,Noche entera,-,-,-,-,-,Cambio luminaria,PC Ámbar,PC Ámbar-80,EL,DP,Puntallana,55,,80,"TENAGUA, LOMO DEL PINO "
231711.72,3180058.2799,7168,1067,CM-001,Carretera General,B1,ME5,10,Unilateral,45,1,Brazo,9,Viaria con cierre vidrio plano (tipo I),VSBP,55,EM,NO,Noche entera,-,-,-,-,-,Cambio luminaria,PC Ámbar,PC Ámbar-80,EL,DP,Puntallana,55,,80,"TENAGUA, LOMO DEL PINO "
231720.73986022,3180099.60999577,7169,1068,CM-001,Carretera General,B1,ME5,10,Unilateral,45,1,Brazo,9,Viaria con cierre vidrio plano (tipo I),VSBP,55,EM,NO,Noche entera,-,-,-,-,-,Cambio luminaria,PC Ámbar,PC Ámbar-80,EL,DP,Puntallana,55,,80,"TENAGUA, LOMO DEL PINO "
231730.219500001,3180144.5304,7170,1069,CM-001,Carretera General,B1,ME5,10,Unilateral,45,1,Brazo,9,Viaria con cierre vidrio plano (tipo I),VSBP,55,EM,NO,Noche entera,-,-,-,-,-,Cambio luminaria,PC Ámbar,PC Ámbar-80,EL,DP,Puntallana,55,,80,"TENAGUA, LOMO DEL PINO "
231741.934159188,3180199.62879114,7171,1070,CM-001,Carretera General,B1,ME5,10,Unilateral,45,1,Brazo,9,Viaria con cierre vidrio plano (tipo I),VSBP,55,EM,NO,Noche entera,-,-,-,-,-,Cambio luminaria,PC Ámbar,PC Ámbar-80,EL,DP,Puntallana,55,,80,"TENAGUA, LOMO DEL PINO "
231745.100300001,3180215.98,7172,1098,CM-001,El Cardonal,D3-D4,S4,4,Unilateral,15,1,Brazo,6,Viaria con cierre vidrio plano (tipo I),VSBP,35,EM,NO,Noche entera,-,-,-,-,-,Cambio luminaria,PC Ámbar,PC Ámbar-32,EL,DP,Puntallana,35,,32,"TENAGUA, LOMO DEL PINO "
231748.3495,3180231.5602,7173,1099,CM-001,El Cardonal,D3-D4,S4,4,Unilateral,15,1,Brazo,6,Viaria con cierre vidrio plano (tipo I),VSBP,35,EM,NO,Noche entera,-,-,-,-,-,Cambio luminaria,PC Ámbar,PC Ámbar-32,EL,DP,Puntallana,35,,32,"TENAGUA, LOMO DEL PINO "
231803.389500001,3180304.5304,7174,1102,CM-001,El Cardonal,D3-D4,S4,4,Unilateral,75,1,Brazo,6,Viaria con cierre vidrio plano (tipo I),VSBP,35,EM,NO,Noche entera,-,-,-,-,-,Cambio equipo,Viaria con cierre vidrio plano (tipo I),VSBP-35,EL,NO,Puntallana,35,,35,"TENAGUA, LOMO DEL PINO "
231821.399600001,3180200.0302,7175,1101,CM-001,El Cardonal,D3-D4,S4,4,Unilateral,75,1,Brazo,6,Viaria con cierre vidrio plano (tipo I),VSBP,35,EM,NO,Noche entera,-,-,-,-,-,Cambio equipo,Viaria con cierre vidrio plano (tipo I),VSBP-35,EL,NO,Puntallana,35,,35,"TENAGUA, LOMO DEL PINO "
231892.919799999,3180215.9104,7176,1100,CM-001,El Cardonal,D3-D4,S4,4,Unilateral,75,1,Brazo,6,Viaria con cierre vidrio plano (tipo I),VSBP,35,EM,NO,Noche entera,-,-,-,-,-,Cambio equipo,Viaria con cierre vidrio plano (tipo I),VSBP-35,EL,NO,Puntallana,35,,35,"TENAGUA, LOMO DEL PINO "
231719.990799999,3180230.5904,7177,1104,CM-001,El Cardonal,D3-D4,S4,4,Unilateral,75,1,Brazo,6,Viaria con cierre vidrio plano (tipo I),VSBP,35,EM,NO,Noche entera,-,-,-,-,-,Cambio equipo,Viaria con cierre vidrio plano (tipo I),VSBP-35,EL,NO,Puntallana,35,,35,"TENAGUA, LOMO DEL PINO "
231705.540100001,3180212.6397,7178,1103,CM-001,El Cardonal,D3-D4,S4,4,Unilateral,75,1,Brazo,6,Viaria con cierre vidrio plano (tipo I),VSBP,35,EM,NO,Noche entera,-,-,-,-,-,Cambio equipo,Viaria con cierre vidrio plano (tipo I),VSBP-35,EL,NO,Puntallana,35,,35,"TENAGUA, LOMO DEL PINO "
231689.910800001,3180260.7196,7179,1105,CM-001,El Cardonal,D3-D4,S4,4,Unilateral,75,1,Brazo,6,Viaria con cierre vidrio plano (tipo I),VSBP,35,EM,NO,Noche entera,-,-,-,-,-,Cambio equipo,Viaria con cierre vidrio plano (tipo I),VSBP-35,EL,NO,Puntallana,35,,35,"TENAGUA, LOMO DEL PINO "
231652.812967266,3180128.8963439,7180,1106,CM-001,El Cardonal,D3-D4,S4,4,Unilateral,75,1,Brazo,6,Viaria con cierre vidrio plano (tipo I),VSBP,35,EM,NO,Noche entera,-,-,-,-,-,Cambio equipo,Viaria con cierre vidrio plano (tipo I),VSBP-35,EL,NO,Puntallana,35,,35,"TENAGUA, LOMO DEL PINO "
231578.9502,3180152.0302,7181,1107,CM-001,El Cardonal,D3-D4,S4,4,Unilateral,75,1,Brazo,6,Viaria con cierre vidrio plano (tipo I),VSBP,35,EM,NO,Noche entera,-,-,-,-,-,Cambio equipo,Viaria con cierre vidrio plano (tipo I),VSBP-35,EL,NO,Puntallana,35,,35,"TENAGUA, LOMO DEL PINO "
231648.109261009,3179871.76594906,7182,1087,CM-001,Carretera General 3,B1,ME5,10,Otra,0,1,Directo,6,Proyector vial,VSBP,35,EM,NO,Noche entera,-,-,-,-,-,Cambio luminaria,Proyector LED,Proyector LED-79,EL,DP,Puntallana,35,,79,"TENAGUA, LOMO DEL PINO "
231666.170400001,3179868.2101,7183,1088,CM-001,Carretera General 3,B1,ME5,10,Otra,0,1,Directo,6,Proyector vial,VSBP,35,EM,NO,Noche entera,-,-,-,-,-,Cambio luminaria,Proyector LED,Proyector LED-79,EL,DP,Puntallana,35,,79,"TENAGUA, LOMO DEL PINO "
231666.541480197,3179878.2641102,7184,1089,CM-001,Carretera General 3,B1,ME5,10,Otra,0,1,Directo,6,Proyector vial,VSBP,35,EM,NO,Noche entera,-,-,-,-,-,Cambio luminaria,Proyector LED,Proyector LED-79,EL,DP,Puntallana,35,,79,"TENAGUA, LOMO DEL PINO "
231667.505254657,3179887.28934465,7185,1090,CM-001,Carretera General 3,B1,ME5,10,Otra,0,1,Directo,6,Proyector vial,VSBP,35,EM,NO,Noche entera,-,-,-,-,-,Cambio luminaria,Proyector LED,Proyector LED-79,EL,DP,Puntallana,35,,79,"TENAGUA, LOMO DEL PINO "
231648.31135539,3179855.56614816,7186,1091,CM-001,Carretera General 3,B1,ME5,10,Otra,0,1,Directo,6,Proyector vial,VSBP,35,EM,NO,Noche entera,-,-,-,-,-,Cambio luminaria,Proyector LED,Proyector LED-79,EL,DP,Puntallana,35,,79,"TENAGUA, LOMO DEL PINO "
231659.644676526,3179855.03216752,7187,1092,CM-001,Carretera General 3,B1,ME5,10,Otra,0,1,Directo,6,Proyector vial,VSBP,35,EM,NO,Noche entera,-,-,-,-,-,Cambio luminaria,Proyector LED,Proyector LED-79,EL,DP,Puntallana,35,,79,"TENAGUA, LOMO DEL PINO "
231656.971744617,3179847.23591378,7188,1093,CM-001,Carretera General 3,B1,ME5,10,Otra,0,1,Directo,6,Proyector vial,VSBP,35,EM,NO,Noche entera,-,-,-,-,-,Cambio luminaria,Proyector LED,Proyector LED-79,EL,DP,Puntallana,35,,79,"TENAGUA, LOMO DEL PINO "
231654.619531106,3179839.33286818,7189,1094,CM-001,Carretera General 3,B1,ME5,10,Otra,0,1,Directo,6,Proyector vial,VSBP,35,EM,NO,Noche entera,-,-,-,-,-,Cambio luminaria,Proyector LED,Proyector LED-79,EL,DP,Puntallana,35,,79,"TENAGUA, LOMO DEL PINO "
231725.7293,3180156.6699,7929,1108,CM-001,Marquesinas Guaguas,D3-D4,S4,10,Otra,0,1,Directo,4,Adosada estanca rejilla,BC,11,EM,NO,Noche entera,-,-,-,-,-,Cambio lámpara+equipo,Adosada estanca rejilla,L_Bulb-7,EL,NO,Puntallana,11,,7,"TENAGUA, LOMO DEL PINO "
231261.709800001,3179208.2651883,7930,1110,CM-001,Marquesinas Guaguas,D3-D4,S4,10,Otra,0,1,Directo,4,Adosada estanca rejilla,BC,11,EM,NO,Noche entera,-,-,-,-,-,Cambio lámpara+equipo,Adosada estanca rejilla,L_Bulb-7,EL,NO,Puntallana,11,,7,"TENAGUA, LOMO DEL PINO "
209364.370000001,3186575.00052226,7943,1001,CM-001,Cuatro Caminos,D3-D4,S4,12,Tresbolillo,15,1,Columna,4,Artística con Reflector tipo Villa,VSBP,35,EM,NO,Noche entera,-,-,-,-,-,Cambio luminaria,PC Ámbar,PC Ámbar-49,EL,DP,Puntagorda,35,,49,Cuatro Caminos 
209350.447,3186578.699,7944,1002,CM-001,Cuatro Caminos,D3-D4,S4,12,Tresbolillo,15,1,Columna,4,Artística con Reflector tipo Villa,VSBP,35,EM,NO,Noche entera,-,-,-,-,-,Cambio luminaria,PC Ámbar,PC Ámbar-49,EL,DP,Puntagorda,35,,49,Cuatro Caminos 
209346.243703144,3186565.08210501,7945,1003,CM-001,Cuatro Caminos,D3-D4,S4,12,Tresbolillo,15,1,Columna,4,Artística con Reflector tipo Villa,VSBP,35,EM,NO,Noche entera,-,-,-,-,-,Cambio luminaria,PC Ámbar,PC Ámbar-49,EL,DP,Puntagorda,35,,49,Cuatro Caminos 
209328.475820481,3186568.93088144,7946,1004,CM-001,Cuatro Caminos,D3-D4,S4,12,Unilateral,20,1,Columna,4,Artística con Reflector tipo Villa,VSBP,35,EM,NO,Noche entera,-,-,-,-,-,Cambio luminaria,PC Ámbar,PC Ámbar-49,EL,DP,Puntagorda,35,,49,Cuatro Caminos 
209314.426999999,3186563.249,7947,1005,CM-001,Cuatro Caminos,D3-D4,S4,12,Unilateral,20,1,Columna,4,Artística con Reflector tipo Villa,VSBP,35,EM,NO,Noche entera,-,-,-,-,-,Cambio luminaria,PC Ámbar,PC Ámbar-49,EL,DP,Puntagorda,35,,49,Cuatro Caminos 
209292.525384367,3186554.40663699,7948,1006,CM-001,Cuatro Caminos,D3-D4,S4,12,Unilateral,20,1,Columna,4,Artística con Reflector tipo Villa,VSBP,35,EM,NO,Noche entera,-,-,-,-,-,Cambio luminaria,PC Ámbar,PC Ámbar-49,EL,DP,Puntagorda,35,,49,Cuatro Caminos 
209272.881823735,3186546.47095951,7949,1007,CM-001,Cuatro Caminos,D3-D4,S4,12,Unilateral,20,1,Columna,4,Artística con Reflector tipo Villa,VSBP,35,EM,NO,Noche entera,-,-,-,-,-,Cambio luminaria,PC Ámbar,PC Ámbar-49,EL,DP,Puntagorda,35,,49,Cuatro Caminos 
209241.351342339,3186533.52326043,7950,1008,CM-001,Cuatro Caminos,D3-D4,S4,12,Unilateral,20,1,Columna,4,Artística con Reflector tipo Villa,VSBP,35,EM,NO,Noche entera,-,-,-,-,-,Cambio luminaria,PC Ámbar,PC Ámbar-49,EL,DP,Puntagorda,35,,49,Cuatro Caminos 
209244.470925244,3186522.58565397,7951,1009,CM-001,Cuatro Caminos,D3-D4,S4,12,Unilateral,20,1,Columna,4,Artística con Reflector tipo Villa,VSBP,35,EM,NO,Noche entera,-,-,-,-,-,Cambio luminaria,PC Ámbar,PC Ámbar-49,EL,DP,Puntagorda,35,,49,Cuatro Caminos 
209301.573377362,3186580.86966266,7952,1011,CM-001,Plaza Cuatro Caminos,E1-E2,S4,20,Unilateral,5,1,Columna,4,Artística con Reflector tipo Villa,VSBP,35,EM,NO,Noche entera,-,-,-,-,-,Cambio luminaria,PC Ámbar,PC Ámbar-32,EL,DP,Puntagorda,35,,32,Cuatro Caminos 
209302.744955961,3186568.88422086,7953,1010,CM-001,Plaza Cuatro Caminos,E1-E2,S4,20,Unilateral,5,1,Columna,4,Artística con Reflector tipo Villa,VSBP,35,EM,NO,Noche entera,-,-,-,-,-,Cambio luminaria,PC Ámbar,PC Ámbar-32,EL,DP,Puntagorda,35,,32,Cuatro Caminos 
209270.854164123,3186579.83601068,7954,1012,CM-001,Plaza Cuatro Caminos,E1-E2,S4,20,Unilateral,5,1,Columna,4,Artística con Reflector tipo Villa,VSBP,35,EM,NO,Noche entera,-,-,-,-,-,Cambio luminaria,PC Ámbar,PC Ámbar-32,EL,DP,Puntagorda,35,,32,Cuatro Caminos 
209272.099108903,3186564.57436259,7955,1013,CM-001,Plaza Cuatro Caminos,E1-E2,S4,20,Unilateral,5,1,Columna,4,Artística con Reflector tipo Villa,VSBP,35,EM,NO,Noche entera,-,-,-,-,-,Cambio luminaria,PC Ámbar,PC Ámbar-32,EL,DP,Puntagorda,35,,32,Cuatro Caminos 
209387.89,3186571.93,7956,1018,CM-001,La Paz,B1,ME4b,15,Bilateral,20,1,Columna,4,Artística con Reflector tipo Fernandina,VSBP,35,EM,NO,Noche entera,-,-,-,-,-,Cambio luminaria,PC Ámbar,PC Ámbar-49,EL,DP,Puntagorda,35,,49,Cuatro Caminos 
209383.482769713,3186554.48091353,7957,1020,CM-001,La Paz,B1,ME4b,15,Bilateral,20,1,Columna,4,Artística con Reflector tipo Fernandina,VSBP,35,EM,NO,Noche entera,-,-,-,-,-,Cambio luminaria,PC Ámbar,PC Ámbar-49,EL,DP,Puntagorda,35,,49,Cuatro Caminos 
209367.154908342,3186556.39704825,7958,1019,CM-001,La Paz,B1,ME4b,15,Bilateral,20,1,Columna,4,Artística con Reflector tipo Fernandina,VSBP,35,EM,NO,Noche entera,-,-,-,-,-,Cambio luminaria,PC Ámbar,PC Ámbar-49,EL,DP,Puntagorda,35,,49,Cuatro Caminos 
209378.746110489,3186536.54327076,7959,1022,CM-001,La Paz,B1,ME4b,15,Bilateral,20,1,Columna,4,Artística con Reflector tipo Fernandina,VSBP,35,EM,NO,Noche entera,-,-,-,-,-,Cambio luminaria,PC Ámbar,PC Ámbar-49,EL,DP,Puntagorda,35,,49,Cuatro Caminos 
209362.709614488,3186540.44063909,7960,1021,CM-001,La Paz,B1,ME4b,15,Bilateral,20,1,Columna,4,Artística con Reflector tipo Fernandina,VSBP,35,EM,NO,Noche entera,-,-,-,-,-,Cambio luminaria,PC Ámbar,PC Ámbar-49,EL,DP,Puntagorda,35,,49,Cuatro Caminos 
209374.407612954,3186521.13944125,7961,1023,CM-001,La Paz,B1,ME4b,15,Bilateral,20,1,Columna,4,Artística con Reflector tipo Fernandina,VSBP,35,EM,NO,Noche entera,-,-,-,-,-,Cambio luminaria,PC Ámbar,PC Ámbar-49,EL,DP,Puntagorda,35,,49,Cuatro Caminos 
209355.495349013,3186513.73409361,7962,1024,CM-001,La Paz,B1,ME4b,15,Bilateral,20,1,Columna,4,Artística con Reflector tipo Fernandina,VSBP,35,EM,NO,Noche entera,-,-,-,-,-,Cambio luminaria,PC Ámbar,PC Ámbar-49,EL,DP,Puntagorda,35,,49,Cuatro Caminos 
209366.061160108,3186488.73805438,7963,1026,CM-001,La Paz,B1,ME4b,15,Bilateral,20,1,Columna,4,Artística con Reflector tipo Fernandina,VSBP,35,EM,NO,Noche entera,-,-,-,-,-,Cambio luminaria,PC Ámbar,PC Ámbar-49,EL,DP,Puntagorda,35,,49,Cuatro Caminos 
209345.727888211,3186493.50664197,7964,1025,CM-001,La Paz,B1,ME4b,15,Bilateral,20,1,Columna,4,Artística con Reflector tipo Fernandina,VSBP,35,EM,NO,Noche entera,-,-,-,-,-,Cambio luminaria,PC Ámbar,PC Ámbar-49,EL,DP,Puntagorda,35,,49,Cuatro Caminos 
209338.809292081,3186471.36620307,7965,1027,CM-001,La Paz,B1,ME4b,15,Bilateral,20,1,Columna,4,Artística con Reflector tipo Fernandina,VSBP,35,EM,NO,Noche entera,-,-,-,-,-,Cambio luminaria,PC Ámbar,PC Ámbar-49,EL,DP,Puntagorda,35,,49,Cuatro Caminos 
209330.044346768,3186455.09882647,7966,1028,CM-001,La Paz,B1,ME4b,15,Bilateral,20,1,Columna,4,Artística con Reflector tipo Fernandina,VSBP,35,EM,NO,Noche entera,-,-,-,-,-,Cambio luminaria,PC Ámbar,PC Ámbar-49,EL,DP,Puntagorda,35,,49,Cuatro Caminos 
209346.385044299,3186448.48159491,7967,1029,CM-001,La Paz,B1,ME4b,15,Bilateral,20,1,Columna,4,Artística con Reflector tipo Fernandina,VSBP,35,EM,NO,Noche entera,-,-,-,-,-,Cambio luminaria,PC Ámbar,PC Ámbar-49,EL,DP,Puntagorda,35,,49,Cuatro Caminos 
209322.0346435,3186437.29236829,7968,1030,CM-001,La Paz,B1,ME4b,15,Bilateral,20,1,Columna,4,Artística con Reflector tipo Fernandina,VSBP,35,EM,NO,Noche entera,-,-,-,-,-,Cambio luminaria,PC Ámbar,PC Ámbar-49,EL,DP,Puntagorda,35,,49,Cuatro Caminos 
209337.93811825,3186428.6527467,7969,1031,CM-001,La Paz,B1,ME4b,15,Bilateral,20,1,Columna,4,Artística con Reflector tipo Fernandina,VSBP,35,EM,NO,Noche entera,-,-,-,-,-,Cambio luminaria,PC Ámbar,PC Ámbar-49,EL,DP,Puntagorda,35,,49,Cuatro Caminos 
209314.099793568,3186421.32308382,7970,1032,CM-001,La Paz,B1,ME4b,15,Bilateral,20,1,Columna,4,Artística con Reflector tipo Fernandina,VSBP,35,EM,NO,Noche entera,-,-,-,-,-,Cambio luminaria,PC Ámbar,PC Ámbar-49,EL,DP,Puntagorda,35,,49,Cuatro Caminos 
209328.959750055,3186411.62539233,7971,1033,CM-001,La Paz,B1,ME4b,15,Bilateral,20,1,Columna,4,Artística con Reflector tipo Fernandina,VSBP,35,EM,NO,Noche entera,-,-,-,-,-,Cambio luminaria,PC Ámbar,PC Ámbar-49,EL,DP,Puntagorda,35,,49,Cuatro Caminos 
209303.648252281,3186400.54537482,7972,1034,CM-001,La Paz,B1,ME4b,15,Bilateral,20,1,Columna,4,Artística con Reflector tipo Fernandina,VSBP,35,EM,NO,Noche entera,-,-,-,-,-,Cambio luminaria,PC Ámbar,PC Ámbar-49,EL,DP,Puntagorda,35,,49,Cuatro Caminos 
209319.027026644,3186392.88646869,7973,1035,CM-001,La Paz,B1,ME4b,15,Bilateral,20,1,Columna,4,Artística con Reflector tipo Fernandina,VSBP,35,EM,NO,Noche entera,-,-,-,-,-,Cambio luminaria,PC Ámbar,PC Ámbar-49,EL,DP,Puntagorda,35,,49,Cuatro Caminos 
209298.300741827,3186379.62862831,7974,1066,CM-001,La Paz,B1,ME4b,15,Unilateral,20,1,Columna,4,Artística con Reflector tipo Fernandina,VSBP,35,EM,NO,Noche entera,-,-,-,-,-,Cambio equipo,Artística con Reflector tipo Fernandina,VSBP-35,EL,NO,Puntagorda,35,,35,Cuatro Caminos 
209310.6,3186360.65,7975,1067,CM-001,La Paz,B1,ME4b,15,Unilateral,20,1,Columna,4,Artística con Reflector tipo Fernandina,VSBP,35,EM,NO,Noche entera,-,-,-,-,-,Cambio equipo,Artística con Reflector tipo Fernandina,VSBP-35,EL,NO,Puntagorda,35,,35,Cuatro Caminos 
209308.84,3186339.43,7976,1068,CM-001,La Paz,B1,ME4b,15,Unilateral,20,1,Columna,4,Artística con Reflector tipo Fernandina,VSBP,35,EM,NO,Noche entera,-,-,-,-,-,Cambio equipo,Artística con Reflector tipo Fernandina,VSBP-35,EL,NO,Puntagorda,35,,35,Cuatro Caminos 
209287.180000002,3186334.91,7977,1261,CM-001,Camino El Peral,D3-D4,S3,10,Unilateral,30,1,Columna,5,Viaria con cierre vidrio plano (tipo I),VSBP,35,EM,NO,Noche entera,-,-,-,-,-,Cambio luminaria,PC Ámbar,PC Ámbar-49,EL,DP,Puntagorda,35,,49,Cuatro Caminos 
209258.83,3186316.17,7978,1262,CM-001,Camino El Peral,D3-D4,S3,10,Unilateral,30,1,Columna,5,Viaria con cierre vidrio plano (tipo I),VSBP,35,EM,NO,Noche entera,-,-,-,-,-,Cambio luminaria,PC Ámbar,PC Ámbar-49,EL,DP,Puntagorda,35,,49,Cuatro Caminos 
209291.736863555,3186303.34315283,7979,1069,CM-001,La Paz,B1,ME4b,15,Unilateral,20,1,Columna,4,Artística con Reflector tipo Fernandina,VSBP,35,EM,NO,Noche entera,-,-,-,-,-,Cambio equipo,Artística con Reflector tipo Fernandina,VSBP-35,EL,NO,Puntagorda,35,,35,Cuatro Caminos 
209290.591290505,3186286.42996036,7980,1070,CM-001,La Paz,B1,ME4b,15,Unilateral,20,1,Columna,4,Artística con Reflector tipo Fernandina,VSBP,35,EM,NO,Noche entera,-,-,-,-,-,Cambio equipo,Artística con Reflector tipo Fernandina,VSBP-35,EL,NO,Puntagorda,35,,35,Cuatro Caminos 
209286.45,3186261.9,7981,1071,CM-001,La Paz,B1,ME4b,15,Unilateral,20,1,Columna,4,Artística con Reflector tipo Fernandina,VSBP,35,EM,NO,Noche entera,-,-,-,-,-,Cambio equipo,Artística con Reflector tipo Fernandina,VSBP-35,EL,NO,Puntagorda,35,,35,Cuatro Caminos 
209275.582867668,3186267.36868996,7982,1233,CM-001,Calle la Palmera,D3-D4,S4,6,Unilateral,14,1,Brazo,5,Viaria con cierre vidrio plano (tipo I),VSBP,35,EM,NO,Noche entera,-,-,-,-,-,Cambio luminaria,PC Ámbar,PC Ámbar-32,EL,DP,Puntagorda,35,,32,Cuatro Caminos 
209275.533985862,3186282.0139521,7983,1232,CM-001,Calle la Palmera,D3-D4,S4,6,Unilateral,14,1,Brazo,5,Viaria con cierre vidrio plano (tipo I),VSBP,35,EM,NO,Noche entera,-,-,-,-,-,Cambio luminaria,PC Ámbar,PC Ámbar-32,EL,DP,Puntagorda,35,,32,Cuatro Caminos 
209276.282699721,3186296.01789403,7984,1231,CM-001,Calle la Palmera,D3-D4,S4,6,Unilateral,14,1,Brazo,5,Viaria con cierre vidrio plano (tipo I),VSBP,35,EM,NO,Noche entera,-,-,-,-,-,Cambio luminaria,PC Ámbar,PC Ámbar-32,EL,DP,Puntagorda,35,,32,Cuatro Caminos 
209277.375161817,3186312.54966386,7985,1230,CM-001,Calle la Palmera,D3-D4,S4,6,Unilateral,14,1,Brazo,5,Viaria con cierre vidrio plano (tipo I),VSBP,35,EM,NO,Noche entera,-,-,-,-,-,Cambio luminaria,PC Ámbar,PC Ámbar-32,EL,DP,Puntagorda,35,,32,Cuatro Caminos 
209345.500717431,3186278.1437963,7986,1243,CM-001,Pasaje La Paz,D3-D4,S4,4,Indefinido,0,1,Columna,6,Viaria con cierre vidrio plano (tipo I),VSBP,35,EM,NO,Noche entera,-,-,-,-,-,Cambio luminaria,PC Ámbar,PC Ámbar-49,EL,DP,Puntagorda,35,,49,Cuatro Caminos 
209276.621241686,3186255.21666496,7987,1234,CM-001,Camino de la Carnicería,D3-D4,S4,4,Indefinido,0,1,Columna,6,Viaria con cierre vidrio plano (tipo I),VSBP,35,EM,NO,Noche entera,-,-,-,-,-,Cambio luminaria,PC Ámbar,PC Ámbar-49,EL,DP,Puntagorda,35,,49,Cuatro Caminos 
209285.372472148,3186243.96201494,7988,1072,CM-001,La Paz,B1,ME4b,15,Unilateral,20,1,Columna,4,Artística con Reflector tipo Fernandina,VSBP,35,EM,NO,Noche entera,-,-,-,-,-,Cambio equipo,Artística con Reflector tipo Fernandina,VSBP-35,EL,NO,Puntagorda,35,,35,Cuatro Caminos 
209283.403449426,3186229.10148975,7989,1073,CM-001,La Paz,B1,ME4b,15,Unilateral,20,1,Columna,4,Artística con Reflector tipo Fernandina,VSBP,35,EM,NO,Noche entera,-,-,-,-,-,Cambio equipo,Artística con Reflector tipo Fernandina,VSBP-35,EL,NO,Puntagorda,35,,35,Cuatro Caminos 
209294.240030971,3186201.72417092,7990,1074,CM-001,La Paz,B1,ME4b,15,Tresbolillo,20,1,Columna,4,Artística con Reflector tipo Fernandina,VSBP,35,EM,NO,Noche entera,-,-,-,-,-,Cambio luminaria,PC Ámbar,PC Ámbar-32,EL,DP,Puntagorda,35,,32,Cuatro Caminos 
209280.458425157,3186184.71361898,7991,1075,CM-001,La Paz,B1,ME4b,15,Tresbolillo,20,1,Columna,4,Artística con Reflector tipo Fernandina,VSBP,35,EM,NO,Noche entera,-,-,-,-,-,Cambio luminaria,PC Ámbar,PC Ámbar-32,EL,DP,Puntagorda,35,,32,Cuatro Caminos 
209291.835008236,3186160.23746696,7992,1076,CM-001,La Paz,B1,ME4b,15,Tresbolillo,20,1,Columna,4,Artística con Reflector tipo Fernandina,VSBP,35,EM,NO,Noche entera,-,-,-,-,-,Cambio luminaria,PC Ámbar,PC Ámbar-32,EL,DP,Puntagorda,35,,32,Cuatro Caminos 
209267.160771756,3186141.00597152,7993,1077,CM-001,La Paz,B1,ME4b,15,Tresbolillo,20,1,Columna,4,Artística con Reflector tipo Fernandina,VSBP,35,EM,NO,Noche entera,-,-,-,-,-,Cambio luminaria,PC Ámbar,PC Ámbar-32,EL,DP,Puntagorda,35,,32,Cuatro Caminos 
209277.492415517,3186111.71915194,7994,1078,CM-001,La Paz,B1,ME4b,15,Tresbolillo,20,1,Columna,4,Artística con Reflector tipo Fernandina,VSBP,35,EM,NO,Noche entera,-,-,-,-,-,Cambio luminaria,PC Ámbar,PC Ámbar-32,EL,DP,Puntagorda,35,,32,Cuatro Caminos 
209252.640646099,3186100.56226765,7995,1079,CM-001,La Paz,B1,ME4b,15,Tresbolillo,20,1,Columna,4,Artística con Reflector tipo Fernandina,VSBP,35,EM,NO,Noche entera,-,-,-,-,-,Cambio luminaria,PC Ámbar,PC Ámbar-32,EL,DP,Puntagorda,35,,32,Cuatro Caminos 
209263.632849873,3186073.94123303,7996,1080,CM-001,La Paz,B1,ME4b,15,Tresbolillo,20,1,Columna,4,Artística con Reflector tipo Fernandina,VSBP,35,EM,NO,Noche entera,-,-,-,-,-,Cambio luminaria,PC Ámbar,PC Ámbar-32,EL,DP,Puntagorda,35,,32,Cuatro Caminos 
209235.407690222,3186069.71217687,7997,1081,CM-001,La Paz,B1,ME4b,15,Tresbolillo,20,1,Columna,4,Artística con Reflector tipo Fernandina,VSBP,35,EM,NO,Noche entera,-,-,-,-,-,Cambio luminaria,PC Ámbar,PC Ámbar-32,EL,DP,Puntagorda,35,,32,Cuatro Caminos 
209245.63903382,3186037.25960923,7998,1082,CM-001,La Paz,B1,ME4b,15,Tresbolillo,20,1,Columna,4,Artística con Reflector tipo Fernandina,VSBP,35,EM,NO,Noche entera,-,-,-,-,-,Cambio luminaria,PC Ámbar,PC Ámbar-32,EL,DP,Puntagorda,35,,32,Cuatro Caminos 
209217.766725844,3186032.32571039,7999,1083,CM-001,La Paz,B1,ME4b,15,Tresbolillo,20,1,Columna,4,Artística con Reflector tipo Fernandina,VSBP,35,EM,NO,Noche entera,-,-,-,-,-,Cambio luminaria,PC Ámbar,PC Ámbar-32,EL,DP,Puntagorda,35,,32,Cuatro Caminos 
209053.04342244,3185704.69722443,8000,1062,CM-001,La Paz,B1,ME4b,15,Bilateral,20,1,Columna,4,Artística con Reflector tipo Fernandina,VSBP,35,EM,NO,Noche entera,-,-,-,-,-,Cambio luminaria,PC Ámbar,PC Ámbar-49,EL,DP,Puntagorda,35,,49,Cuatro Caminos 
209060.479911104,3185717.01240227,8001,1060,CM-001,La Paz,B1,ME4b,15,Bilateral,20,1,Columna,4,Artística con Reflector tipo Fernandina,VSBP,35,EM,NO,Noche entera,-,-,-,-,-,Cambio luminaria,PC Ámbar,PC Ámbar-49,EL,DP,Puntagorda,35,,49,Cuatro Caminos 
209073.395928171,3185711.53898542,8002,1061,CM-001,La Paz,B1,ME4b,15,Bilateral,20,1,Columna,4,Artística con Reflector tipo Fernandina,VSBP,35,EM,NO,Noche entera,-,-,-,-,-,Cambio luminaria,PC Ámbar,PC Ámbar-49,EL,DP,Puntagorda,35,,49,Cuatro Caminos 
209064.39178267,3185731.32206009,8003,1058,CM-001,La Paz,B1,ME4b,15,Bilateral,20,1,Columna,4,Artística con Reflector tipo Fernandina,VSBP,35,EM,NO,Noche entera,-,-,-,-,-,Cambio luminaria,PC Ámbar,PC Ámbar-49,EL,DP,Puntagorda,35,,49,Cuatro Caminos 
209074.176617045,3185730.54013572,8004,1059,CM-001,La Paz,B1,ME4b,15,Bilateral,20,1,Columna,4,Artística con Reflector tipo Fernandina,VSBP,35,EM,NO,Noche entera,-,-,-,-,-,Cambio luminaria,PC Ámbar,PC Ámbar-49,EL,DP,Puntagorda,35,,49,Cuatro Caminos 
209070.660955906,3185755.80285932,8005,1056,CM-001,La Paz,B1,ME4b,15,Bilateral,20,1,Columna,4,Artística con Reflector tipo Fernandina,VSBP,35,EM,NO,Noche entera,-,-,-,-,-,Cambio luminaria,PC Ámbar,PC Ámbar-49,EL,DP,Puntagorda,35,,49,Cuatro Caminos 
209081.815688906,3185749.938487,8006,1057,CM-001,La Paz,B1,ME4b,15,Bilateral,20,1,Columna,4,Artística con Reflector tipo Fernandina,VSBP,35,EM,NO,Noche entera,-,-,-,-,-,Cambio luminaria,PC Ámbar,PC Ámbar-49,EL,DP,Puntagorda,35,,49,Cuatro Caminos 
209091.404847083,3185771.63666323,8007,1055,CM-001,La Paz,B1,ME4b,15,Bilateral,20,1,Columna,4,Artística con Reflector tipo Fernandina,VSBP,35,EM,NO,Noche entera,-,-,-,-,-,Cambio luminaria,PC Ámbar,PC Ámbar-49,EL,DP,Puntagorda,35,,49,Cuatro Caminos 
209101.978731433,3185793.79045274,8008,1054,CM-001,La Paz,B1,ME4b,15,Bilateral,20,1,Columna,4,Artística con Reflector tipo Fernandina,VSBP,35,EM,NO,Noche entera,-,-,-,-,-,Cambio luminaria,PC Ámbar,PC Ámbar-49,EL,DP,Puntagorda,35,,49,Cuatro Caminos 
209087.69284879,3185798.67743639,8009,1053,CM-001,La Paz,B1,ME4b,15,Bilateral,20,1,Columna,4,Artística con Reflector tipo Fernandina,VSBP,35,EM,NO,Noche entera,-,-,-,-,-,Cambio luminaria,PC Ámbar,PC Ámbar-49,EL,DP,Puntagorda,35,,49,Cuatro Caminos 
209094.933661259,3185815.48862898,8010,1052,CM-001,La Paz,B1,ME4b,15,Bilateral,20,1,Columna,4,Artística con Reflector tipo Fernandina,VSBP,35,EM,NO,Noche entera,-,-,-,-,-,Cambio luminaria,PC Ámbar,PC Ámbar-49,EL,DP,Puntagorda,35,,49,Cuatro Caminos 
209116.473178928,3185823.20967713,8011,1051,CM-001,La Paz,B1,ME4b,15,Bilateral,20,1,Columna,4,Artística con Reflector tipo Fernandina,VSBP,35,EM,NO,Noche entera,-,-,-,-,-,Cambio luminaria,PC Ámbar,PC Ámbar-49,EL,DP,Puntagorda,35,,49,Cuatro Caminos 
209103.752871105,3185832.39719779,8012,1050,CM-001,La Paz,B1,ME4b,15,Bilateral,20,1,Columna,4,Artística con Reflector tipo Fernandina,VSBP,35,EM,NO,Noche entera,-,-,-,-,-,Cambio luminaria,PC Ámbar,PC Ámbar-49,EL,DP,Puntagorda,35,,49,Cuatro Caminos 
209131.159402975,3185847.87237514,8013,1049,CM-001,La Paz,B1,ME4b,15,Bilateral,20,1,Columna,4,Artística con Reflector tipo Fernandina,VSBP,35,EM,NO,Noche entera,-,-,-,-,-,Cambio luminaria,PC Ámbar,PC Ámbar-49,EL,DP,Puntagorda,35,,49,Cuatro Caminos 
209114.329465376,3185851.78195669,8014,1048,CM-001,La Paz,B1,ME4b,15,Bilateral,20,1,Columna,4,Artística con Reflector tipo Fernandina,VSBP,35,EM,NO,Noche entera,-,-,-,-,-,Cambio luminaria,PC Ámbar,PC Ámbar-49,EL,DP,Puntagorda,35,,49,Cuatro Caminos 
209126.076646814,3185873.13178123,8015,1047,CM-001,La Paz,B1,ME4b,15,Bilateral,20,1,Columna,4,Artística con Reflector tipo Fernandina,VSBP,35,EM,NO,Noche entera,-,-,-,-,-,Cambio luminaria,PC Ámbar,PC Ámbar-49,EL,DP,Puntagorda,35,,49,Cuatro Caminos 
209144.08077379,3185867.85384212,8016,1046,CM-001,La Paz,B1,ME4b,15,Bilateral,20,1,Columna,4,Artística con Reflector tipo Fernandina,VSBP,35,EM,NO,Noche entera,-,-,-,-,-,Cambio luminaria,PC Ámbar,PC Ámbar-49,EL,DP,Puntagorda,35,,49,Cuatro Caminos 
209107.876975832,3185895.43182312,8017,1109,CM-001,Camino el pinar,D3-D4,S3,8,Unilateral,30,1,Columna,6,Viaria con cierre vidrio plano (tipo I),VSBP,35,EM,NO,Noche entera,-,-,-,-,-,Cambio luminaria,PC Ámbar,PC Ámbar-49,EL,DP,Puntagorda,35,,49,Cuatro Caminos 
209093.19537848,3185922.46230798,8018,1110,CM-001,Camino el pinar,D3-D4,S3,8,Unilateral,30,1,Columna,6,Viaria con cierre vidrio plano (tipo I),VSBP,35,EM,NO,Noche entera,-,-,-,-,-,Cambio luminaria,PC Ámbar,PC Ámbar-49,EL,DP,Puntagorda,35,,49,Cuatro Caminos 
209093.191049213,3185992.12302946,8019,1111,CM-001,Camino el pinar,D3-D4,S3,8,Unilateral,30,1,Columna,6,Viaria con cierre vidrio plano (tipo I),VSBP,35,EM,NO,Noche entera,-,-,-,-,-,Cambio luminaria,PC Ámbar,PC Ámbar-49,EL,DP,Puntagorda,35,,49,Cuatro Caminos 
209138.052552277,3185886.63744721,8020,1045,CM-001,La Paz,B1,ME4b,15,Bilateral,20,1,Columna,4,Artística con Reflector tipo Fernandina,VSBP,35,EM,NO,Noche entera,-,-,-,-,-,Cambio luminaria,PC Ámbar,PC Ámbar-49,EL,DP,Puntagorda,35,,49,Cuatro Caminos 
209154.295395186,3185915.9593088,8021,1043,CM-001,La Paz,B1,ME4b,15,Bilateral,20,1,Columna,4,Artística con Reflector tipo Fernandina,VSBP,35,EM,NO,Noche entera,-,-,-,-,-,Cambio luminaria,PC Ámbar,PC Ámbar-49,EL,DP,Puntagorda,35,,49,Cuatro Caminos 
209180.518781713,3185906.57631041,8022,1044,CM-001,La Paz,B1,ME4b,15,Bilateral,20,1,Columna,4,Artística con Reflector tipo Fernandina,VSBP,35,EM,NO,Noche entera,-,-,-,-,-,Cambio luminaria,PC Ámbar,PC Ámbar-49,EL,DP,Puntagorda,35,,49,Cuatro Caminos 
209172.947193523,3185873.42523959,8023,1084,CM-001,Vereda Barranco de las Piñas,D3-D4,S4,10,Unilateral,24,1,Columna,4,Artística con Reflector tipo Fernandina,VSBP,35,EM,NO,Noche entera,-,-,-,-,-,Cambio luminaria,PC Ámbar,PC Ámbar-49,EL,DP,Puntagorda,35,,49,Cuatro Caminos 
209194.081214324,3185884.08269801,8024,1085,CM-001,Vereda Barranco de las Piñas,D3-D4,S4,10,Unilateral,24,1,Columna,4,Artística con Reflector tipo Fernandina,VSBP,35,EM,NO,Noche entera,-,-,-,-,-,Cambio luminaria,PC Ámbar,PC Ámbar-49,EL,DP,Puntagorda,35,,49,Cuatro Caminos 
209207.09409458,3185864.54014933,8025,1086,CM-001,Vereda Barranco de las Piñas,D3-D4,S4,10,Unilateral,24,1,Columna,4,Artística con Reflector tipo Fernandina,VSBP,35,EM,NO,Noche entera,-,-,-,-,-,Cambio luminaria,PC Ámbar,PC Ámbar-49,EL,DP,Puntagorda,35,,49,Cuatro Caminos 
209228.85344641,3185860.83529962,8026,1087,CM-001,Vereda Barranco de las Piñas,D3-D4,S4,10,Unilateral,24,1,Columna,4,Artística con Reflector tipo Fernandina,VSBP,35,EM,NO,Noche entera,-,-,-,-,-,Cambio luminaria,PC Ámbar,PC Ámbar-49,EL,DP,Puntagorda,35,,49,Cuatro Caminos 
209250.860062098,3185855.89549106,8027,1088,CM-001,Vereda Barranco de las Piñas,D3-D4,S4,10,Unilateral,24,1,Columna,4,Artística con Reflector tipo Fernandina,VSBP,35,EM,NO,Noche entera,-,-,-,-,-,Cambio luminaria,PC Ámbar,PC Ámbar-49,EL,DP,Puntagorda,35,,49,Cuatro Caminos 
209269.492230025,3185853.44013276,8028,1089,CM-001,Vereda Barranco de las Piñas,D3-D4,S4,10,Unilateral,24,1,Columna,4,Artística con Reflector tipo Fernandina,VSBP,35,EM,NO,Noche entera,-,-,-,-,-,Cambio luminaria,PC Ámbar,PC Ámbar-49,EL,DP,Puntagorda,35,,49,Cuatro Caminos 
209285.901898375,3185844.23758259,8029,1090,CM-001,Vereda Barranco de las Piñas,D3-D4,S4,10,Unilateral,24,1,Columna,4,Artística con Reflector tipo Fernandina,VSBP,35,EM,NO,Noche entera,-,-,-,-,-,Cambio luminaria,PC Ámbar,PC Ámbar-49,EL,DP,Puntagorda,35,,49,Cuatro Caminos 
209291.589000193,3185858.3160088,8030,1091,CM-001,Vereda Barranco de las Piñas,D3-D4,S4,10,Unilateral,24,1,Columna,4,Artística con Reflector tipo Fernandina,VSBP,35,EM,NO,Noche entera,-,-,-,-,-,Cambio luminaria,PC Ámbar,PC Ámbar-49,EL,DP,Puntagorda,35,,49,Cuatro Caminos 
209162.583724702,3185933.69960488,8031,1042,CM-001,La Paz,B1,ME4b,15,Bilateral,20,1,Columna,4,Artística con Reflector tipo Fernandina,VSBP,35,EM,NO,Noche entera,-,-,-,-,-,Cambio luminaria,PC Ámbar,PC Ámbar-49,EL,DP,Puntagorda,35,,49,Cuatro Caminos 
209174.444524577,3185952.26084298,8032,1041,CM-001,La Paz,B1,ME4b,15,Bilateral,20,1,Columna,4,Artística con Reflector tipo Fernandina,VSBP,35,EM,NO,Noche entera,-,-,-,-,-,Cambio luminaria,PC Ámbar,PC Ámbar-49,EL,DP,Puntagorda,35,,49,Cuatro Caminos 
209186.700675635,3185977.14077727,8033,1040,CM-001,La Paz,B1,ME4b,15,Bilateral,20,1,Columna,4,Artística con Reflector tipo Fernandina,VSBP,35,EM,NO,Noche entera,-,-,-,-,-,Cambio luminaria,PC Ámbar,PC Ámbar-49,EL,DP,Puntagorda,35,,49,Cuatro Caminos 
209197.375388911,3185994.91216659,8034,1038,CM-001,La Paz,B1,ME4b,15,Bilateral,20,1,Columna,4,Artística con Reflector tipo Fernandina,VSBP,35,EM,NO,Noche entera,-,-,-,-,-,Cambio luminaria,PC Ámbar,PC Ámbar-49,EL,DP,Puntagorda,35,,49,Cuatro Caminos 
209207.654751007,3186013.86832235,8035,1036,CM-001,La Paz,B1,ME4b,15,Bilateral,20,1,Columna,4,Artística con Reflector tipo Fernandina,VSBP,35,EM,NO,Noche entera,-,-,-,-,-,Cambio luminaria,PC Ámbar,PC Ámbar-49,EL,DP,Puntagorda,35,,49,Cuatro Caminos 
209230.190297204,3186002.81057378,8036,1037,CM-001,La Paz,B1,ME4b,15,Bilateral,20,1,Columna,4,Artística con Reflector tipo Fernandina,VSBP,35,EM,NO,Noche entera,-,-,-,-,-,Cambio luminaria,PC Ámbar,PC Ámbar-49,EL,DP,Puntagorda,35,,49,Cuatro Caminos 
209215.561972952,3185979.11537907,8037,1039,CM-001,La Paz,B1,ME4b,15,Bilateral,20,1,Columna,4,Artística con Reflector tipo Fernandina,VSBP,35,EM,NO,Noche entera,-,-,-,-,-,Cambio luminaria,PC Ámbar,PC Ámbar-49,EL,DP,Puntagorda,35,,49,Cuatro Caminos 
209394.714013246,3186604.18598856,8038,1017,CM-001,La Paz,B1,ME4b,15,Bilateral,20,1,Columna,4,Artística con Reflector tipo Fernandina,VSBP,35,EM,NO,Noche entera,-,-,-,-,-,Cambio luminaria,PC Ámbar,PC Ámbar-49,EL,DP,Puntagorda,35,,49,Cuatro Caminos 
209399.952391635,3186625.12648375,8039,1016,CM-001,La Paz,B1,ME4b,15,Bilateral,20,1,Columna,4,Artística con Reflector tipo Fernandina,VSBP,35,EM,NO,Noche entera,-,-,-,-,-,Cambio luminaria,PC Ámbar,PC Ámbar-49,EL,DP,Puntagorda,35,,49,Cuatro Caminos 
209404.968721658,3186643.42649836,8040,1015,CM-001,La Paz,B1,ME4b,15,Bilateral,20,1,Columna,4,Artística con Reflector tipo Fernandina,VSBP,35,EM,NO,Noche entera,-,-,-,-,-,Cambio luminaria,PC Ámbar,PC Ámbar-49,EL,DP,Puntagorda,35,,49,Cuatro Caminos 
209409.548820334,3186661.72651298,8041,1014,CM-001,La Paz,B1,ME4b,15,Bilateral,20,1,Columna,4,Artística con Reflector tipo Fernandina,VSBP,35,EM,NO,Noche entera,-,-,-,-,-,Cambio luminaria,PC Ámbar,PC Ámbar-49,EL,DP,Puntagorda,35,,49,Cuatro Caminos 
209395.154210333,3186663.4693728,8042,1064,CM-001,La Paz,B1,ME4b,15,Bilateral,20,1,Columna,4,Artística con Reflector tipo Villa,VSBP,35,EM,NO,Noche entera,-,-,-,-,-,Cambio luminaria,PC Ámbar,PC Ámbar-49,EL,DP,Puntagorda,35,,49,Cuatro Caminos 
209386.212095606,3186630.57291731,8043,1065,CM-001,La Paz,B1,ME4b,15,Bilateral,20,1,Columna,4,Artística con Reflector tipo Villa,VSBP,35,EM,NO,Noche entera,-,-,-,-,-,Cambio luminaria,PC Ámbar,PC Ámbar-49,EL,DP,Puntagorda,35,,49,Cuatro Caminos 
209266.256847526,3185830.19915449,8044,1092,CM-001,Camino La Cooperativa,D3-D4,S4,4,Tresbolillo,30,1,Columna,6,Viaria con cierre vidrio plano (tipo I),VSBP,35,EM,NO,Noche entera,-,-,-,-,-,Cambio luminaria,PC Ámbar,PC Ámbar-32,EL,DP,Puntagorda,35,,32,Cuatro Caminos 
209310.363174642,3185865.02817211,8045,1093,CM-001,Camino La Cooperativa,D3-D4,S4,4,Tresbolillo,30,1,Columna,6,Viaria con cierre vidrio plano (tipo I),VSBP,35,EM,NO,Noche entera,-,-,-,-,-,Cambio luminaria,PC Ámbar,PC Ámbar-32,EL,DP,Puntagorda,35,,32,Cuatro Caminos 
209330.33024354,3185898.07108145,8046,1094,CM-001,Camino La Cooperativa,D3-D4,S4,4,Tresbolillo,30,1,Columna,6,Viaria con cierre vidrio plano (tipo I),VSBP,35,EM,NO,Noche entera,-,-,-,-,-,Cambio luminaria,PC Ámbar,PC Ámbar-32,EL,DP,Puntagorda,35,,32,Cuatro Caminos 
209370.889051409,3185932.66114453,8047,1095,CM-001,Camino La Cooperativa,D3-D4,S4,4,Tresbolillo,30,1,Columna,6,Viaria con cierre vidrio plano (tipo I),VSBP,35,EM,NO,Noche entera,-,-,-,-,-,Cambio luminaria,PC Ámbar,PC Ámbar-32,EL,DP,Puntagorda,35,,32,Cuatro Caminos 
209464.27699572,3185990.93443512,8048,1096,CM-001,Camino La Cooperativa,D3-D4,S4,4,Unilateral,30,1,Columna,6,Viaria con cierre vidrio plano (tipo I),VSBP,35,EM,NO,Noche entera,-,-,-,-,-,Cambio luminaria,PC Ámbar,PC Ámbar-32,EL,DP,Puntagorda,35,,32,Cuatro Caminos 
209586.196386966,3186051.99933417,8049,1242,CM-001,Camino de la Carnicería,D3-D4,S4,5,Unilateral,50,1,Columna,6,Viaria con cierre vidrio plano (tipo I),VSBP,35,EM,NO,Noche entera,-,-,-,-,-,Cambio luminaria,PC Ámbar,PC Ámbar-49,EL,DP,Puntagorda,35,,49,Cuatro Caminos 
209561.754774159,3186083.29082802,8050,1241,CM-001,Camino de la Carnicería,D3-D4,S4,5,Unilateral,50,1,Columna,6,Viaria con cierre vidrio plano (tipo I),VSBP,35,EM,NO,Noche entera,-,-,-,-,-,Cambio luminaria,PC Ámbar,PC Ámbar-49,EL,DP,Puntagorda,35,,49,Cuatro Caminos 
209534.924695577,3186119.79345417,8051,1240,CM-001,Camino de la Carnicería,D3-D4,S4,5,Unilateral,50,1,Columna,6,Viaria con cierre vidrio plano (tipo I),VSBP,35,EM,NO,Noche entera,-,-,-,-,-,Cambio luminaria,PC Ámbar,PC Ámbar-49,EL,DP,Puntagorda,35,,49,Cuatro Caminos 
209506.019213311,3186142.36706281,8052,1239,CM-001,Camino de la Carnicería,D3-D4,S4,5,Unilateral,50,1,Columna,6,Viaria con cierre vidrio plano (tipo I),VSBP,35,EM,NO,Noche entera,-,-,-,-,-,Cambio luminaria,PC Ámbar,PC Ámbar-49,EL,DP,Puntagorda,35,,49,Cuatro Caminos 
209362.663678006,3185885.6262119,8053,1101,CM-001,Camino La Barquita,D3-D4,S4,4,Unilateral,30,1,Columna,6,Viaria con cierre vidrio plano (tipo I),VSBP,35,EM,NO,Noche entera,-,-,-,-,-,Cambio luminaria,PC Ámbar,PC Ámbar-32,EL,DP,Puntagorda,35,,32,Cuatro Caminos 
209404.192803195,3185871.4035077,8054,1102,CM-001,Camino La Barquita,D3-D4,S4,4,Unilateral,30,1,Columna,6,Viaria con cierre vidrio plano (tipo I),VSBP,35,EM,NO,Noche entera,-,-,-,-,-,Cambio luminaria,PC Ámbar,PC Ámbar-32,EL,DP,Puntagorda,35,,32,Cuatro Caminos 
209451.358070446,3185845.62485129,8055,1103,CM-001,Camino La Barquita,D3-D4,S4,4,Unilateral,30,1,Columna,6,Viaria con cierre vidrio plano (tipo I),VSBP,35,EM,NO,Noche entera,-,-,-,-,-,Cambio luminaria,PC Ámbar,PC Ámbar-32,EL,DP,Puntagorda,35,,32,Cuatro Caminos 
209440.091305303,3185802.58689705,8056,1104,CM-001,Camino La Barquita,D3-D4,S4,4,Unilateral,30,1,Columna,6,Viaria con cierre vidrio plano (tipo I),VSBP,35,EM,NO,Noche entera,-,-,-,-,-,Cambio luminaria,PC Ámbar,PC Ámbar-32,EL,DP,Puntagorda,35,,32,Cuatro Caminos 
209412.207430587,3185742.89619814,8057,1105,CM-001,Camino La Barquita,D3-D4,S4,4,Unilateral,30,1,Columna,6,Viaria con cierre vidrio plano (tipo I),VSBP,35,EM,NO,Noche entera,-,-,-,-,-,Cambio luminaria,PC Ámbar,PC Ámbar-32,EL,DP,Puntagorda,35,,32,Cuatro Caminos 
209424.96485112,3185705.19845008,8058,1106,CM-001,Camino La Barquita,D3-D4,S4,4,Unilateral,30,1,Columna,6,Viaria con cierre vidrio plano (tipo I),VSBP,35,EM,NO,Noche entera,-,-,-,-,-,Cambio luminaria,PC Ámbar,PC Ámbar-32,EL,DP,Puntagorda,35,,32,Cuatro Caminos 
209445.136155603,3185685.34590923,8059,1107,CM-001,Camino La Barquita,D3-D4,S4,4,Unilateral,30,1,Columna,6,Viaria con cierre vidrio plano (tipo I),VSBP,35,EM,NO,Noche entera,-,-,-,-,-,Cambio luminaria,PC Ámbar,PC Ámbar-32,EL,DP,Puntagorda,35,,32,Cuatro Caminos 
209311.39486178,3185910.29754619,8060,1100,CM-001,Camino La Cooperativa,D3-D4,S4,4,Unilateral,30,1,Columna,6,Viaria con cierre vidrio plano (tipo I),VSBP,35,EM,NO,Noche entera,-,-,-,-,-,Cambio luminaria,PC Ámbar,PC Ámbar-32,EL,DP,Puntagorda,35,,32,Cuatro Caminos 
209282.802144169,3185910.74476497,8061,1099,CM-001,Camino La Cooperativa,D3-D4,S4,4,Unilateral,30,1,Columna,6,Viaria con cierre vidrio plano (tipo I),VSBP,35,EM,NO,Noche entera,-,-,-,-,-,Cambio luminaria,PC Ámbar,PC Ámbar-32,EL,DP,Puntagorda,35,,32,Cuatro Caminos 
209254.651375184,3185907.67265924,8062,1098,CM-001,Camino La Cooperativa,D3-D4,S4,4,Unilateral,30,1,Columna,6,Viaria con cierre vidrio plano (tipo I),VSBP,35,EM,NO,Noche entera,-,-,-,-,-,Cambio luminaria,PC Ámbar,PC Ámbar-32,EL,DP,Puntagorda,35,,32,Cuatro Caminos 
209221.417651747,3185926.46715705,8063,1097,CM-001,Camino La Cooperativa,D3-D4,S4,4,Unilateral,30,1,Columna,6,Viaria con cierre vidrio plano (tipo I),VSBP,35,EM,NO,Noche entera,-,-,-,-,-,Cambio luminaria,PC Ámbar,PC Ámbar-32,EL,DP,Puntagorda,35,,32,Cuatro Caminos 
209087.969921792,3186044.53706502,8064,1112,CM-001,Camino el pinar,D3-D4,S3,8,Unilateral,30,1,Columna,6,Viaria con cierre vidrio plano (tipo I),VSBP,35,EM,NO,Noche entera,-,-,-,-,-,Cambio luminaria,PC Ámbar,PC Ámbar-49,EL,DP,Puntagorda,35,,49,Cuatro Caminos 
209115.654518097,3186108.78605917,8065,1113,CM-001,Camino el pinar,D3-D4,S3,8,Unilateral,30,1,Columna,6,Viaria con cierre vidrio plano (tipo I),VSBP,35,EM,NO,Noche entera,-,-,-,-,-,Cambio luminaria,PC Ámbar,PC Ámbar-49,EL,DP,Puntagorda,35,,49,Cuatro Caminos 
209160.083425073,3186161.91275438,8066,1115,CM-001,Camino el pinar,D3-D4,S3,8,Unilateral,30,1,Columna,6,Viaria con cierre vidrio plano (tipo I),VSBP,35,EM,NO,Noche entera,-,-,-,-,-,Cambio luminaria,PC Ámbar,PC Ámbar-49,EL,DP,Puntagorda,35,,49,Cuatro Caminos 
209135.021967178,3186132.96769178,8067,1114,CM-001,Camino el pinar,D3-D4,S3,8,Unilateral,30,1,Columna,6,Viaria con cierre vidrio plano (tipo I),VSBP,35,EM,NO,Noche entera,-,-,-,-,-,Cambio luminaria,PC Ámbar,PC Ámbar-49,EL,DP,Puntagorda,35,,49,Cuatro Caminos 
209186.450206134,3186208.32916666,8068,1116,CM-001,Camino el pinar,D3-D4,S3,8,Unilateral,30,1,Columna,6,Viaria con cierre vidrio plano (tipo I),VSBP,35,EM,NO,Noche entera,-,-,-,-,-,Cambio luminaria,PC Ámbar,PC Ámbar-49,EL,DP,Puntagorda,35,,49,Cuatro Caminos 
209222.763623742,3186265.05366489,8069,1117,CM-001,Camino el pinar,D3-D4,S3,8,Unilateral,30,1,Columna,6,Viaria con cierre vidrio plano (tipo I),VSBP,35,EM,NO,Noche entera,-,-,-,-,-,Cambio luminaria,PC Ámbar,PC Ámbar-49,EL,DP,Puntagorda,35,,49,Cuatro Caminos 
209119.56824034,3185885.57831624,8070,1108,CM-001,Camino el pinar,D3-D4,S3,8,Unilateral,30,1,Columna,6,Viaria con cierre vidrio plano (tipo I),VSBP,35,EM,NO,Noche entera,-,-,-,-,-,Cambio luminaria,PC Ámbar,PC Ámbar-49,EL,DP,Puntagorda,35,,49,Cuatro Caminos 
209249.726083102,3186322.06174511,8071,1118,CM-001,Camino el pinar,D3-D4,S3,8,Unilateral,20,1,Columna,4,Artística con Reflector tipo Fernandina,VSBP,35,EM,NO,Noche entera,-,-,-,-,-,Cambio luminaria,PC Ámbar,PC Ámbar-32,EL,DP,Puntagorda,35,,32,Cuatro Caminos 
209240.878617359,3186346.52528524,8072,1119,CM-001,Camino el pinar,D3-D4,S3,8,Unilateral,20,1,Columna,4,Artística con Reflector tipo Fernandina,VSBP,35,EM,NO,Noche entera,-,-,-,-,-,Cambio luminaria,PC Ámbar,PC Ámbar-32,EL,DP,Puntagorda,35,,32,Cuatro Caminos 
209238.057390261,3186365.63612818,8073,1120,CM-001,Camino el pinar,D3-D4,S3,8,Unilateral,20,1,Columna,4,Artística con Reflector tipo Fernandina,VSBP,35,EM,NO,Noche entera,-,-,-,-,-,Cambio luminaria,PC Ámbar,PC Ámbar-32,EL,DP,Puntagorda,35,,32,Cuatro Caminos 
209235.622194856,3186383.75241737,8074,1121,CM-001,Camino el pinar,D3-D4,S3,8,Unilateral,20,1,Columna,4,Artística con Reflector tipo Fernandina,VSBP,35,EM,NO,Noche entera,-,-,-,-,-,Cambio luminaria,PC Ámbar,PC Ámbar-32,EL,DP,Puntagorda,35,,32,Cuatro Caminos 
209233.569131503,3186400.44053984,8075,1122,CM-001,Camino el pinar,D3-D4,S3,8,Unilateral,20,1,Columna,4,Artística con Reflector tipo Fernandina,VSBP,35,EM,NO,Noche entera,-,-,-,-,-,Cambio luminaria,PC Ámbar,PC Ámbar-32,EL,DP,Puntagorda,35,,32,Cuatro Caminos 
209227.149689786,3186482.35571669,8076,1123,CM-001,Camino el pinar,D3-D4,S3,8,Tresbolillo,20,1,Columna,4,Artística con Reflector tipo Villa,VSBP,35,EM,NO,Noche entera,-,-,-,-,-,Cambio luminaria,PC Ámbar,PC Ámbar-32,EL,DP,Puntagorda,35,,32,Cuatro Caminos 
209224.726556838,3186496.33679355,8077,1124,CM-001,Camino el pinar,D3-D4,S3,8,Tresbolillo,20,1,Columna,4,Artística con Reflector tipo Villa,VSBP,35,EM,NO,Noche entera,-,-,-,-,-,Cambio luminaria,PC Ámbar,PC Ámbar-32,EL,DP,Puntagorda,35,,32,Cuatro Caminos 
209220.535563306,3186522.46589692,8078,1125,CM-001,Camino el pinar,D3-D4,S3,8,Tresbolillo,20,1,Columna,4,Artística con Reflector tipo Villa,VSBP,35,EM,NO,Noche entera,-,-,-,-,-,Cambio luminaria,PC Ámbar,PC Ámbar-32,EL,DP,Puntagorda,35,,32,Cuatro Caminos 
209226.986797036,3186541.19182842,8079,1126,CM-001,Camino el pinar,D3-D4,S3,8,Tresbolillo,20,1,Columna,4,Artística con Reflector tipo Villa,VSBP,35,EM,NO,Noche entera,-,-,-,-,-,Cambio luminaria,PC Ámbar,PC Ámbar-32,EL,DP,Puntagorda,35,,32,Cuatro Caminos 
209223.762882136,3186559.10659584,8080,1127,CM-001,Camino el pinar,D3-D4,S3,8,Unilateral,20,1,Brazo,4,Artística con Reflector tipo Villa,VSBP,35,EM,NO,Noche entera,-,-,-,-,-,Cambio luminaria,PC Ámbar,PC Ámbar-32,EL,DP,Puntagorda,35,,32,Cuatro Caminos 
209219.730319895,3186580.7108208,8081,1128,CM-001,Camino el pinar,D3-D4,S3,8,Unilateral,20,1,Brazo,4,Artística con Reflector tipo Villa,VSBP,35,EM,NO,Noche entera,-,-,-,-,-,Cambio luminaria,PC Ámbar,PC Ámbar-32,EL,DP,Puntagorda,35,,32,Cuatro Caminos 
209212.310388193,3186603.00812273,8082,1129,CM-001,Camino el pinar,D3-D4,S3,8,Unilateral,20,1,Brazo,4,Artística con Reflector tipo Villa,VSBP,35,EM,NO,Noche entera,-,-,-,-,-,Cambio luminaria,PC Ámbar,PC Ámbar-32,EL,DP,Puntagorda,35,,32,Cuatro Caminos 
209204.775549186,3186646.34222157,8083,1130,CM-001,Camino el pinar,D3-D4,S3,8,Tresbolillo,20,1,Columna,4,Artística con Reflector tipo Villa,VSBP,35,EM,NO,Noche entera,-,-,-,-,-,Cambio luminaria,PC Ámbar,PC Ámbar-32,EL,DP,Puntagorda,35,,32,Cuatro Caminos 
209201.57774207,3186694.31454473,8084,1132,CM-001,Camino el pinar,D3-D4,S3,8,Tresbolillo,20,1,Columna,4,Artística con Reflector tipo Villa,VSBP,35,EM,NO,Noche entera,-,-,-,-,-,Cambio luminaria,PC Ámbar,PC Ámbar-32,EL,DP,Puntagorda,35,,32,Cuatro Caminos 
209220.299238279,3186700.5716723,8085,1185,CM-001,Calle la Paz,D3-D4,S3,8,Tresbolillo,12,1,Columna,4,Artística con Reflector tipo Villa,VSBP,35,EM,NO,Noche entera,-,-,-,-,-,Cambio luminaria,PC Ámbar,PC Ámbar-32,EL,DP,Puntagorda,35,,32,Cuatro Caminos 
209201.57774207,3186714.38508744,8086,1133,CM-001,Camino el pinar,D3-D4,S3,8,Tresbolillo,20,1,Columna,4,Artística con Reflector tipo Villa,VSBP,35,EM,NO,Noche entera,-,-,-,-,-,Cambio luminaria,PC Ámbar,PC Ámbar-32,EL,DP,Puntagorda,35,,32,Cuatro Caminos 
209192.75033636,3186743.89706772,8087,1134,CM-001,Camino el pinar,D3-D4,S3,8,Unilateral,30,1,Columna,6,Viaria con cierre vidrio plano (tipo I),VSBP,35,EM,NO,Noche entera,-,-,-,-,-,Cambio luminaria,PC Ámbar,PC Ámbar-49,EL,DP,Puntagorda,35,,49,Cuatro Caminos 
209210.953477367,3186776.67081573,8088,1135,CM-001,Camino el pinar,D3-D4,S3,8,Unilateral,30,1,Columna,6,Viaria con cierre vidrio plano (tipo I),VSBP,35,EM,NO,Noche entera,-,-,-,-,-,Cambio luminaria,PC Ámbar,PC Ámbar-49,EL,DP,Puntagorda,35,,49,Cuatro Caminos 
209241.255693093,3186810.10512377,8089,1136,CM-001,Camino el pinar,D3-D4,S3,8,Unilateral,30,1,Columna,6,Viaria con cierre vidrio plano (tipo I),VSBP,35,EM,NO,Noche entera,-,-,-,-,-,Cambio luminaria,PC Ámbar,PC Ámbar-49,EL,DP,Puntagorda,35,,49,Cuatro Caminos 
209271.332423482,3186864.11595481,8090,1137,CM-001,Camino el pinar,D3-D4,S3,8,Unilateral,30,1,Columna,6,Viaria con cierre vidrio plano (tipo I),VSBP,35,EM,NO,Noche entera,-,-,-,-,-,Cambio luminaria,PC Ámbar,PC Ámbar-49,EL,DP,Puntagorda,35,,49,Cuatro Caminos 
209300.719908342,3186899.24865193,8091,1138,CM-001,Camino el pinar,D3-D4,S3,8,Unilateral,30,1,Columna,6,Viaria con cierre vidrio plano (tipo I),VSBP,35,EM,NO,Noche entera,-,-,-,-,-,Cambio luminaria,PC Ámbar,PC Ámbar-49,EL,DP,Puntagorda,35,,49,Cuatro Caminos 
209193.864610025,3186579.32308201,8092,1139,CM-001,Camino del Hondito,D3-D4,S4,5,Unilateral,31,1,Columna,6,Viaria con cierre vidrio plano (tipo I),VSBP,35,EM,NO,Noche entera,-,-,-,-,-,Cambio luminaria,PC Ámbar,PC Ámbar-32,EL,DP,Puntagorda,35,,32,Cuatro Caminos 
209150.601299989,3186591.08093206,8093,1140,CM-001,Camino del Hondito,D3-D4,S4,5,Unilateral,31,1,Columna,6,Viaria con cierre vidrio plano (tipo I),VSBP,35,EM,NO,Noche entera,-,-,-,-,-,Cambio luminaria,PC Ámbar,PC Ámbar-32,EL,DP,Puntagorda,35,,32,Cuatro Caminos 
209099.765178993,3186604.90365503,8094,1141,CM-001,Camino del Hondito,D3-D4,S4,5,Unilateral,31,1,Columna,6,Viaria con cierre vidrio plano (tipo I),VSBP,35,EM,NO,Noche entera,-,-,-,-,-,Cambio luminaria,PC Ámbar,PC Ámbar-32,EL,DP,Puntagorda,35,,32,Cuatro Caminos 
209053.846839393,3186623.51163371,8095,1142,CM-001,Camino del Hondito,D3-D4,S4,5,Unilateral,31,1,Columna,6,Viaria con cierre vidrio plano (tipo I),VSBP,35,EM,NO,Noche entera,-,-,-,-,-,Cambio luminaria,PC Ámbar,PC Ámbar-32,EL,DP,Puntagorda,35,,32,Cuatro Caminos 
209006.588939075,3186642.1998907,8096,1143,CM-001,Camino del Hondito,D3-D4,S4,5,Unilateral,31,1,Columna,6,Viaria con cierre vidrio plano (tipo I),VSBP,35,EM,NO,Noche entera,-,-,-,-,-,Cambio luminaria,PC Ámbar,PC Ámbar-32,EL,DP,Puntagorda,35,,32,Cuatro Caminos 
208881.780010867,3186657.81061576,8097,1147,CM-001,Camino del Hondito,D3-D4,S4,5,Unilateral,31,1,Columna,6,Viaria con cierre vidrio plano (tipo I),VSBP,35,EM,NO,Noche entera,-,-,-,-,-,Cambio luminaria,PC Ámbar,PC Ámbar-32,EL,DP,Puntagorda,35,,32,Cuatro Caminos 
208921.497751476,3186653.52158928,8098,1146,CM-001,Camino del Hondito,D3-D4,S4,5,Unilateral,31,1,Columna,6,Viaria con cierre vidrio plano (tipo I),VSBP,35,EM,NO,Noche entera,-,-,-,-,-,Cambio luminaria,PC Ámbar,PC Ámbar-32,EL,DP,Puntagorda,35,,32,Cuatro Caminos 
208952.270072578,3186653.87900704,8099,1145,CM-001,Camino del Hondito,D3-D4,S4,5,Unilateral,31,1,Columna,6,Viaria con cierre vidrio plano (tipo I),VSBP,35,EM,NO,Noche entera,-,-,-,-,-,Cambio luminaria,PC Ámbar,PC Ámbar-32,EL,DP,Puntagorda,35,,32,Cuatro Caminos 
208981.899533644,3186648.99085487,8100,1144,CM-001,Camino del Hondito,D3-D4,S4,5,Unilateral,31,1,Columna,6,Viaria con cierre vidrio plano (tipo I),VSBP,35,EM,NO,Noche entera,-,-,-,-,-,Cambio luminaria,PC Ámbar,PC Ámbar-32,EL,DP,Puntagorda,35,,32,Cuatro Caminos 
208858.879682725,3186684.25962353,8101,1148,CM-001,Camino del Hondito,D3-D4,S4,5,Unilateral,31,1,Columna,6,Viaria con cierre vidrio plano (tipo I),VSBP,35,EM,NO,Noche entera,-,-,-,-,-,Cambio luminaria,PC Ámbar,PC Ámbar-32,EL,DP,Puntagorda,35,,32,Cuatro Caminos 
208793.354759951,3186706.84084766,8102,1151,CM-001,Camino del Hondito,D3-D4,S4,5,Unilateral,31,1,Columna,6,Viaria con cierre vidrio plano (tipo I),VSBP,35,EM,NO,Noche entera,-,-,-,-,-,Cambio luminaria,PC Ámbar,PC Ámbar-32,EL,DP,Puntagorda,35,,32,Cuatro Caminos 
208830.755715529,3186696.11916122,8103,1149,CM-001,Camino del Hondito,D3-D4,S4,5,Unilateral,31,1,Columna,6,Viaria con cierre vidrio plano (tipo I),VSBP,35,EM,NO,Noche entera,-,-,-,-,-,Cambio luminaria,PC Ámbar,PC Ámbar-32,EL,DP,Puntagorda,35,,32,Cuatro Caminos 
208813.169544452,3186700.38599934,8104,1150,CM-001,Camino del Hondito,D3-D4,S4,5,Unilateral,31,1,Columna,6,Viaria con cierre vidrio plano (tipo I),VSBP,35,EM,NO,Noche entera,-,-,-,-,-,Cambio luminaria,PC Ámbar,PC Ámbar-32,EL,DP,Puntagorda,35,,32,Cuatro Caminos 
208773.397241876,3186713.5542735,8105,1152,CM-001,Camino del Hondito,D3-D4,S4,5,Unilateral,31,1,Columna,6,Viaria con cierre vidrio plano (tipo I),VSBP,35,EM,NO,Noche entera,-,-,-,-,-,Cambio luminaria,PC Ámbar,PC Ámbar-32,EL,DP,Puntagorda,35,,32,Cuatro Caminos 
208720.859025474,3186716.69614089,8106,1153,CM-001,Camino del Hondito,D3-D4,S4,5,Unilateral,31,1,Columna,6,Viaria con cierre vidrio plano (tipo I),VSBP,35,EM,NO,Noche entera,-,-,-,-,-,Cambio luminaria,PC Ámbar,PC Ámbar-32,EL,DP,Puntagorda,35,,32,Cuatro Caminos 
208681.478802345,3186730.79366628,8107,1154,CM-001,Camino del Hondito,D3-D4,S4,5,Unilateral,31,1,Columna,6,Viaria con cierre vidrio plano (tipo I),VSBP,35,EM,NO,Noche entera,-,-,-,-,-,Cambio luminaria,PC Ámbar,PC Ámbar-32,EL,DP,Puntagorda,35,,32,Cuatro Caminos 
208651.984738236,3186739.05174767,8108,1155,CM-001,Camino del Hondito,D3-D4,S4,5,Unilateral,31,1,Columna,6,Viaria con cierre vidrio plano (tipo I),VSBP,35,EM,NO,Noche entera,-,-,-,-,-,Cambio luminaria,PC Ámbar,PC Ámbar-32,EL,DP,Puntagorda,35,,32,Cuatro Caminos 
209152.761801836,3186722.79799031,8109,1156,CM-001,Camino de Pinto,D3-D4,S4,6,Unilateral,30,1,Columna,6,Viaria con cierre vidrio plano (tipo I),VSBP,35,EM,NO,Noche entera,-,-,-,-,-,Cambio luminaria,PC Ámbar,PC Ámbar-32,EL,DP,Puntagorda,35,,32,Cuatro Caminos 
209081.910956971,3186737.5389375,8110,1157,CM-001,Camino de Pinto,D3-D4,S4,6,Unilateral,30,1,Columna,6,Viaria con cierre vidrio plano (tipo I),VSBP,35,EM,NO,Noche entera,-,-,-,-,-,Cambio luminaria,PC Ámbar,PC Ámbar-32,EL,DP,Puntagorda,35,,32,Cuatro Caminos 
209032.221992228,3186746.23713256,8111,1158,CM-001,Camino de Pinto,D3-D4,S4,6,Unilateral,30,1,Columna,6,Viaria con cierre vidrio plano (tipo I),VSBP,35,EM,NO,Noche entera,-,-,-,-,-,Cambio luminaria,PC Ámbar,PC Ámbar-32,EL,DP,Puntagorda,35,,32,Cuatro Caminos 
208966.665376584,3186770.41570285,8112,1159,CM-001,Camino de Pinto,D3-D4,S4,6,Unilateral,30,1,Columna,6,Viaria con cierre vidrio plano (tipo I),VSBP,35,EM,NO,Noche entera,-,-,-,-,-,Cambio luminaria,PC Ámbar,PC Ámbar-32,EL,DP,Puntagorda,35,,32,Cuatro Caminos 
208892.031711928,3186800.13518178,8113,1160,CM-001,Camino de Pinto,D3-D4,S4,6,Unilateral,30,1,Columna,6,Viaria con cierre vidrio plano (tipo I),VSBP,35,EM,NO,Noche entera,-,-,-,-,-,Cambio luminaria,PC Ámbar,PC Ámbar-32,EL,DP,Puntagorda,35,,32,Cuatro Caminos 
208609.459881949,3186905.9568799,8114,1164,CM-001,Camino de Pinto,D3-D4,S4,6,Unilateral,30,1,Columna,6,Viaria con cierre vidrio plano (tipo I),VSBP,35,EM,NO,Noche entera,-,-,-,-,-,Cambio luminaria,PC Ámbar,PC Ámbar-32,EL,DP,Puntagorda,35,,32,Cuatro Caminos 
208717.978973238,3186880.97097341,8115,1163,CM-001,Camino de Pinto,D3-D4,S4,6,Unilateral,30,1,Columna,6,Viaria con cierre vidrio plano (tipo I),VSBP,35,EM,NO,Noche entera,-,-,-,-,-,Cambio luminaria,PC Ámbar,PC Ámbar-32,EL,DP,Puntagorda,35,,32,Cuatro Caminos 
208780.882839616,3186844.62711751,8116,1162,CM-001,Camino de Pinto,D3-D4,S4,6,Unilateral,30,1,Columna,6,Viaria con cierre vidrio plano (tipo I),VSBP,35,EM,NO,Noche entera,-,-,-,-,-,Cambio luminaria,PC Ámbar,PC Ámbar-32,EL,DP,Puntagorda,35,,32,Cuatro Caminos 
208836.122286449,3186821.1944894,8117,1161,CM-001,Camino de Pinto,D3-D4,S4,6,Unilateral,30,1,Columna,6,Viaria con cierre vidrio plano (tipo I),VSBP,35,EM,NO,Noche entera,-,-,-,-,-,Cambio luminaria,PC Ámbar,PC Ámbar-32,EL,DP,Puntagorda,35,,32,Cuatro Caminos 
208920.245172646,3186961.85419061,8118,1169,CM-001,Camino Matos,D3-D4,S4,6,Unilateral,30,1,Columna,6,Viaria con cierre vidrio plano (tipo I),VSBP,35,EM,NO,Noche entera,-,-,-,-,-,Cambio luminaria,PC Ámbar,PC Ámbar-32,EL,DP,Puntagorda,35,,32,Cuatro Caminos 
208927.583443163,3186922.85407248,8119,1168,CM-001,Camino Matos,D3-D4,S4,6,Unilateral,30,1,Columna,6,Viaria con cierre vidrio plano (tipo I),VSBP,35,EM,NO,Noche entera,-,-,-,-,-,Cambio luminaria,PC Ámbar,PC Ámbar-32,EL,DP,Puntagorda,35,,32,Cuatro Caminos 
208929.840345528,3186881.14829215,8120,1167,CM-001,Camino Matos,D3-D4,S4,6,Unilateral,30,1,Columna,6,Viaria con cierre vidrio plano (tipo I),VSBP,35,EM,NO,Noche entera,-,-,-,-,-,Cambio luminaria,PC Ámbar,PC Ámbar-32,EL,DP,Puntagorda,35,,32,Cuatro Caminos 
208921.377027757,3186847.89637987,8121,1166,CM-001,Camino Matos,D3-D4,S4,6,Unilateral,30,1,Columna,6,Viaria con cierre vidrio plano (tipo I),VSBP,35,EM,NO,Noche entera,-,-,-,-,-,Cambio luminaria,PC Ámbar,PC Ámbar-32,EL,DP,Puntagorda,35,,32,Cuatro Caminos 
208917.991707256,3186819.1532151,8122,1165,CM-001,Camino Matos,D3-D4,S4,6,Unilateral,30,1,Columna,6,Viaria con cierre vidrio plano (tipo I),VSBP,35,EM,NO,Noche entera,-,-,-,-,-,Cambio luminaria,PC Ámbar,PC Ámbar-32,EL,DP,Puntagorda,35,,32,Cuatro Caminos 
208867.211932809,3186877.20315821,8123,1172,CM-001,Camino Matos,D3-D4,S4,5,Indefinido,0,1,Brazo,5,Viaria con cierre vidrio plano (tipo I),VSBP,35,EM,NO,Noche entera,-,-,-,-,-,Cambio luminaria,PC Ámbar,PC Ámbar-32,EL,DP,Puntagorda,35,,32,Cuatro Caminos 
208895.42291494,3186903.69196264,8124,1170,CM-001,Camino Matos,D3-D4,S4,5,Indefinido,0,1,Brazo,5,Viaria con cierre vidrio plano (tipo I),VSBP,35,EM,NO,Noche entera,-,-,-,-,-,Cambio luminaria,PC Ámbar,PC Ámbar-32,EL,DP,Puntagorda,35,,32,Cuatro Caminos 
208901.629330348,3186871.56723723,8125,1171,CM-001,Camino Matos,D3-D4,S4,5,Indefinido,0,1,Brazo,5,Viaria con cierre vidrio plano (tipo I),VSBP,35,EM,NO,Noche entera,-,-,-,-,-,Cambio luminaria,PC Ámbar,PC Ámbar-32,EL,DP,Puntagorda,35,,32,Cuatro Caminos 
208926.59157866,3187004.2485753,8126,1173,CM-001,Camino del Molino Pilar,D3-D4,S4,5,Unilateral,50,1,Columna,6,Viaria con cierre vidrio plano (tipo I),VSBP,35,EM,NO,Noche entera,-,-,-,-,-,Cambio luminaria,PC Ámbar,PC Ámbar-49,EL,DP,Puntagorda,35,,49,Cuatro Caminos 
208985.357030602,3186989.83459733,8127,1174,CM-001,Camino del Molino Pilar,D3-D4,S4,5,Unilateral,50,1,Columna,6,Viaria con cierre vidrio plano (tipo I),VSBP,35,EM,NO,Noche entera,-,-,-,-,-,Cambio luminaria,PC Ámbar,PC Ámbar-49,EL,DP,Puntagorda,35,,49,Cuatro Caminos 
209039.000333373,3186971.7013311,8128,1175,CM-001,Camino del Molino Pilar,D3-D4,S4,5,Unilateral,50,1,Columna,6,Viaria con cierre vidrio plano (tipo I),VSBP,35,EM,NO,Noche entera,-,-,-,-,-,Cambio luminaria,PC Ámbar,PC Ámbar-49,EL,DP,Puntagorda,35,,49,Cuatro Caminos 
209066.34566066,3186947.58991683,8129,1176,CM-001,Camino del Molino Pilar,D3-D4,S4,5,Unilateral,50,1,Columna,6,Viaria con cierre vidrio plano (tipo I),VSBP,35,EM,NO,Noche entera,-,-,-,-,-,Cambio luminaria,PC Ámbar,PC Ámbar-49,EL,DP,Puntagorda,35,,49,Cuatro Caminos 
209089.050180411,3186921.19730668,8130,1177,CM-001,Camino del Molino Pilar,D3-D4,S4,5,Unilateral,50,1,Columna,6,Viaria con cierre vidrio plano (tipo I),VSBP,35,EM,NO,Noche entera,-,-,-,-,-,Cambio luminaria,PC Ámbar,PC Ámbar-49,EL,DP,Puntagorda,35,,49,Cuatro Caminos 
209132.282161104,3186911.19377326,8131,1178,CM-001,Camino del Molino Pilar,D3-D4,S4,5,Unilateral,50,1,Columna,6,Viaria con cierre vidrio plano (tipo I),VSBP,35,EM,NO,Noche entera,-,-,-,-,-,Cambio luminaria,PC Ámbar,PC Ámbar-49,EL,DP,Puntagorda,35,,49,Cuatro Caminos 
209155.192502737,3186898.71169929,8132,1179,CM-001,Camino del Molino Pilar,D3-D4,S4,5,Unilateral,50,1,Columna,6,Viaria con cierre vidrio plano (tipo I),VSBP,35,EM,NO,Noche entera,-,-,-,-,-,Cambio luminaria,PC Ámbar,PC Ámbar-49,EL,DP,Puntagorda,35,,49,Cuatro Caminos 
209182.665791222,3186878.36352017,8133,1180,CM-001,Camino del Molino Pilar,D3-D4,S4,5,Unilateral,50,1,Columna,6,Viaria con cierre vidrio plano (tipo I),VSBP,35,EM,NO,Noche entera,-,-,-,-,-,Cambio luminaria,PC Ámbar,PC Ámbar-49,EL,DP,Puntagorda,35,,49,Cuatro Caminos 
209215.213507812,3186876.13670724,8134,1181,CM-001,Camino del Molino Pilar,D3-D4,S4,5,Unilateral,50,1,Columna,6,Viaria con cierre vidrio plano (tipo I),VSBP,35,EM,NO,Noche entera,-,-,-,-,-,Cambio luminaria,PC Ámbar,PC Ámbar-49,EL,DP,Puntagorda,35,,49,Cuatro Caminos 
209255.340876269,3186878.80888544,8135,1182,CM-001,Camino del Molino Pilar,D3-D4,S4,5,Unilateral,50,1,Columna,6,Viaria con cierre vidrio plano (tipo I),VSBP,35,EM,NO,Noche entera,-,-,-,-,-,Cambio luminaria,PC Ámbar,PC Ámbar-49,EL,DP,Puntagorda,35,,49,Cuatro Caminos 
209187.148266608,3186832.934758,8136,1183,CM-001,Camino el Hoyo,D3-D4,S4,5,Unilateral,24,1,Columna,6,Viaria con cierre vidrio plano (tipo I),VSBP,35,EM,NO,Noche entera,-,-,-,-,-,Cambio luminaria,PC Ámbar,PC Ámbar-32,EL,DP,Puntagorda,35,,32,Cuatro Caminos 
209195.949597581,3186809.9237085,8137,1184,CM-001,Camino el Hoyo,D3-D4,S4,5,Unilateral,24,1,Columna,6,Viaria con cierre vidrio plano (tipo I),VSBP,35,EM,NO,Noche entera,-,-,-,-,-,Cambio luminaria,PC Ámbar,PC Ámbar-32,EL,DP,Puntagorda,35,,32,Cuatro Caminos 
209214.129869488,3186661.49429789,8138,1131,CM-001,Camino el pinar,D3-D4,S3,8,Tresbolillo,20,1,Columna,4,Artística con Reflector tipo Villa,VSBP,35,EM,NO,Noche entera,-,-,-,-,-,Cambio luminaria,PC Ámbar,PC Ámbar-32,EL,DP,Puntagorda,35,,32,Cuatro Caminos 
209229.390663098,3186692.03094467,8139,1186,CM-001,Calle la Paz,D3-D4,S3,8,Tresbolillo,12,1,Columna,4,Artística con Reflector tipo Villa,VSBP,35,EM,NO,Noche entera,-,-,-,-,-,Cambio luminaria,PC Ámbar,PC Ámbar-32,EL,DP,Puntagorda,35,,32,Cuatro Caminos 
209236.858613295,3186681.00365806,8140,1187,CM-001,Calle la Paz,D3-D4,S3,8,Tresbolillo,12,1,Columna,4,Artística con Reflector tipo Villa,VSBP,35,EM,NO,Noche entera,-,-,-,-,-,Cambio luminaria,PC Ámbar,PC Ámbar-32,EL,DP,Puntagorda,35,,32,Cuatro Caminos 
209242.811320518,3186690.19305909,8141,1188,CM-001,Calle la Paz,D3-D4,S3,8,Tresbolillo,12,1,Columna,4,Artística con Reflector tipo Villa,VSBP,35,EM,NO,Noche entera,-,-,-,-,-,Cambio luminaria,PC Ámbar,PC Ámbar-32,EL,DP,Puntagorda,35,,32,Cuatro Caminos 
209256.989599431,3186688.89573916,8142,1189,CM-001,Calle la Paz,D3-D4,S3,8,Tresbolillo,12,1,Columna,4,Artística con Reflector tipo Villa,VSBP,35,EM,NO,Noche entera,-,-,-,-,-,Cambio luminaria,PC Ámbar,PC Ámbar-32,EL,DP,Puntagorda,35,,32,Cuatro Caminos 
209268.57031895,3186682.84154364,8143,1190,CM-001,Calle la Paz,D3-D4,S3,8,Tresbolillo,12,1,Columna,4,Artística con Reflector tipo Villa,VSBP,35,EM,NO,Noche entera,-,-,-,-,-,Cambio luminaria,PC Ámbar,PC Ámbar-32,EL,DP,Puntagorda,35,,32,Cuatro Caminos 
209276.254732431,3186688.35518694,8144,1191,CM-001,Calle la Paz,D3-D4,S3,8,Tresbolillo,12,1,Columna,4,Artística con Reflector tipo Villa,VSBP,35,EM,NO,Noche entera,-,-,-,-,-,Cambio luminaria,PC Ámbar,PC Ámbar-32,EL,DP,Puntagorda,35,,32,Cuatro Caminos 
209277.228817202,3186693.22015685,8145,1203,CM-001,Parque Calle la Paz,E1-E2,S4,2,Unilateral,10,1,Columna,4,Artística con Reflector tipo Villa,VSBP,35,EM,NO,Noche entera,-,-,-,-,-,Cambio luminaria,PC Ámbar,PC Ámbar-32,EL,DP,Puntagorda,35,,32,Cuatro Caminos 
209284.047377554,3186695.81481015,8146,1204,CM-001,Parque Calle la Paz,E1-E2,S4,2,Unilateral,10,1,Columna,4,Artística con Reflector tipo Villa,VSBP,35,EM,NO,Noche entera,-,-,-,-,-,Cambio luminaria,PC Ámbar,PC Ámbar-32,EL,DP,Puntagorda,35,,32,Cuatro Caminos 
209293.247034014,3186697.65269573,8147,1205,CM-001,Parque Calle la Paz,E1-E2,S4,2,Unilateral,10,1,Columna,4,Artística con Reflector tipo Villa,VSBP,35,EM,NO,Noche entera,-,-,-,-,-,Cambio luminaria,PC Ámbar,PC Ámbar-32,EL,DP,Puntagorda,35,,32,Cuatro Caminos 
209324.228547878,3186695.48966758,8148,1206,CM-001,Parque Calle la Paz,E1-E2,S4,2,Unilateral,10,1,Columna,4,Artística con Reflector tipo Villa,VSBP,35,EM,NO,Noche entera,-,-,-,-,-,Cambio luminaria,PC Ámbar,PC Ámbar-32,EL,DP,Puntagorda,35,,32,Cuatro Caminos 
209331.92740326,3186693.97186101,8149,1207,CM-001,Parque Calle la Paz,E1-E2,S4,2,Unilateral,10,1,Columna,4,Artística con Reflector tipo Villa,VSBP,35,EM,NO,Noche entera,-,-,-,-,-,Cambio luminaria,PC Ámbar,PC Ámbar-32,EL,DP,Puntagorda,35,,32,Cuatro Caminos 
209293.505368898,3186687.16089777,8150,1192,CM-001,Calle la Paz,D3-D4,S3,8,Tresbolillo,12,1,Columna,4,Artística con Reflector tipo Villa,VSBP,35,EM,NO,Noche entera,-,-,-,-,-,Cambio luminaria,PC Ámbar,PC Ámbar-32,EL,DP,Puntagorda,35,,32,Cuatro Caminos 
209295.778200315,3186678.83637222,8151,1193,CM-001,Calle la Paz,D3-D4,S3,8,Tresbolillo,12,1,Columna,4,Artística con Reflector tipo Villa,VSBP,35,EM,NO,Noche entera,-,-,-,-,-,Cambio luminaria,PC Ámbar,PC Ámbar-32,EL,DP,Puntagorda,35,,32,Cuatro Caminos 
209304.653161854,3186686.62034556,8152,1194,CM-001,Calle la Paz,D3-D4,S3,8,Tresbolillo,12,1,Columna,4,Artística con Reflector tipo Villa,VSBP,35,EM,NO,Noche entera,-,-,-,-,-,Cambio luminaria,PC Ámbar,PC Ámbar-32,EL,DP,Puntagorda,35,,32,Cuatro Caminos 
209313.203428464,3186686.29600886,8153,1195,CM-001,Calle la Paz,D3-D4,S3,8,Tresbolillo,12,1,Columna,4,Artística con Reflector tipo Villa,VSBP,35,EM,NO,Noche entera,-,-,-,-,-,Cambio luminaria,PC Ámbar,PC Ámbar-32,EL,DP,Puntagorda,35,,32,Cuatro Caminos 
209325.108842908,3186686.62034556,8154,1197,CM-001,Calle la Paz,D3-D4,S3,8,Tresbolillo,12,1,Columna,4,Artística con Reflector tipo Villa,VSBP,35,EM,NO,Noche entera,-,-,-,-,-,Cambio luminaria,PC Ámbar,PC Ámbar-32,EL,DP,Puntagorda,35,,32,Cuatro Caminos 
209321.753662028,3186679.59315338,8155,1196,CM-001,Calle la Paz,D3-D4,S3,8,Tresbolillo,12,1,Columna,4,Artística con Reflector tipo Villa,VSBP,35,EM,NO,Noche entera,-,-,-,-,-,Cambio luminaria,PC Ámbar,PC Ámbar-32,EL,DP,Puntagorda,35,,32,Cuatro Caminos 
209333.76734116,3186686.40411661,8156,1198,CM-001,Calle la Paz,D3-D4,S3,8,Tresbolillo,12,1,Columna,4,Artística con Reflector tipo Villa,VSBP,35,EM,NO,Noche entera,-,-,-,-,-,Cambio luminaria,PC Ámbar,PC Ámbar-32,EL,DP,Puntagorda,35,,32,Cuatro Caminos 
209346.863303659,3186680.6742578,8157,1199,CM-001,Calle la Paz,D3-D4,S3,8,Tresbolillo,12,1,Columna,4,Artística con Reflector tipo Villa,VSBP,35,EM,NO,Noche entera,-,-,-,-,-,Cambio luminaria,PC Ámbar,PC Ámbar-32,EL,DP,Puntagorda,35,,32,Cuatro Caminos 
209355.758126941,3186684.02447002,8158,1200,CM-001,Calle la Paz,D3-D4,S3,8,Tresbolillo,12,1,Columna,4,Artística con Reflector tipo Villa,VSBP,35,EM,NO,Noche entera,-,-,-,-,-,Cambio luminaria,PC Ámbar,PC Ámbar-32,EL,DP,Puntagorda,35,,32,Cuatro Caminos 
209371.157754483,3186674.16771278,8159,1201,CM-001,Calle la Paz,D3-D4,S3,8,Tresbolillo,12,1,Columna,4,Artística con Reflector tipo Villa,VSBP,35,EM,NO,Noche entera,-,-,-,-,-,Cambio luminaria,PC Ámbar,PC Ámbar-32,EL,DP,Puntagorda,35,,32,Cuatro Caminos 
209381.98990762,3186678.16628948,8160,1202,CM-001,Calle la Paz,D3-D4,S3,8,Tresbolillo,12,1,Columna,4,Artística con Reflector tipo Villa,VSBP,35,EM,NO,Noche entera,-,-,-,-,-,Cambio luminaria,PC Ámbar,PC Ámbar-32,EL,DP,Puntagorda,35,,32,Cuatro Caminos 
209265.858017496,3186747.14800991,8161,1208,CM-001,Camino Central,D3-D4,S4,4,Tresbolillo,40,1,Columna,6,Viaria con cierre vidrio plano (tipo I),VSBP,35,EM,NO,Noche entera,-,-,-,-,-,Cambio luminaria,PC Ámbar,PC Ámbar-49,EL,DP,Puntagorda,35,,49,Cuatro Caminos 
209311.568420152,3186738.70858042,8162,1209,CM-001,Camino Central,D3-D4,S4,4,Tresbolillo,40,1,Columna,6,Viaria con cierre vidrio plano (tipo I),VSBP,35,EM,NO,Noche entera,-,-,-,-,-,Cambio luminaria,PC Ámbar,PC Ámbar-49,EL,DP,Puntagorda,35,,49,Cuatro Caminos 
209353.189153923,3186734.38065718,8163,1210,CM-001,Camino Central,D3-D4,S4,4,Tresbolillo,40,1,Columna,6,Viaria con cierre vidrio plano (tipo I),VSBP,35,EM,NO,Noche entera,-,-,-,-,-,Cambio luminaria,PC Ámbar,PC Ámbar-49,EL,DP,Puntagorda,35,,49,Cuatro Caminos 
209384.624811056,3186741.95612452,8164,1211,CM-001,Camino Central,D3-D4,S4,4,Tresbolillo,40,1,Columna,6,Viaria con cierre vidrio plano (tipo I),VSBP,35,EM,NO,Noche entera,-,-,-,-,-,Cambio luminaria,PC Ámbar,PC Ámbar-49,EL,DP,Puntagorda,35,,49,Cuatro Caminos 
209403.472219495,3186731.56913024,8165,1212,CM-001,Camino Central,D3-D4,S4,4,Tresbolillo,40,1,Columna,6,Viaria con cierre vidrio plano (tipo I),VSBP,35,EM,NO,Noche entera,-,-,-,-,-,Cambio luminaria,PC Ámbar,PC Ámbar-49,EL,DP,Puntagorda,35,,49,Cuatro Caminos 
209320.095321951,3186860.51401497,8166,1213,CM-001,Camino La Cancela,D3-D4,S4,4,Tresbolillo,40,1,Columna,6,Viaria con cierre vidrio plano (tipo I),VSBP,35,EM,NO,Noche entera,-,-,-,-,-,Cambio luminaria,PC Ámbar,PC Ámbar-49,EL,DP,Puntagorda,35,,49,Cuatro Caminos 
209344.742360065,3186850.37653216,8167,1214,CM-001,Camino La Cancela,D3-D4,S4,4,Tresbolillo,40,1,Columna,6,Viaria con cierre vidrio plano (tipo I),VSBP,35,EM,NO,Noche entera,-,-,-,-,-,Cambio luminaria,PC Ámbar,PC Ámbar-49,EL,DP,Puntagorda,35,,49,Cuatro Caminos 
209377.60505552,3186852.79022686,8168,1215,CM-001,Camino La Cancela,D3-D4,S4,4,Tresbolillo,40,1,Columna,6,Viaria con cierre vidrio plano (tipo I),VSBP,35,EM,NO,Noche entera,-,-,-,-,-,Cambio luminaria,PC Ámbar,PC Ámbar-49,EL,DP,Puntagorda,35,,49,Cuatro Caminos 
209155.644804155,3186217.18372779,8169,1216,CM-001,Camino las Fayeras,D3-D4,S4,8,Indefinido,0,1,Columna,6,Viaria con cierre vidrio plano (tipo I),VSBP,35,EM,NO,Noche entera,-,-,-,-,-,Cambio luminaria,PC Ámbar,PC Ámbar-49,EL,DP,Puntagorda,35,,49,Cuatro Caminos 
209122.641820667,3186242.65761676,8170,1217,CM-001,Consultorio Puntagorda,E1-E2,S4,3,Indefinido,7,1,Columna,4,Artística con Reflector tipo Villa,VSBP,35,EM,NO,Noche entera,-,-,-,-,-,Cambio luminaria,PC Ámbar,PC Ámbar-32,EL,DP,Puntagorda,35,,32,Cuatro Caminos 
209117.647170017,3186252.13648709,8171,1218,CM-001,Consultorio Puntagorda,E1-E2,S4,3,Indefinido,7,1,Columna,4,Artística con Reflector tipo Villa,VSBP,35,EM,NO,Noche entera,-,-,-,-,-,Cambio luminaria,PC Ámbar,PC Ámbar-32,EL,DP,Puntagorda,35,,32,Cuatro Caminos 
209109.385906673,3186253.51184231,8172,1219,CM-001,Consultorio Puntagorda,E1-E2,S4,3,Indefinido,7,1,Columna,4,Artística con Reflector tipo Villa,VSBP,35,EM,NO,Noche entera,-,-,-,-,-,Cambio luminaria,PC Ámbar,PC Ámbar-32,EL,DP,Puntagorda,35,,32,Cuatro Caminos 
209109.915465092,3186260.28276713,8173,1220,CM-001,Consultorio Puntagorda,E1-E2,S4,3,Indefinido,7,1,Columna,4,Artística con Reflector tipo Villa,VSBP,35,EM,NO,Noche entera,-,-,-,-,-,Cambio luminaria,PC Ámbar,PC Ámbar-32,EL,DP,Puntagorda,35,,32,Cuatro Caminos 
209103.560631882,3186263.56243867,8174,1221,CM-001,Consultorio Puntagorda,E1-E2,S4,3,Indefinido,7,1,Columna,4,Artística con Reflector tipo Villa,VSBP,35,EM,NO,Noche entera,-,-,-,-,-,Cambio luminaria,PC Ámbar,PC Ámbar-32,EL,DP,Puntagorda,35,,32,Cuatro Caminos 
209095.723008663,3186271.81451631,8175,1222,CM-001,Consultorio Puntagorda,E1-E2,S4,3,Indefinido,7,1,Columna,4,Artística con Reflector tipo Villa,VSBP,35,EM,NO,Noche entera,-,-,-,-,-,Cambio luminaria,PC Ámbar,PC Ámbar-32,EL,DP,Puntagorda,35,,32,Cuatro Caminos 
209086.908557703,3186272.66385189,8176,1223,CM-001,Consultorio Puntagorda,E1-E2,S4,3,Indefinido,7,1,Columna,4,Artística con Reflector tipo Villa,VSBP,35,EM,NO,Noche entera,-,-,-,-,-,Cambio luminaria,PC Ámbar,PC Ámbar-32,EL,DP,Puntagorda,35,,32,Cuatro Caminos 
209082.777909506,3186264.41178768,8177,1224,CM-001,Consultorio Puntagorda,E1-E2,S4,3,Indefinido,7,1,Columna,4,Artística con Reflector tipo Villa,VSBP,35,EM,NO,Noche entera,-,-,-,-,-,Cambio luminaria,PC Ámbar,PC Ámbar-32,EL,DP,Puntagorda,35,,32,Cuatro Caminos 
209088.709069544,3186253.40902645,8178,1225,CM-001,Consultorio Puntagorda,E1-E2,S4,3,Indefinido,7,1,Columna,4,Artística con Reflector tipo Villa,VSBP,35,EM,NO,Noche entera,-,-,-,-,-,Cambio luminaria,PC Ámbar,PC Ámbar-32,EL,DP,Puntagorda,35,,32,Cuatro Caminos 
209092.521962858,3186249.17719005,8179,1226,CM-001,Consultorio Puntagorda,E1-E2,S4,3,Indefinido,7,1,Columna,4,Artística con Reflector tipo Villa,VSBP,35,EM,NO,Noche entera,-,-,-,-,-,Cambio luminaria,PC Ámbar,PC Ámbar-32,EL,DP,Puntagorda,35,,32,Cuatro Caminos 
209095.805297757,3186235.84692214,8180,1228,CM-001,Consultorio Puntagorda,E1-E2,S4,3,Indefinido,7,1,Columna,4,Artística con Reflector tipo Villa,VSBP,35,EM,NO,Noche entera,-,-,-,-,-,Cambio luminaria,PC Ámbar,PC Ámbar-32,EL,DP,Puntagorda,35,,32,Cuatro Caminos 
209102.477852799,3186228.44121179,8181,1229,CM-001,Consultorio Puntagorda,E1-E2,S4,3,Indefinido,7,1,Columna,4,Artística con Reflector tipo Villa,VSBP,35,EM,NO,Noche entera,-,-,-,-,-,Cambio luminaria,PC Ámbar,PC Ámbar-32,EL,DP,Puntagorda,35,,32,Cuatro Caminos 
209095.805297757,3186243.06532094,8182,1227,CM-001,Consultorio Puntagorda,E1-E2,S4,3,Indefinido,7,1,Columna,4,Artística con Reflector tipo Villa,VSBP,35,EM,NO,Noche entera,-,-,-,-,-,Cambio luminaria,PC Ámbar,PC Ámbar-32,EL,DP,Puntagorda,35,,32,Cuatro Caminos 
209487.34907343,3186154.16563627,8183,1238,CM-001,Camino de la Carnicería,D3-D4,S4,5,Unilateral,50,1,Columna,6,Viaria con cierre vidrio plano (tipo I),VSBP,35,EM,NO,Noche entera,-,-,-,-,-,Cambio luminaria,PC Ámbar,PC Ámbar-49,EL,DP,Puntagorda,35,,49,Cuatro Caminos 
209441.24526941,3186163.68059624,8184,1237,CM-001,Camino de la Carnicería,D3-D4,S4,5,Unilateral,50,1,Columna,6,Viaria con cierre vidrio plano (tipo I),VSBP,35,EM,NO,Noche entera,-,-,-,-,-,Cambio luminaria,PC Ámbar,PC Ámbar-49,EL,DP,Puntagorda,35,,49,Cuatro Caminos 
209419.515297101,3186176.67102783,8185,1236,CM-001,Camino de la Carnicería,D3-D4,S4,5,Unilateral,50,1,Columna,6,Viaria con cierre vidrio plano (tipo I),VSBP,35,EM,NO,Noche entera,-,-,-,-,-,Cambio luminaria,PC Ámbar,PC Ámbar-49,EL,DP,Puntagorda,35,,49,Cuatro Caminos 
209373.011845682,3186201.88141002,8186,1235,CM-001,Camino de la Carnicería,D3-D4,S4,5,Unilateral,50,1,Columna,6,Viaria con cierre vidrio plano (tipo I),VSBP,35,EM,NO,Noche entera,-,-,-,-,-,Cambio luminaria,PC Ámbar,PC Ámbar-49,EL,DP,Puntagorda,35,,49,Cuatro Caminos 
209205.094361597,3186518.79007203,8187,1244,CM-001,Camino la Oliva,D3-D4,S4,4,Unilateral,30,1,Columna,6,Viaria con cierre vidrio plano (tipo I),VSBP,35,EM,NO,Noche entera,-,-,-,-,-,Cambio luminaria,PC Ámbar,PC Ámbar-32,EL,DP,Puntagorda,35,,32,Cuatro Caminos 
209182.667873234,3186516.40078183,8188,1245,CM-001,Camino la Oliva,D3-D4,S4,4,Unilateral,30,1,Columna,6,Viaria con cierre vidrio plano (tipo I),VSBP,35,EM,NO,Noche entera,-,-,-,-,-,Cambio luminaria,PC Ámbar,PC Ámbar-32,EL,DP,Puntagorda,35,,32,Cuatro Caminos 
209152.520784016,3186506.84363445,8189,1246,CM-001,Camino la Oliva,D3-D4,S4,4,Unilateral,30,1,Columna,6,Viaria con cierre vidrio plano (tipo I),VSBP,35,EM,NO,Noche entera,-,-,-,-,-,Cambio luminaria,PC Ámbar,PC Ámbar-32,EL,DP,Puntagorda,35,,32,Cuatro Caminos 
209127.256775975,3186494.68428544,8190,1247,CM-001,Camino la Oliva,D3-D4,S4,4,Unilateral,30,1,Columna,6,Viaria con cierre vidrio plano (tipo I),VSBP,35,EM,NO,Noche entera,-,-,-,-,-,Cambio luminaria,PC Ámbar,PC Ámbar-32,EL,DP,Puntagorda,35,,32,Cuatro Caminos 
209108.139102387,3186489.90570503,8191,1248,CM-001,Camino la Oliva,D3-D4,S4,4,Unilateral,30,1,Columna,6,Viaria con cierre vidrio plano (tipo I),VSBP,35,EM,NO,Noche entera,-,-,-,-,-,Cambio luminaria,PC Ámbar,PC Ámbar-32,EL,DP,Puntagorda,35,,32,Cuatro Caminos 
209081.404829465,3186477.76648939,8192,1249,CM-001,Camino la Oliva,D3-D4,S4,4,Unilateral,30,1,Columna,6,Viaria con cierre vidrio plano (tipo I),VSBP,35,EM,NO,Noche entera,-,-,-,-,-,Cambio luminaria,PC Ámbar,PC Ámbar-32,EL,DP,Puntagorda,35,,32,Cuatro Caminos 
209056.723719039,3186474.82367243,8193,1250,CM-001,Camino la Oliva,D3-D4,S4,4,Unilateral,30,1,Columna,6,Viaria con cierre vidrio plano (tipo I),VSBP,35,EM,NO,Noche entera,-,-,-,-,-,Cambio luminaria,PC Ámbar,PC Ámbar-32,EL,DP,Puntagorda,35,,32,Cuatro Caminos 
209032.642790241,3186472.25060307,8194,1251,CM-001,Camino la Oliva,D3-D4,S4,4,Unilateral,30,1,Columna,6,Viaria con cierre vidrio plano (tipo I),VSBP,35,EM,NO,Noche entera,-,-,-,-,-,Cambio luminaria,PC Ámbar,PC Ámbar-32,EL,DP,Puntagorda,35,,32,Cuatro Caminos 
209006.539796953,3186468.75857078,8195,1252,CM-001,Camino la Oliva,D3-D4,S4,4,Unilateral,30,1,Columna,6,Viaria con cierre vidrio plano (tipo I),VSBP,35,EM,NO,Noche entera,-,-,-,-,-,Cambio luminaria,PC Ámbar,PC Ámbar-32,EL,DP,Puntagorda,35,,32,Cuatro Caminos 
208967.226693967,3186492.99634581,8196,1254,CM-001,Camino la Oliva,D3-D4,S4,4,Unilateral,30,1,Columna,6,Viaria con cierre vidrio plano (tipo I),VSBP,35,EM,NO,Noche entera,-,-,-,-,-,Cambio luminaria,PC Ámbar,PC Ámbar-32,EL,DP,Puntagorda,35,,32,Cuatro Caminos 
208941.639213772,3186501.65358913,8197,1255,CM-001,Camino la Oliva,D3-D4,S4,4,Unilateral,30,1,Columna,6,Viaria con cierre vidrio plano (tipo I),VSBP,35,EM,NO,Noche entera,-,-,-,-,-,Cambio luminaria,PC Ámbar,PC Ámbar-32,EL,DP,Puntagorda,35,,32,Cuatro Caminos 
208921.050944825,3186507.90248337,8198,1256,CM-001,Camino la Oliva,D3-D4,S4,4,Unilateral,30,1,Columna,6,Viaria con cierre vidrio plano (tipo I),VSBP,35,EM,NO,Noche entera,-,-,-,-,-,Cambio luminaria,PC Ámbar,PC Ámbar-32,EL,DP,Puntagorda,35,,32,Cuatro Caminos 
208982.755174996,3186475.36951654,8199,1253,CM-001,Camino la Oliva,D3-D4,S4,4,Unilateral,30,1,Columna,6,Viaria con cierre vidrio plano (tipo I),VSBP,35,EM,NO,Noche entera,-,-,-,-,-,Cambio luminaria,PC Ámbar,PC Ámbar-32,EL,DP,Puntagorda,35,,32,Cuatro Caminos 
209160.950723481,3186961.91895587,8200,1257,CM-001,Camino de la Vereda baja,B2,ME5,4,Tresbolillo,50,1,Columna,6,Viaria con cierre vidrio plano (tipo I),VSBP,35,EM,NO,Noche entera,-,-,-,-,-,Cambio luminaria,PC Ámbar,PC Ámbar-49,EL,DP,Puntagorda,35,,49,Cuatro Caminos 
209197.575749073,3187059.19808628,8201,1258,CM-001,Camino de la Vereda baja,B2,ME5,4,Tresbolillo,50,1,Columna,6,Viaria con cierre vidrio plano (tipo I),VSBP,35,EM,NO,Noche entera,-,-,-,-,-,Cambio luminaria,PC Ámbar,PC Ámbar-49,EL,DP,Puntagorda,35,,49,Cuatro Caminos 
209230.940804583,3187103.79688066,8202,1259,CM-001,Camino de la Vereda baja,B2,ME5,4,Tresbolillo,50,1,Columna,6,Viaria con cierre vidrio plano (tipo I),VSBP,35,EM,NO,Noche entera,-,-,-,-,-,Cambio luminaria,PC Ámbar,PC Ámbar-49,EL,DP,Puntagorda,35,,49,Cuatro Caminos 
209258.004531319,3187182.97417386,8203,1260,CM-001,Camino de la Vereda baja,B2,ME5,4,Tresbolillo,50,1,Columna,6,Viaria con cierre vidrio plano (tipo I),VSBP,35,EM,NO,Noche entera,-,-,-,-,-,Cambio luminaria,PC Ámbar,PC Ámbar-49,EL,DP,Puntagorda,35,,49,Cuatro Caminos 
209071.288000579,3185700.31666431,8614,1063,CM-001,La Paz,B1,ME4b,15,Bilateral,20,1,Columna,4,Artística con Reflector tipo Fernandina,VSBP,35,EM,NO,Noche entera,-,-,-,-,-,Cambio luminaria,PC Ámbar,PC Ámbar-49,EL,DP,Puntagorda,35,,49,Cuatro Caminos 
215467.072136536,3165590.88059996,11581,22069,CM-022,Avenida Cruz Roja,D3-D4,S4,13,Unilateral,30,1,Columna,8,Viaria,VSBP,55,EM,NO,Noche entera,,,,,-,Cambio luminaria,PC-Ambar,PC-Ambar-49,EL,DP,Los Llanos de Aridane,55,,49,MANUEL RODRIGUEZ QUINTERO 
215165.489028178,3165832.02469472,11582,22001,CM-022,Calle Atardecer,D3-D4,S4,7,Unilateral,30,1,Columna,8,Viaria,VSBP,35,EM,NO,Noche entera,,,,,-,Cambio luminaria,PC-Ambar,PC-Ambar-49,EL,DP,Los Llanos de Aridane,35,,49,MANUEL RODRIGUEZ QUINTERO 
215192.629642086,3165842.83352821,11583,22002,CM-022,Calle Atardecer,D3-D4,S4,7,Unilateral,30,1,Columna,8,Viaria,VSBP,35,EM,NO,Noche entera,,,,,-,Cambio luminaria,PC-Ambar,PC-Ambar-49,EL,DP,Los Llanos de Aridane,35,,49,MANUEL RODRIGUEZ QUINTERO 
215220.671610014,3165854.24288775,11584,22003,CM-022,Calle Atardecer,D3-D4,S4,7,Unilateral,30,1,Columna,8,Viaria,VSBP,35,EM,NO,Noche entera,,,,,-,Cambio luminaria,PC-Ambar,PC-Ambar-49,EL,DP,Los Llanos de Aridane,35,,49,MANUEL RODRIGUEZ QUINTERO 
215246.149789374,3165867.3514815,11585,22004,CM-022,Calle Costa Gris,D3-D4,S4,6,Tresbolillo,45,1,Columna,8,Viaria,VSBP,35,EM,NO,Noche entera,,,,,-,Cambio luminaria,PC-Ambar,PC-Ambar-49,EL,DP,Los Llanos de Aridane,35,,49,MANUEL RODRIGUEZ QUINTERO 
215245.51915427,3165844.41140274,11586,22005,CM-022,Calle Costa Gris,D3-D4,S4,6,Tresbolillo,45,1,Columna,8,Viaria,VSBP,35,EM,NO,Noche entera,,,,,-,Cambio luminaria,PC-Ambar,PC-Ambar-49,EL,DP,Los Llanos de Aridane,35,,49,MANUEL RODRIGUEZ QUINTERO 
215263.68189198,3165826.26104216,11587,22006,CM-022,Calle Costa Gris,D3-D4,S4,6,Tresbolillo,45,1,Columna,8,Viaria,VSBP,35,EM,NO,Noche entera,,,,,-,Cambio luminaria,PC-Ambar,PC-Ambar-49,EL,DP,Los Llanos de Aridane,35,,49,MANUEL RODRIGUEZ QUINTERO 
215263.923722301,3165802.87307983,11588,22007,CM-022,Calle Costa Gris,D3-D4,S4,6,Tresbolillo,45,1,Columna,8,Viaria,VSBP,35,EM,NO,Noche entera,,,,,-,Cambio luminaria,PC-Ambar,PC-Ambar-49,EL,DP,Los Llanos de Aridane,35,,49,MANUEL RODRIGUEZ QUINTERO 
215281.386432707,3165785.62055073,11589,22008,CM-022,Calle Costa Gris,D3-D4,S4,6,Tresbolillo,45,1,Columna,8,Viaria,VSBP,35,EM,NO,Noche entera,,,,,-,Cambio luminaria,PC-Ambar,PC-Ambar-49,EL,DP,Los Llanos de Aridane,35,,49,MANUEL RODRIGUEZ QUINTERO 
215288.331832274,3165754.88324062,11590,22009,CM-022,Calle Costa Gris,D3-D4,S4,6,Tresbolillo,45,1,Columna,8,Viaria,VSBP,35,EM,NO,Noche entera,,,,,-,Cambio luminaria,PC-Ambar,PC-Ambar-49,EL,DP,Los Llanos de Aridane,35,,49,MANUEL RODRIGUEZ QUINTERO 
215306.985154954,3165733.26799526,11591,22010,CM-022,Calle Costa Gris,D3-D4,S4,6,Tresbolillo,45,1,Columna,8,Viaria,VSBP,35,EM,NO,Noche entera,,,,,-,Cambio luminaria,PC-Ambar,PC-Ambar-49,EL,DP,Los Llanos de Aridane,35,,49,MANUEL RODRIGUEZ QUINTERO 
215182.989636255,3165790.3539758,11592,22011,CM-022,Calle Los Lajones,D3-D4,S4,8,Tresbolillo,40,1,Columna,8,Viaria,VSBP,35,EM,NO,Noche entera,,,,,-,Cambio luminaria,PC-Ambar,PC-Ambar-49,EL,DP,Los Llanos de Aridane,35,,49,MANUEL RODRIGUEZ QUINTERO 
215201.500824055,3165788.97348447,11593,22012,CM-022,Calle Los Lajones,D3-D4,S4,8,Tresbolillo,40,1,Columna,8,Viaria,VSBP,35,EM,NO,Noche entera,,,,,-,Cambio luminaria,PC-Ambar,PC-Ambar-49,EL,DP,Los Llanos de Aridane,35,,49,MANUEL RODRIGUEZ QUINTERO 
215219.321216993,3165805.95351996,11594,22013,CM-022,Calle Los Lajones,D3-D4,S4,8,Tresbolillo,40,1,Columna,8,Viaria,VSBP,35,EM,NO,Noche entera,,,,,-,Cambio luminaria,PC-Ambar,PC-Ambar-49,EL,DP,Los Llanos de Aridane,35,,49,MANUEL RODRIGUEZ QUINTERO 
215240.180794617,3165804.84913483,11595,22014,CM-022,Calle Los Lajones,D3-D4,S4,8,Tresbolillo,40,1,Columna,8,Viaria,VSBP,35,EM,NO,Noche entera,,,,,-,Cambio luminaria,PC-Ambar,PC-Ambar-49,EL,DP,Los Llanos de Aridane,35,,49,MANUEL RODRIGUEZ QUINTERO 
215276.017025255,3165819.97272826,11596,22015,CM-022,Calle Los Lajones,D3-D4,S4,8,Tresbolillo,40,1,Columna,8,Viaria,VSBP,35,EM,NO,Noche entera,,,,,-,Cambio luminaria,PC-Ambar,PC-Ambar-49,EL,DP,Los Llanos de Aridane,35,,49,MANUEL RODRIGUEZ QUINTERO 
215145.552471025,3165824.87527086,11597,22016,CM-022,Calle Maresia,D3-D4,S4,8,Tresbolillo,45,1,Columna,8,Viaria,VSBP,35,EM,NO,Noche entera,,,,,-,Cambio luminaria,PC-Ambar,PC-Ambar-49,EL,DP,Los Llanos de Aridane,35,,49,MANUEL RODRIGUEZ QUINTERO 
215159.288701275,3165803.80826802,11598,22017,CM-022,Calle Maresia,D3-D4,S4,8,Tresbolillo,45,1,Columna,8,Viaria,VSBP,35,EM,NO,Noche entera,,,,,-,Cambio luminaria,PC-Ambar,PC-Ambar-49,EL,DP,Los Llanos de Aridane,35,,49,MANUEL RODRIGUEZ QUINTERO 
215164.439731777,3165782.93193925,11599,22018,CM-022,Calle Maresia,D3-D4,S4,8,Tresbolillo,45,1,Columna,8,Viaria,VSBP,35,EM,NO,Noche entera,,,,,-,Cambio luminaria,PC-Ambar,PC-Ambar-49,EL,DP,Los Llanos de Aridane,35,,49,MANUEL RODRIGUEZ QUINTERO 
215202.662920007,3165741.4176739,11600,22019,CM-022,Calle Francisco Rodriguez Betancor,D3-D4,S4,8,Tresbolillo,45,1,Columna,8,Viaria,VSBP,35,EM,NO,Noche entera,,,,,-,Cambio luminaria,PC-Ambar,PC-Ambar-49,EL,DP,Los Llanos de Aridane,35,,49,MANUEL RODRIGUEZ QUINTERO 
215229.933451459,3165743.85603204,11601,22020,CM-022,Calle Francisco Rodriguez Betancor,D3-D4,S4,8,Tresbolillo,45,1,Columna,8,Viaria,VSBP,35,EM,NO,Noche entera,,,,,-,Cambio luminaria,PC-Ambar,PC-Ambar-49,EL,DP,Los Llanos de Aridane,35,,49,MANUEL RODRIGUEZ QUINTERO 
215249.103493268,3165761.27846532,11602,22021,CM-022,Calle Francisco Rodriguez Betancor,D3-D4,S4,8,Tresbolillo,45,1,Columna,8,Viaria,VSBP,35,EM,NO,Noche entera,,,,,-,Cambio luminaria,PC-Ambar,PC-Ambar-49,EL,DP,Los Llanos de Aridane,35,,49,MANUEL RODRIGUEZ QUINTERO 
215275.229202771,3165761.84386716,11603,22022,CM-022,Calle Francisco Rodriguez Betancor,D3-D4,S4,8,Tresbolillo,45,1,Columna,8,Viaria,VSBP,35,EM,NO,Noche entera,,,,,-,Cambio luminaria,PC-Ambar,PC-Ambar-49,EL,DP,Los Llanos de Aridane,35,,49,MANUEL RODRIGUEZ QUINTERO 
215296.31599331,3165781.94412275,11604,22023,CM-022,Calle Francisco Rodriguez Betancor,D3-D4,S4,8,Tresbolillo,45,1,Columna,8,Viaria,VSBP,35,EM,NO,Noche entera,,,,,-,Cambio luminaria,PC-Ambar,PC-Ambar-49,EL,DP,Los Llanos de Aridane,35,,49,MANUEL RODRIGUEZ QUINTERO 
215326.79380752,3165781.77005508,11605,22024,CM-022,Calle Francisco Rodriguez Betancor,D3-D4,S4,8,Tresbolillo,45,1,Columna,8,Viaria,VSBP,35,EM,NO,Noche entera,,,,,-,Cambio luminaria,PC-Ambar,PC-Ambar-49,EL,DP,Los Llanos de Aridane,35,,49,MANUEL RODRIGUEZ QUINTERO 
215323.442795317,3165771.8106353,11606,22025,CM-022,Paseo El candil,E1-E2,S4,3,Unilateral,10,1,Columna,6,Artística,VSBP,35,EM,NO,Noche entera,,,,,-,Cambio luminaria,PC-Ambar,PC-Ambar-32,EL,DP,Los Llanos de Aridane,35,,32,MANUEL RODRIGUEZ QUINTERO 
215327.033990469,3165763.68874593,11607,22026,CM-022,Paseo El candil,E1-E2,S4,3,Unilateral,10,1,Columna,6,Artística,VSBP,35,EM,NO,Noche entera,,,,,-,Cambio luminaria,PC-Ambar,PC-Ambar-32,EL,DP,Los Llanos de Aridane,35,,32,MANUEL RODRIGUEZ QUINTERO 
215331.192161575,3165755.56689626,11608,22027,CM-022,Paseo El candil,E1-E2,S4,3,Unilateral,10,1,Columna,6,Artística,VSBP,35,EM,NO,Noche entera,,,,,-,Cambio luminaria,PC-Ambar,PC-Ambar-32,EL,DP,Los Llanos de Aridane,35,,32,MANUEL RODRIGUEZ QUINTERO 
215335.539374298,3165747.06727137,11609,22028,CM-022,Paseo El candil,E1-E2,S4,3,Unilateral,10,1,Columna,6,Artística,VSBP,35,EM,NO,Noche entera,,,,,-,Cambio luminaria,PC-Ambar,PC-Ambar-32,EL,DP,Los Llanos de Aridane,35,,32,MANUEL RODRIGUEZ QUINTERO 
215339.130569451,3165737.05658529,11610,22029,CM-022,Paseo El candil,E1-E2,S4,3,Unilateral,10,1,Columna,6,Artística,VSBP,35,EM,NO,Noche entera,,,,,-,Cambio luminaria,PC-Ambar,PC-Ambar-32,EL,DP,Los Llanos de Aridane,35,,32,MANUEL RODRIGUEZ QUINTERO 
215318.501058235,3165826.91031851,11611,22030,CM-022,Calle Mauricio Duque Camacho,D3-D4,S4,8,Unilateral,20,1,Columna,8,Viaria,VSBP,55,EM,NO,Noche entera,,,,,-,Cambio luminaria,PC-Ambar,PC-Ambar-32,EL,DP,Los Llanos de Aridane,55,,32,MANUEL RODRIGUEZ QUINTERO 
215328.864172462,3165804.23046637,11612,22031,CM-022,Calle Mauricio Duque Camacho,D3-D4,S4,8,Unilateral,20,1,Columna,8,Viaria,VSBP,55,EM,NO,Noche entera,,,,,-,Cambio luminaria,PC-Ambar,PC-Ambar-32,EL,DP,Los Llanos de Aridane,55,,32,MANUEL RODRIGUEZ QUINTERO 
215340.805521547,3165783.55290987,11613,22032,CM-022,Calle Mauricio Duque Camacho,D3-D4,S4,8,Unilateral,20,1,Columna,8,Viaria,VSBP,55,EM,NO,Noche entera,,,,,-,Cambio luminaria,PC-Ambar,PC-Ambar-32,EL,DP,Los Llanos de Aridane,55,,32,MANUEL RODRIGUEZ QUINTERO 
215348.164691971,3165766.42990831,11614,22033,CM-022,Calle Mauricio Duque Camacho,D3-D4,S4,8,Unilateral,20,1,Columna,8,Viaria,VSBP,55,EM,NO,Noche entera,,,,,-,Cambio luminaria,PC-Ambar,PC-Ambar-32,EL,DP,Los Llanos de Aridane,55,,32,MANUEL RODRIGUEZ QUINTERO 
215355.913883888,3165747.1336157,11615,22034,CM-022,Calle Mauricio Duque Camacho,D3-D4,S4,8,Unilateral,20,1,Columna,8,Viaria,VSBP,55,EM,NO,Noche entera,,,,,-,Cambio luminaria,PC-Ambar,PC-Ambar-32,EL,DP,Los Llanos de Aridane,55,,32,MANUEL RODRIGUEZ QUINTERO 
215363.069900727,3165729.32162194,11616,22035,CM-022,Calle Mauricio Duque Camacho,D3-D4,S4,8,Unilateral,20,1,Columna,8,Viaria,VSBP,55,EM,NO,Noche entera,,,,,-,Cambio luminaria,PC-Ambar,PC-Ambar-32,EL,DP,Los Llanos de Aridane,55,,32,MANUEL RODRIGUEZ QUINTERO 
215373.441735294,3165702.20054867,11617,22036,CM-022,Calle Mauricio Duque Camacho,D3-D4,S4,8,Unilateral,20,1,Columna,8,Viaria,VSBP,55,EM,NO,Noche entera,,,,,-,Cambio luminaria,PC-Ambar,PC-Ambar-32,EL,DP,Los Llanos de Aridane,55,,32,MANUEL RODRIGUEZ QUINTERO 
215381.722115665,3165684.82348397,11618,22037,CM-022,Calle Mauricio Duque Camacho,D3-D4,S4,8,Unilateral,20,1,Columna,8,Viaria,VSBP,55,EM,NO,Noche entera,,,,,-,Cambio luminaria,PC-Ambar,PC-Ambar-32,EL,DP,Los Llanos de Aridane,55,,32,MANUEL RODRIGUEZ QUINTERO 
215388.760509716,3165667.86012204,11619,22038,CM-022,Calle Mauricio Duque Camacho,D3-D4,S4,8,Unilateral,20,1,Columna,8,Viaria,VSBP,55,EM,NO,Noche entera,,,,,-,Cambio luminaria,PC-Ambar,PC-Ambar-32,EL,DP,Los Llanos de Aridane,55,,32,MANUEL RODRIGUEZ QUINTERO 
215396.15264017,3165648.36630924,11620,22039,CM-022,Calle Mauricio Duque Camacho,D3-D4,S4,8,Unilateral,20,1,Columna,8,Viaria,VSBP,55,EM,NO,Noche entera,,,,,-,Cambio luminaria,PC-Ambar,PC-Ambar-32,EL,DP,Los Llanos de Aridane,55,,32,MANUEL RODRIGUEZ QUINTERO 
215403.955465223,3165632.56608688,11621,22040,CM-022,Calle Mauricio Duque Camacho,D3-D4,S4,8,Unilateral,20,1,Columna,8,Viaria,VSBP,55,EM,NO,Noche entera,,,,,-,Cambio luminaria,PC-Ambar,PC-Ambar-32,EL,DP,Los Llanos de Aridane,55,,32,MANUEL RODRIGUEZ QUINTERO 
215412.579605014,3165613.48268185,11622,22041,CM-022,Calle Mauricio Duque Camacho,D3-D4,S4,8,Unilateral,20,1,Columna,8,Viaria,VSBP,55,EM,NO,Noche entera,,,,,-,Cambio luminaria,PC-Ambar,PC-Ambar-32,EL,DP,Los Llanos de Aridane,55,,32,MANUEL RODRIGUEZ QUINTERO 
215420.382430067,3165593.78366518,11623,22042,CM-022,Calle Mauricio Duque Camacho,D3-D4,S4,8,Unilateral,20,1,Columna,8,Viaria,VSBP,55,EM,NO,Noche entera,,,,,-,Cambio luminaria,PC-Ambar,PC-Ambar-32,EL,DP,Los Llanos de Aridane,55,,32,MANUEL RODRIGUEZ QUINTERO 
215428.936879839,3165573.02266186,11624,22043,CM-022,Calle Mauricio Duque Camacho,D3-D4,S4,8,Unilateral,20,1,Columna,8,Viaria,VSBP,55,EM,NO,Noche entera,,,,,-,Cambio luminaria,PC-Ambar,PC-Ambar-32,EL,DP,Los Llanos de Aridane,55,,32,MANUEL RODRIGUEZ QUINTERO 
215438.91707124,3165553.07580463,11625,22044,CM-022,Calle Mauricio Duque Camacho,D3-D4,S4,8,Unilateral,20,1,Columna,8,Viaria,VSBP,55,EM,NO,Noche entera,,,,,-,Cambio luminaria,PC-Ambar,PC-Ambar-32,EL,DP,Los Llanos de Aridane,55,,32,MANUEL RODRIGUEZ QUINTERO 
215447.064102441,3165533.73959667,11626,22045,CM-022,Calle Mauricio Duque Camacho,D3-D4,S4,8,Unilateral,20,1,Columna,8,Viaria,VSBP,55,EM,NO,Noche entera,,,,,-,Cambio luminaria,PC-Ambar,PC-Ambar-32,EL,DP,Los Llanos de Aridane,55,,32,MANUEL RODRIGUEZ QUINTERO 
215452.767068955,3165518.67765571,11627,22046,CM-022,Calle Mauricio Duque Camacho,D3-D4,S4,8,Unilateral,20,1,Columna,8,Viaria,VSBP,55,EM,NO,Noche entera,,,,,-,Cambio luminaria,PC-Ambar,PC-Ambar-32,EL,DP,Los Llanos de Aridane,55,,32,MANUEL RODRIGUEZ QUINTERO 
215226.755861339,3165683.14290826,11628,22047,CM-022,Calle Gabriel Lorenzo Calero,D3-D4,S4,8,Unilateral,20,1,Columna,8,Viaria,VSBP,55,EM,NO,Noche entera,,,,,-,Cambio luminaria,PC-Ambar,PC-Ambar-32,EL,DP,Los Llanos de Aridane,55,,32,MANUEL RODRIGUEZ QUINTERO 
215245.707674705,3165690.08716793,11629,22048,CM-022,Calle Gabriel Lorenzo Calero,D3-D4,S4,8,Unilateral,20,1,Columna,8,Viaria,VSBP,55,EM,NO,Noche entera,,,,,-,Cambio luminaria,PC-Ambar,PC-Ambar-32,EL,DP,Los Llanos de Aridane,55,,32,MANUEL RODRIGUEZ QUINTERO 
215264.785764004,3165696.65269961,11630,22049,CM-022,Calle Gabriel Lorenzo Calero,D3-D4,S4,8,Unilateral,20,1,Columna,8,Viaria,VSBP,55,EM,NO,Noche entera,,,,,-,Cambio luminaria,PC-Ambar,PC-Ambar-32,EL,DP,Los Llanos de Aridane,55,,32,MANUEL RODRIGUEZ QUINTERO 
215283.23225028,3165703.47071662,11631,22050,CM-022,Calle Gabriel Lorenzo Calero,D3-D4,S4,8,Unilateral,20,1,Columna,8,Viaria,VSBP,55,EM,NO,Noche entera,,,,,-,Cambio luminaria,PC-Ambar,PC-Ambar-32,EL,DP,Los Llanos de Aridane,55,,32,MANUEL RODRIGUEZ QUINTERO 
215300.288807854,3165709.15239085,11632,22051,CM-022,Calle Gabriel Lorenzo Calero,D3-D4,S4,8,Unilateral,20,1,Columna,8,Viaria,VSBP,55,EM,NO,Noche entera,,,,,-,Cambio luminaria,PC-Ambar,PC-Ambar-32,EL,DP,Los Llanos de Aridane,55,,32,MANUEL RODRIGUEZ QUINTERO 
215316.587337567,3165715.97044756,11633,22052,CM-022,Calle Gabriel Lorenzo Calero,D3-D4,S4,8,Unilateral,20,1,Columna,8,Viaria,VSBP,55,EM,NO,Noche entera,,,,,-,Cambio luminaria,PC-Ambar,PC-Ambar-32,EL,DP,Los Llanos de Aridane,55,,32,MANUEL RODRIGUEZ QUINTERO 
215333.138642507,3165721.65212178,11634,22053,CM-022,Calle Gabriel Lorenzo Calero,D3-D4,S4,8,Unilateral,20,1,Columna,8,Viaria,VSBP,55,EM,NO,Noche entera,,,,,-,Cambio luminaria,PC-Ambar,PC-Ambar-32,EL,DP,Los Llanos de Aridane,55,,32,MANUEL RODRIGUEZ QUINTERO 
215349.563522605,3165728.34389613,11635,22054,CM-022,Calle Gabriel Lorenzo Calero,D3-D4,S4,8,Unilateral,20,1,Columna,8,Viaria,VSBP,55,EM,NO,Noche entera,,,,,-,Cambio luminaria,PC-Ambar,PC-Ambar-32,EL,DP,Los Llanos de Aridane,55,,32,MANUEL RODRIGUEZ QUINTERO 
215216.654308047,3165710.80239836,11636,22055,CM-022,Calle Miramar,D3-D4,S4,8,Unilateral,16,1,Columna,8,Viaria,VSBP,35,EM,NO,Noche entera,,,,,-,Cambio luminaria,PC-Ambar,PC-Ambar-32,EL,DP,Los Llanos de Aridane,35,,32,MANUEL RODRIGUEZ QUINTERO 
215315.882619591,3165660.81248629,11637,22056,CM-022,Calle Maximiliano Darias,D3-D4,S4,8,Unilateral,20,1,Columna,8,Viaria,VSBP,35,EM,NO,Noche entera,,,,,-,Cambio luminaria,PC-Ambar,PC-Ambar-32,EL,DP,Los Llanos de Aridane,35,,32,MANUEL RODRIGUEZ QUINTERO 
215328.293994938,3165673.69253318,11638,22057,CM-022,Calle Maximiliano Darias,D3-D4,S4,8,Unilateral,20,1,Columna,8,Viaria,VSBP,35,EM,NO,Noche entera,,,,,-,Cambio luminaria,PC-Ambar,PC-Ambar-32,EL,DP,Los Llanos de Aridane,35,,32,MANUEL RODRIGUEZ QUINTERO 
215340.228112787,3165686.41354607,11639,22058,CM-022,Calle Maximiliano Darias,D3-D4,S4,8,Unilateral,20,1,Columna,8,Viaria,VSBP,35,EM,NO,Noche entera,,,,,-,Cambio luminaria,PC-Ambar,PC-Ambar-32,EL,DP,Los Llanos de Aridane,35,,32,MANUEL RODRIGUEZ QUINTERO 
215352.321266833,3165700.08868355,11640,22059,CM-022,Calle Maximiliano Darias,D3-D4,S4,8,Unilateral,20,1,Columna,8,Viaria,VSBP,35,EM,NO,Noche entera,,,,,-,Cambio luminaria,PC-Ambar,PC-Ambar-32,EL,DP,Los Llanos de Aridane,35,,32,MANUEL RODRIGUEZ QUINTERO 
215371.998141344,3165714.67185718,11641,22060,CM-022,Calle Maximiliano Darias,D3-D4,S4,8,Unilateral,20,1,Columna,8,Viaria,VSBP,35,EM,NO,Noche entera,,,,,-,Cambio luminaria,PC-Ambar,PC-Ambar-32,EL,DP,Los Llanos de Aridane,35,,32,MANUEL RODRIGUEZ QUINTERO 
215385.225207828,3165729.6676693,11642,22061,CM-022,Calle Maximiliano Darias,D3-D4,S4,8,Unilateral,20,1,Columna,8,Viaria,VSBP,35,EM,NO,Noche entera,,,,,-,Cambio luminaria,PC-Ambar,PC-Ambar-32,EL,DP,Los Llanos de Aridane,35,,32,MANUEL RODRIGUEZ QUINTERO 
215396.961902831,3165743.45053162,11643,22062,CM-022,Calle Maximiliano Darias,D3-D4,S4,8,Unilateral,20,1,Columna,8,Viaria,VSBP,35,EM,NO,Noche entera,,,,,-,Cambio luminaria,PC-Ambar,PC-Ambar-32,EL,DP,Los Llanos de Aridane,35,,32,MANUEL RODRIGUEZ QUINTERO 
215263.512804337,3165685.99885082,11644,22063,CM-022,Callejon Gabriel Lorenzo Calero,E1-E2,S4,3,Unilateral,20,1,Brazo,8,Viaria,VSBP,35,EM,NO,Noche entera,,,,,-,Cambio luminaria,PC-Ambar,PC-Ambar-32,EL,DP,Los Llanos de Aridane,35,,32,MANUEL RODRIGUEZ QUINTERO 
215282.198591857,3165680.02074008,11645,22064,CM-022,Callejon Gabriel Lorenzo Calero,E1-E2,S4,3,Unilateral,20,1,Brazo,8,Viaria,VSBP,35,EM,NO,Noche entera,,,,,-,Cambio luminaria,PC-Ambar,PC-Ambar-32,EL,DP,Los Llanos de Aridane,35,,32,MANUEL RODRIGUEZ QUINTERO 
215304.247662527,3165690.13317902,11646,22065,CM-022,Callejon Gabriel Lorenzo Calero,E1-E2,S4,3,Unilateral,20,1,Brazo,8,Viaria,VSBP,35,EM,NO,Noche entera,,,,,-,Cambio luminaria,PC-Ambar,PC-Ambar-32,EL,DP,Los Llanos de Aridane,35,,32,MANUEL RODRIGUEZ QUINTERO 
215484.423238678,3165604.47622045,11647,22070,CM-022,Avenida Cruz Roja,D3-D4,S4,13,Unilateral,30,1,Columna,8,Viaria,VSBP,55,EM,NO,Noche entera,,,,,-,Cambio luminaria,PC-Ambar,PC-Ambar-49,EL,DP,Los Llanos de Aridane,55,,49,MANUEL RODRIGUEZ QUINTERO 
215471.804207923,3165630.48526635,11648,22071,CM-022,Avenida Cruz Roja,D3-D4,S4,13,Unilateral,30,1,Columna,8,Viaria,VSBP,55,EM,NO,Noche entera,,,,,-,Cambio luminaria,PC-Ambar,PC-Ambar-49,EL,DP,Los Llanos de Aridane,55,,49,MANUEL RODRIGUEZ QUINTERO 
215455.636123628,3165657.47948143,11649,22072,CM-022,Avenida Cruz Roja,D3-D4,S4,13,Unilateral,30,1,Columna,8,Viaria,VSBP,55,EM,NO,Noche entera,,,,,-,Cambio luminaria,PC-Ambar,PC-Ambar-49,EL,DP,Los Llanos de Aridane,55,,49,MANUEL RODRIGUEZ QUINTERO 
215442.399189601,3165688.62195904,11650,22074,CM-022,Avenida Cruz Roja,D3-D4,S4,13,Unilateral,30,1,Columna,8,Viaria,VSBP,55,EM,NO,Noche entera,,,,,-,Cambio luminaria,PC-Ambar,PC-Ambar-49,EL,DP,Los Llanos de Aridane,55,,49,MANUEL RODRIGUEZ QUINTERO 
215427.913196009,3165721.52234591,11651,22076,CM-022,Avenida Cruz Roja,D3-D4,S4,13,Unilateral,30,1,Columna,8,Viaria,VSBP,55,EM,NO,Noche entera,,,,,-,Cambio luminaria,PC-Ambar,PC-Ambar-49,EL,DP,Los Llanos de Aridane,55,,49,MANUEL RODRIGUEZ QUINTERO 
215430.54704687,3165680.06786718,11652,22073,CM-022,Avenida Cruz Roja,D3-D4,S4,13,Unilateral,30,1,Columna,8,Viaria,VSBP,55,EM,NO,Noche entera,,,,,-,Cambio luminaria,PC-Ambar,PC-Ambar-49,EL,DP,Los Llanos de Aridane,55,,49,MANUEL RODRIGUEZ QUINTERO 
215414.963658853,3165715.60025483,11653,22075,CM-022,Avenida Cruz Roja,D3-D4,S4,13,Unilateral,30,1,Columna,8,Viaria,VSBP,55,EM,NO,Noche entera,,,,,-,Cambio luminaria,PC-Ambar,PC-Ambar-49,EL,DP,Los Llanos de Aridane,55,,49,MANUEL RODRIGUEZ QUINTERO 
215496.448130626,3165575.24966835,11654,22068,CM-022,Avenida Cruz Roja,D3-D4,S4,13,Unilateral,30,1,Columna,8,Viaria,VSBP,55,EM,NO,Noche entera,,,,,-,Cambio luminaria,PC-Ambar,PC-Ambar-49,EL,DP,Los Llanos de Aridane,55,,49,MANUEL RODRIGUEZ QUINTERO 
215509.815124523,3165545.30874449,11655,22066,CM-022,Avenida Cruz Roja,D3-D4,S4,13,Unilateral,30,1,Columna,8,Viaria,VSBP,55,EM,NO,Noche entera,,,,,-,Cambio luminaria,PC-Ambar,PC-Ambar-49,EL,DP,Los Llanos de Aridane,55,,49,MANUEL RODRIGUEZ QUINTERO 
215484.302844702,3165552.76480304,11656,22067,CM-022,Avenida Cruz Roja,D3-D4,S4,13,Unilateral,30,1,Columna,8,Viaria,VSBP,55,EM,NO,Noche entera,,,,,-,Cambio luminaria,PC-Ambar,PC-Ambar-49,EL,DP,Los Llanos de Aridane,55,,49,MANUEL RODRIGUEZ QUINTERO 
215466.822860701,3165519.26551779,11657,22079,CM-022,Calle Juana Tabares,D3-D4,S4,8,Unilateral,25,1,Báculo,12,Viaria,VSBP,55,EM,NO,Noche entera,,,,,-,Cambio luminaria,PC-Ambar,PC-Ambar-49,EL,DP,Los Llanos de Aridane,55,,49,MANUEL RODRIGUEZ QUINTERO 
215487.904016845,3165529.05246058,11658,22080,CM-022,Calle Juana Tabares,D3-D4,S4,8,Unilateral,25,1,Báculo,12,Viaria,VSBP,55,EM,NO,Noche entera,,,,,-,Cambio luminaria,PC-Ambar,PC-Ambar-49,EL,DP,Los Llanos de Aridane,55,,49,MANUEL RODRIGUEZ QUINTERO 
215437.442114758,3165504.50211295,11659,22078,CM-022,Calle Juana Tabares,D3-D4,S4,8,Unilateral,25,1,Báculo,12,Viaria,VSBP,55,EM,NO,Noche entera,,,,,-,Cambio luminaria,PC-Ambar,PC-Ambar-49,EL,DP,Los Llanos de Aridane,55,,49,MANUEL RODRIGUEZ QUINTERO 
215417.356945129,3165496.37399084,11660,22077,CM-022,Calle Juana Tabares,D3-D4,S4,8,Unilateral,25,1,Báculo,12,Viaria,VSBP,55,EM,NO,Noche entera,,,,,-,Cambio luminaria,PC-Ambar,PC-Ambar-49,EL,DP,Los Llanos de Aridane,55,,49,MANUEL RODRIGUEZ QUINTERO 
215413.125934892,3165504.93831867,11661,22084,CM-022,Paseo Delfin 2,E1-E2,S4,4,Unilateral,20,1,Brazo,8,Viaria,VSBP,35,EM,NO,Noche entera,,,,,-,Cambio luminaria,PC-Ambar,PC-Ambar-32,EL,DP,Los Llanos de Aridane,35,,32,MANUEL RODRIGUEZ QUINTERO 
215434.632972824,3165513.6451629,11662,22085,CM-022,Paseo Delfin 2,E1-E2,S4,4,Unilateral,20,1,Brazo,8,Viaria,VSBP,35,EM,NO,Noche entera,,,,,-,Cambio luminaria,PC-Ambar,PC-Ambar-32,EL,DP,Los Llanos de Aridane,35,,32,MANUEL RODRIGUEZ QUINTERO 
215456.365337348,3165528.55479452,11663,22081,CM-022,Calle Paseo Delfin 1,E1-E2,S4,4,Unilateral,15,1,Columna,6,Artística,VSBP,35,EM,NO,Noche entera,,,,,-,Cambio luminaria,PC-Ambar,PC-Ambar-32,EL,DP,Los Llanos de Aridane,35,,32,MANUEL RODRIGUEZ QUINTERO 
215469.97678077,3165533.86298102,11664,22082,CM-022,Calle Paseo Delfin 1,E1-E2,S4,4,Unilateral,15,1,Columna,6,Artística,VSBP,35,EM,NO,Noche entera,,,,,-,Cambio luminaria,PC-Ambar,PC-Ambar-32,EL,DP,Los Llanos de Aridane,35,,32,MANUEL RODRIGUEZ QUINTERO 
215484.252215202,3165540.82994849,11665,22083,CM-022,Calle Paseo Delfin 1,E1-E2,S4,4,Unilateral,15,1,Columna,6,Artística,VSBP,35,EM,NO,Noche entera,,,,,-,Cambio luminaria,PC-Ambar,PC-Ambar-32,EL,DP,Los Llanos de Aridane,35,,32,MANUEL RODRIGUEZ QUINTERO 
215367.988173168,3165612.78802213,11666,22086,CM-022,Paseo Barranco del Hombre,E1-E2,S4,12,Bilateral,8,1,Columna,8,Viaria,VSBP,35,EM,NO,Noche entera,BC,23,EM,NO,Hasta 24:00,Cambio luminaria,PC-Ambar,PC-Ambar-32,EL,DP,Los Llanos de Aridane,35,23,32,MANUEL RODRIGUEZ QUINTERO 
215375.093055664,3165615.05181513,11667,22088,CM-022,Paseo Barranco del Hombre,E1-E2,S4,12,Bilateral,8,1,Columna,8,Viaria,VSBP,35,EM,NO,Noche entera,BC,23,EM,NO,Hasta 24:00,Cambio luminaria,PC-Ambar,PC-Ambar-32,EL,DP,Los Llanos de Aridane,35,23,32,MANUEL RODRIGUEZ QUINTERO 
215382.19793816,3165617.41850782,11668,22090,CM-022,Paseo Barranco del Hombre,E1-E2,S4,12,Bilateral,8,1,Columna,8,Viaria,VSBP,35,EM,NO,Noche entera,BC,23,EM,NO,Hasta 24:00,Cambio luminaria,PC-Ambar,PC-Ambar-32,EL,DP,Los Llanos de Aridane,35,23,32,MANUEL RODRIGUEZ QUINTERO 
215389.302820654,3165619.57940114,11669,22092,CM-022,Paseo Barranco del Hombre,E1-E2,S4,12,Bilateral,8,1,Columna,8,Viaria,VSBP,35,EM,NO,Noche entera,BC,23,EM,NO,Hasta 24:00,Cambio luminaria,PC-Ambar,PC-Ambar-32,EL,DP,Los Llanos de Aridane,35,23,32,MANUEL RODRIGUEZ QUINTERO 
215368.717377885,3165608.4277596,11670,22087,CM-022,Paseo Barranco del Hombre,E1-E2,S4,12,Bilateral,8,1,Columna,8,Viaria,VSBP,35,EM,NO,Noche entera,BC,23,EM,NO,Hasta 24:00,Cambio luminaria,PC-Ambar,PC-Ambar-32,EL,DP,Los Llanos de Aridane,35,23,32,MANUEL RODRIGUEZ QUINTERO 
215375.719288912,3165611.10315133,11671,22089,CM-022,Paseo Barranco del Hombre,E1-E2,S4,12,Bilateral,8,1,Columna,8,Viaria,VSBP,35,EM,NO,Noche entera,BC,23,EM,NO,Hasta 24:00,Cambio luminaria,PC-Ambar,PC-Ambar-32,EL,DP,Los Llanos de Aridane,35,23,32,MANUEL RODRIGUEZ QUINTERO 
215383.030114346,3165614.19010209,11672,22091,CM-022,Paseo Barranco del Hombre,E1-E2,S4,12,Bilateral,8,1,Columna,8,Viaria,VSBP,35,EM,NO,Noche entera,BC,23,EM,NO,Hasta 24:00,Cambio luminaria,PC-Ambar,PC-Ambar-32,EL,DP,Los Llanos de Aridane,35,23,32,MANUEL RODRIGUEZ QUINTERO 
215390.237893857,3165617.07129319,11673,22093,CM-022,Paseo Barranco del Hombre,E1-E2,S4,12,Bilateral,8,1,Columna,8,Viaria,VSBP,35,EM,NO,Noche entera,BC,23,EM,NO,Hasta 24:00,Cambio luminaria,PC-Ambar,PC-Ambar-32,EL,DP,Los Llanos de Aridane,35,23,32,MANUEL RODRIGUEZ QUINTERO 
215414.839000577,3165629.86932965,11674,22094,CM-022,Paseo Barranco del Hombre,E1-E2,S4,12,Bilateral,8,1,Columna,8,Viaria,VSBP,35,EM,NO,Noche entera,BC,23,EM,NO,Hasta 24:00,Cambio luminaria,PC-Ambar,PC-Ambar-32,EL,DP,Los Llanos de Aridane,35,23,32,MANUEL RODRIGUEZ QUINTERO 
215421.943883073,3165632.13312265,11675,22096,CM-022,Paseo Barranco del Hombre,E1-E2,S4,12,Bilateral,8,1,Columna,8,Viaria,VSBP,35,EM,NO,Noche entera,BC,23,EM,NO,Hasta 24:00,Cambio luminaria,PC-Ambar,PC-Ambar-32,EL,DP,Los Llanos de Aridane,35,23,32,MANUEL RODRIGUEZ QUINTERO 
215429.048765569,3165634.49981534,11676,22098,CM-022,Paseo Barranco del Hombre,E1-E2,S4,12,Bilateral,8,1,Columna,8,Viaria,VSBP,35,EM,NO,Noche entera,BC,23,EM,NO,Hasta 24:00,Cambio luminaria,PC-Ambar,PC-Ambar-32,EL,DP,Los Llanos de Aridane,35,23,32,MANUEL RODRIGUEZ QUINTERO 
215436.153648064,3165636.66070866,11677,22100,CM-022,Paseo Barranco del Hombre,E1-E2,S4,12,Bilateral,8,1,Columna,8,Viaria,VSBP,35,EM,NO,Noche entera,BC,23,EM,NO,Hasta 24:00,Cambio luminaria,PC-Ambar,PC-Ambar-32,EL,DP,Los Llanos de Aridane,35,23,32,MANUEL RODRIGUEZ QUINTERO 
215415.568205294,3165625.50906711,11678,22095,CM-022,Paseo Barranco del Hombre,E1-E2,S4,12,Bilateral,8,1,Columna,8,Viaria,VSBP,35,EM,NO,Noche entera,BC,23,EM,NO,Hasta 24:00,Cambio luminaria,PC-Ambar,PC-Ambar-32,EL,DP,Los Llanos de Aridane,35,23,32,MANUEL RODRIGUEZ QUINTERO 
215422.570116321,3165628.18445885,11679,22097,CM-022,Paseo Barranco del Hombre,E1-E2,S4,12,Bilateral,8,1,Columna,8,Viaria,VSBP,35,EM,NO,Noche entera,BC,23,EM,NO,Hasta 24:00,Cambio luminaria,PC-Ambar,PC-Ambar-32,EL,DP,Los Llanos de Aridane,35,23,32,MANUEL RODRIGUEZ QUINTERO 
215429.880941755,3165631.27140961,11680,22099,CM-022,Paseo Barranco del Hombre,E1-E2,S4,12,Bilateral,8,1,Columna,8,Viaria,VSBP,35,EM,NO,Noche entera,BC,23,EM,NO,Hasta 24:00,Cambio luminaria,PC-Ambar,PC-Ambar-32,EL,DP,Los Llanos de Aridane,35,23,32,MANUEL RODRIGUEZ QUINTERO 
215437.088721266,3165634.1526007,11681,22101,CM-022,Paseo Barranco del Hombre,E1-E2,S4,12,Bilateral,8,1,Columna,8,Viaria,VSBP,35,EM,NO,Noche entera,BC,23,EM,NO,Hasta 24:00,Cambio luminaria,PC-Ambar,PC-Ambar-32,EL,DP,Los Llanos de Aridane,35,23,32,MANUEL RODRIGUEZ QUINTERO 
215357.732294712,3165639.93119515,11682,22102,CM-022,Calle Jose Guzman Perez Perez,D3-D4,S4,7,Unilateral,15,1,Columna,8,Viaria,VSBP,35,EM,NO,Noche entera,,,,,-,Cambio luminaria,PC-Ambar,PC-Ambar-32,EL,DP,Los Llanos de Aridane,35,,32,MANUEL RODRIGUEZ QUINTERO 
215375.196047491,3165647.63914355,11683,22103,CM-022,Calle Jose Guzman Perez Perez,D3-D4,S4,7,Unilateral,15,1,Columna,8,Viaria,VSBP,35,EM,NO,Noche entera,,,,,-,Cambio luminaria,PC-Ambar,PC-Ambar-32,EL,DP,Los Llanos de Aridane,35,,32,MANUEL RODRIGUEZ QUINTERO 
215396.540787131,3165656.47425914,11684,22104,CM-022,Calle Jose Guzman Perez Perez,D3-D4,S4,7,Unilateral,15,1,Columna,8,Viaria,VSBP,35,EM,NO,Noche entera,,,,,-,Cambio luminaria,PC-Ambar,PC-Ambar-32,EL,DP,Los Llanos de Aridane,35,,32,MANUEL RODRIGUEZ QUINTERO 
215411.287882653,3165661.74616593,11685,22105,CM-022,Calle Jose Guzman Perez Perez,D3-D4,S4,7,Unilateral,15,1,Columna,8,Viaria,VSBP,35,EM,NO,Noche entera,,,,,-,Cambio luminaria,PC-Ambar,PC-Ambar-32,EL,DP,Los Llanos de Aridane,35,,32,MANUEL RODRIGUEZ QUINTERO 
215426.132154414,3165667.70890873,11686,22106,CM-022,Calle Jose Guzman Perez Perez,D3-D4,S4,7,Unilateral,15,1,Columna,8,Viaria,VSBP,35,EM,NO,Noche entera,,,,,-,Cambio luminaria,PC-Ambar,PC-Ambar-32,EL,DP,Los Llanos de Aridane,35,,32,MANUEL RODRIGUEZ QUINTERO 
215379.233729807,3165595.07053892,11687,22107,CM-022,Paseo el Coral,E1-E2,S4,4,Unilateral,20,1,Columna,6,Artística,VSBP,35,EM,NO,Noche entera,,,,,-,Cambio luminaria,PC-Ambar,PC-Ambar-32,EL,DP,Los Llanos de Aridane,35,,32,MANUEL RODRIGUEZ QUINTERO 
215398.062001113,3165603.33623035,11688,22108,CM-022,Paseo el Coral,E1-E2,S4,4,Unilateral,20,1,Columna,6,Artística,VSBP,35,EM,NO,Noche entera,,,,,-,Cambio luminaria,PC-Ambar,PC-Ambar-32,EL,DP,Los Llanos de Aridane,35,,32,MANUEL RODRIGUEZ QUINTERO 
215389.99572062,3165562.86278712,11689,22109,CM-022,Calle Manuel Rodriguez Quintero,D3-D4,S4,8,Unilateral,20,1,Columna,8,Viaria,VSBP,55,EM,NO,Noche entera,,,,,-,Cambio luminaria,PC-Ambar,PC-Ambar-32,EL,DP,Los Llanos de Aridane,55,,32,MANUEL RODRIGUEZ QUINTERO 
215408.369017486,3165570.00311991,11690,22110,CM-022,Calle Manuel Rodriguez Quintero,D3-D4,S4,8,Unilateral,20,1,Columna,8,Viaria,VSBP,55,EM,NO,Noche entera,,,,,-,Cambio luminaria,PC-Ambar,PC-Ambar-32,EL,DP,Los Llanos de Aridane,55,,32,MANUEL RODRIGUEZ QUINTERO 
215432.356381421,3165585.048824,11691,22111,CM-022,Calle Manuel Rodriguez Quintero,D3-D4,S4,8,Unilateral,20,1,Columna,8,Viaria,VSBP,55,EM,NO,Noche entera,,,,,-,Cambio luminaria,PC-Ambar,PC-Ambar-32,EL,DP,Los Llanos de Aridane,55,,32,MANUEL RODRIGUEZ QUINTERO 
215449.453814873,3165592.57169589,11692,22112,CM-022,Calle Manuel Rodriguez Quintero,D3-D4,S4,8,Unilateral,20,1,Columna,8,Viaria,VSBP,55,EM,NO,Noche entera,,,,,-,Cambio luminaria,PC-Ambar,PC-Ambar-32,EL,DP,Los Llanos de Aridane,55,,32,MANUEL RODRIGUEZ QUINTERO 
215145.577115677,3165806.5347523,11693,22113,CM-022,Paseo Miramar,E1-E2,S4,,Unilateral,15,3,Columna,6,Proyector,BC,23,EM,NO,Noche entera,,,,,-,Cambio equipo,Proyector,BC-23,EL,NO,Los Llanos de Aridane,23,,23,MANUEL RODRIGUEZ QUINTERO 
215152.572846927,3165794.2305784,11694,22114,CM-022,Paseo Miramar,E1-E2,S4,,Unilateral,15,3,Columna,6,Proyector,BC,23,EM,NO,Noche entera,,,,,-,Cambio equipo,Proyector,BC-23,EL,NO,Los Llanos de Aridane,23,,23,MANUEL RODRIGUEZ QUINTERO 
215213.202939663,3165695.09630222,11695,22116,CM-022,Paseo Miramar,E1-E2,S4,,Unilateral,15,3,Columna,6,Proyector,BC,23,EM,NO,Noche entera,,,,,-,Cambio equipo,Proyector,BC-23,EL,NO,Los Llanos de Aridane,23,,23,MANUEL RODRIGUEZ QUINTERO 
215183.490942767,3165753.14688789,11696,22115,CM-022,Paseo Miramar,E1-E2,S4,,Unilateral,15,3,Columna,6,Proyector,BC,23,EM,NO,Noche entera,,,,,-,Cambio equipo,Proyector,BC-23,EL,NO,Los Llanos de Aridane,23,,23,MANUEL RODRIGUEZ QUINTERO 
214897.259020616,3173793.32959493,11990,1001,CM-001,Avenida Enrique mederos,D3-D4,S2,20,Tresbolillo,40,1,Columna,12,Esférica,VSBP,55,EM,NO,Noche entera,VSAP,250,EM,NO,Hasta 24:00,Cambio luminaria,PC-Ambar,PC-Ambar-220,EL,DP,Los Llanos de Aridane,55,250,220,AVENIDA ENRIQUE MEDEROS 
214884.419811848,3173772.53685771,11991,1002,CM-001,Avenida Enrique mederos,D3-D4,S2,20,Tresbolillo,40,1,Columna,12,Esférica,VSBP,55,EM,NO,Noche entera,VSAP,250,EM,NO,Hasta 24:00,Cambio luminaria,PC-Ambar,PC-Ambar-220,EL,DP,Los Llanos de Aridane,55,250,220,AVENIDA ENRIQUE MEDEROS 
214860.500396552,3173777.08004925,11992,1004,CM-001,Avenida Enrique mederos,D3-D4,S2,20,Tresbolillo,40,1,Columna,12,Esférica,VSBP,55,EM,NO,Noche entera,VSAP,250,EM,NO,Hasta 24:00,Cambio luminaria,PC-Ambar,PC-Ambar-220,EL,DP,Los Llanos de Aridane,55,250,220,AVENIDA ENRIQUE MEDEROS 
214834.457337088,3173781.24000848,11993,1006,CM-001,Avenida Enrique mederos,D3-D4,S2,20,Tresbolillo,40,1,Columna,12,Esférica,VSBP,55,EM,NO,Noche entera,VSAP,250,EM,NO,Hasta 24:00,Cambio luminaria,PC-Ambar,PC-Ambar-220,EL,DP,Los Llanos de Aridane,55,250,220,AVENIDA ENRIQUE MEDEROS 
214811.127205648,3173785.78316344,11994,1008,CM-001,Avenida Enrique mederos,D3-D4,S2,20,Tresbolillo,40,1,Columna,12,Esférica,VSBP,55,EM,NO,Noche entera,VSAP,250,EM,NO,Hasta 24:00,Cambio luminaria,PC-Ambar,PC-Ambar-220,EL,DP,Los Llanos de Aridane,55,250,220,AVENIDA ENRIQUE MEDEROS 
214783.419431139,3173791.36543327,11995,1010,CM-001,Avenida Enrique mederos,D3-D4,S2,20,Tresbolillo,40,1,Columna,12,Esférica,VSBP,55,EM,NO,Noche entera,VSAP,250,EM,NO,Hasta 24:00,Cambio luminaria,PC-Ambar,PC-Ambar-220,EL,DP,Los Llanos de Aridane,55,250,220,AVENIDA ENRIQUE MEDEROS 
214869.681357561,3173797.75502888,11996,1003,CM-001,Avenida Enrique mederos,D3-D4,S2,20,Tresbolillo,40,1,Columna,12,Esférica,VSBP,55,EM,NO,Noche entera,VSAP,250,EM,NO,Hasta 24:00,Cambio luminaria,PC-Ambar,PC-Ambar-220,EL,DP,Los Llanos de Aridane,55,250,220,AVENIDA ENRIQUE MEDEROS 
214845.52277472,3173801.10331551,11997,1005,CM-001,Avenida Enrique mederos,D3-D4,S2,20,Tresbolillo,40,1,Columna,12,Esférica,VSBP,55,EM,NO,Noche entera,VSAP,250,EM,NO,Hasta 24:00,Cambio luminaria,PC-Ambar,PC-Ambar-220,EL,DP,Los Llanos de Aridane,55,250,220,AVENIDA ENRIQUE MEDEROS 
214824.880557166,3173804.49214987,11998,1007,CM-001,Avenida Enrique mederos,D3-D4,S2,20,Tresbolillo,40,1,Columna,12,Esférica,VSBP,55,EM,NO,Noche entera,VSAP,250,EM,NO,Hasta 24:00,Cambio luminaria,PC-Ambar,PC-Ambar-220,EL,DP,Los Llanos de Aridane,55,250,220,AVENIDA ENRIQUE MEDEROS 
214798.553339819,3173810.13302649,11999,1011,CM-001,Avenida Enrique mederos,D3-D4,S2,20,Tresbolillo,40,1,Columna,12,Esférica,VSBP,55,EM,NO,Noche entera,VSAP,250,EM,NO,Hasta 24:00,Cambio luminaria,PC-Ambar,PC-Ambar-220,EL,DP,Los Llanos de Aridane,55,250,220,AVENIDA ENRIQUE MEDEROS 
214770.065891303,3173816.13306439,12000,1013,CM-001,Avenida Enrique mederos,D3-D4,S2,20,Tresbolillo,40,1,Columna,12,Esférica,VSBP,55,EM,NO,Noche entera,VSAP,250,EM,NO,Hasta 24:00,Cambio luminaria,PC-Ambar,PC-Ambar-220,EL,DP,Los Llanos de Aridane,55,250,220,AVENIDA ENRIQUE MEDEROS 
214740.35311029,3173821.57985925,12001,1015,CM-001,Avenida Enrique mederos,D3-D4,S2,20,Tresbolillo,40,1,Columna,12,Esférica,VSBP,55,EM,NO,Noche entera,VSAP,250,EM,NO,Hasta 24:00,Cambio luminaria,PC-Ambar,PC-Ambar-220,EL,DP,Los Llanos de Aridane,55,250,220,AVENIDA ENRIQUE MEDEROS 
214711.905665196,3173827.06910313,12002,1017,CM-001,Avenida Enrique mederos,D3-D4,S2,20,Tresbolillo,40,1,Columna,12,Esférica,VSBP,55,EM,NO,Noche entera,VSAP,250,EM,NO,Hasta 24:00,Cambio luminaria,PC-Ambar,PC-Ambar-220,EL,DP,Los Llanos de Aridane,55,250,220,AVENIDA ENRIQUE MEDEROS 
214754.507406628,3173795.86323872,12003,1012,CM-001,Avenida Enrique mederos,D3-D4,S2,20,Tresbolillo,40,1,Columna,12,Esférica,VSBP,55,EM,NO,Noche entera,VSAP,250,EM,NO,Hasta 24:00,Cambio luminaria,PC-Ambar,PC-Ambar-220,EL,DP,Los Llanos de Aridane,55,250,220,AVENIDA ENRIQUE MEDEROS 
214723.295379544,3173802.96259886,12004,1014,CM-001,Avenida Enrique mederos,D3-D4,S2,20,Tresbolillo,40,1,Columna,12,Esférica,VSBP,55,EM,NO,Noche entera,VSAP,250,EM,NO,Hasta 24:00,Cambio luminaria,PC-Ambar,PC-Ambar-220,EL,DP,Los Llanos de Aridane,55,250,220,AVENIDA ENRIQUE MEDEROS 
214691.923695402,3173808.18221766,12005,1016,CM-001,Avenida Enrique mederos,D3-D4,S2,20,Tresbolillo,40,1,Columna,12,Esférica,VSBP,55,EM,NO,Noche entera,VSAP,250,EM,NO,Hasta 24:00,Cambio luminaria,PC-Ambar,PC-Ambar-220,EL,DP,Los Llanos de Aridane,55,250,220,AVENIDA ENRIQUE MEDEROS 
214679.542171388,3173832.63527446,12006,1019,CM-001,Avenida Enrique mederos,D3-D4,S2,20,Tresbolillo,40,1,Columna,12,Esférica,VSBP,55,EM,NO,Noche entera,VSAP,250,EM,NO,Hasta 24:00,Cambio luminaria,PC-Ambar,PC-Ambar-220,EL,DP,Los Llanos de Aridane,55,250,220,AVENIDA ENRIQUE MEDEROS 
214657.396902812,3173814.75457363,12007,1018,CM-001,Avenida Enrique mederos,D3-D4,S2,20,Tresbolillo,40,1,Columna,12,Esférica,VSBP,55,EM,NO,Noche entera,VSAP,250,EM,NO,Hasta 24:00,Cambio luminaria,PC-Ambar,PC-Ambar-220,EL,DP,Los Llanos de Aridane,55,250,220,AVENIDA ENRIQUE MEDEROS 
214621.894530657,3173819.98715719,12008,1020,CM-001,Avenida Enrique mederos,D3-D4,S2,20,Tresbolillo,40,1,Columna,12,Esférica,VSBP,55,EM,NO,Noche entera,VSAP,250,EM,NO,Hasta 24:00,Cambio luminaria,PC-Ambar,PC-Ambar-220,EL,DP,Los Llanos de Aridane,55,250,220,AVENIDA ENRIQUE MEDEROS 
214605.27934578,3173845.46266054,12010,1023,CM-001,Avenida Enrique mederos,D3-D4,S2,20,Tresbolillo,40,1,Columna,12,Esférica,VSBP,55,EM,NO,Noche entera,VSAP,250,EM,NO,Hasta 24:00,Cambio luminaria,PC-Ambar,PC-Ambar-220,EL,DP,Los Llanos de Aridane,55,250,220,AVENIDA ENRIQUE MEDEROS 
214583.321247707,3173828.90237448,12011,1022,CM-001,Avenida Enrique mederos,D3-D4,S2,20,Tresbolillo,40,1,Columna,12,Esférica,VSBP,55,EM,NO,Noche entera,VSAP,250,EM,NO,Hasta 24:00,Cambio luminaria,PC-Ambar,PC-Ambar-220,EL,DP,Los Llanos de Aridane,55,250,220,AVENIDA ENRIQUE MEDEROS 
214565.522296565,3173854.68670463,12012,1025,CM-001,Avenida Enrique mederos,D3-D4,S2,20,Tresbolillo,40,1,Columna,12,Esférica,VSBP,55,EM,NO,Noche entera,VSAP,250,EM,NO,Hasta 24:00,Cambio luminaria,PC-Ambar,PC-Ambar-220,EL,DP,Los Llanos de Aridane,55,250,220,AVENIDA ENRIQUE MEDEROS 
214505.088013716,3173841.7199171,12013,1024,CM-001,Avenida Enrique mederos,D3-D4,S2,20,Tresbolillo,40,1,Columna,12,Esférica,VSBP,55,EM,NO,Noche entera,VSAP,250,EM,NO,Hasta 24:00,Cambio luminaria,PC-Ambar,PC-Ambar-220,EL,DP,Los Llanos de Aridane,55,250,220,AVENIDA ENRIQUE MEDEROS 
214451.654248986,3173852.90454866,12014,1026,CM-001,Avenida Enrique mederos,D3-D4,S2,20,Tresbolillo,40,1,Columna,12,Esférica,VSBP,55,EM,NO,Noche entera,VSAP,250,EM,NO,Hasta 24:00,Cambio luminaria,PC-Ambar,PC-Ambar-220,EL,DP,Los Llanos de Aridane,55,250,220,AVENIDA ENRIQUE MEDEROS 
214409.773724647,3173859.39882013,12015,1028,CM-001,Avenida Enrique mederos,D3-D4,S2,20,Tresbolillo,40,1,Columna,12,Esférica,VSBP,55,EM,NO,Noche entera,VSAP,250,EM,NO,Hasta 24:00,Cambio luminaria,PC-Ambar,PC-Ambar-220,EL,DP,Los Llanos de Aridane,55,250,220,AVENIDA ENRIQUE MEDEROS 
214369.6984011,3173867.33631596,12016,1030,CM-001,Avenida Enrique mederos,D3-D4,S2,20,Tresbolillo,40,1,Columna,12,Esférica,VSBP,55,EM,NO,Noche entera,VSAP,250,EM,NO,Hasta 24:00,Cambio luminaria,PC-Ambar,PC-Ambar-220,EL,DP,Los Llanos de Aridane,55,250,220,AVENIDA ENRIQUE MEDEROS 
214528.916604597,3173859.39882013,12017,1027,CM-001,Avenida Enrique mederos,D3-D4,S2,20,Tresbolillo,40,1,Columna,12,Esférica,VSBP,55,EM,NO,Noche entera,VSAP,250,EM,NO,Hasta 24:00,Cambio luminaria,PC-Ambar,PC-Ambar-220,EL,DP,Los Llanos de Aridane,55,250,220,AVENIDA ENRIQUE MEDEROS 
214475.843894918,3173869.86187921,12018,1029,CM-001,Avenida Enrique mederos,D3-D4,S2,20,Tresbolillo,40,1,Columna,12,Esférica,VSBP,55,EM,NO,Noche entera,VSAP,250,EM,NO,Hasta 24:00,Cambio luminaria,PC-Ambar,PC-Ambar-220,EL,DP,Los Llanos de Aridane,55,250,220,AVENIDA ENRIQUE MEDEROS 
214433.241260479,3173878.16014143,12019,1031,CM-001,Avenida Enrique mederos,D3-D4,S2,20,Tresbolillo,40,1,Columna,12,Esférica,VSBP,55,EM,NO,Noche entera,VSAP,250,EM,NO,Hasta 24:00,Cambio luminaria,PC-Ambar,PC-Ambar-220,EL,DP,Los Llanos de Aridane,55,250,220,AVENIDA ENRIQUE MEDEROS 
214392.443901293,3173886.45840366,12020,1033,CM-001,Avenida Enrique mederos,D3-D4,S2,20,Tresbolillo,40,1,Columna,12,Esférica,VSBP,55,EM,NO,Noche entera,VSAP,250,EM,NO,Hasta 24:00,Cambio luminaria,PC-Ambar,PC-Ambar-220,EL,DP,Los Llanos de Aridane,55,250,220,AVENIDA ENRIQUE MEDEROS 
214335.867937527,3173873.62608564,12021,1032,CM-001,Avenida Enrique mederos,D3-D4,S2,20,Tresbolillo,40,1,Columna,12,Esférica,VSBP,55,EM,NO,Noche entera,VSAP,250,EM,NO,Hasta 24:00,Cambio luminaria,PC-Ambar,PC-Ambar-220,EL,DP,Los Llanos de Aridane,55,250,220,AVENIDA ENRIQUE MEDEROS 
214309.118292896,3173881.68490888,12022,1034,CM-001,Avenida Enrique mederos,D3-D4,S2,20,Tresbolillo,40,1,Columna,12,Esférica,VSBP,55,EM,NO,Noche entera,VSAP,250,EM,NO,Hasta 24:00,Cambio luminaria,PC-Ambar,PC-Ambar-220,EL,DP,Los Llanos de Aridane,55,250,220,AVENIDA ENRIQUE MEDEROS 
214353.963355443,3173892.49543439,12023,1035,CM-001,Avenida Enrique mederos,D3-D4,S2,20,Tresbolillo,40,1,Columna,12,Esférica,VSBP,55,EM,NO,Noche entera,VSAP,250,EM,NO,Hasta 24:00,Cambio luminaria,PC-Ambar,PC-Ambar-220,EL,DP,Los Llanos de Aridane,55,250,220,AVENIDA ENRIQUE MEDEROS 
214324.853338553,3173897.80243625,12024,1037,CM-001,Avenida Enrique mederos,D3-D4,S2,20,Tresbolillo,40,1,Columna,12,Esférica,VSBP,55,EM,NO,Noche entera,VSAP,250,EM,NO,Hasta 24:00,Cambio luminaria,PC-Ambar,PC-Ambar-220,EL,DP,Los Llanos de Aridane,55,250,220,AVENIDA ENRIQUE MEDEROS 
214293.57982083,3173904.09220593,12025,1039,CM-001,Avenida Enrique mederos,D3-D4,S2,20,Tresbolillo,40,1,Columna,12,Esférica,VSBP,55,EM,NO,Noche entera,VSAP,250,EM,NO,Hasta 24:00,Cambio luminaria,PC-Ambar,PC-Ambar-220,EL,DP,Los Llanos de Aridane,55,250,220,AVENIDA ENRIQUE MEDEROS 
214265.785879009,3173886.90583815,12026,1036,CM-001,Avenida Enrique mederos,D3-D4,S2,20,Tresbolillo,40,1,Columna,12,Esférica,VSBP,55,EM,NO,Noche entera,VSAP,250,EM,NO,Hasta 24:00,Cambio luminaria,PC-Ambar,PC-Ambar-220,EL,DP,Los Llanos de Aridane,55,250,220,AVENIDA ENRIQUE MEDEROS 
214237.051362349,3173891.97324221,12027,1038,CM-001,Avenida Enrique mederos,D3-D4,S2,20,Tresbolillo,40,1,Columna,12,Esférica,VSBP,55,EM,NO,Noche entera,VSAP,250,EM,NO,Hasta 24:00,Cambio luminaria,PC-Ambar,PC-Ambar-220,EL,DP,Los Llanos de Aridane,55,250,220,AVENIDA ENRIQUE MEDEROS 
214259.946824362,3173909.93938469,12028,1041,CM-001,Avenida Enrique mederos,D3-D4,S2,20,Tresbolillo,40,1,Columna,12,Esférica,VSBP,55,EM,NO,Noche entera,VSAP,250,EM,NO,Hasta 24:00,Cambio luminaria,PC-Ambar,PC-Ambar-220,EL,DP,Los Llanos de Aridane,55,250,220,AVENIDA ENRIQUE MEDEROS 
214212.837724378,3173897.15935743,12029,1040,CM-001,Avenida Enrique mederos,D3-D4,S2,20,Tresbolillo,40,1,Columna,12,Esférica,VSBP,55,EM,NO,Noche entera,VSAP,250,EM,NO,Hasta 24:00,Cambio luminaria,PC-Ambar,PC-Ambar-220,EL,DP,Los Llanos de Aridane,55,250,220,AVENIDA ENRIQUE MEDEROS 
214229.214628603,3173916.69592343,12030,1043,CM-001,Avenida Enrique mederos,D3-D4,S2,20,Tresbolillo,40,1,Columna,12,Esférica,VSBP,55,EM,NO,Noche entera,VSAP,250,EM,NO,Hasta 24:00,Cambio luminaria,PC-Ambar,PC-Ambar-220,EL,DP,Los Llanos de Aridane,55,250,220,AVENIDA ENRIQUE MEDEROS 
214181.738681733,3173902.54150993,12031,1042,CM-001,Avenida Enrique mederos,D3-D4,S2,20,Tresbolillo,40,1,Columna,12,Esférica,VSBP,55,EM,NO,Noche entera,VSAP,250,EM,NO,Hasta 24:00,Cambio luminaria,PC-Ambar,PC-Ambar-220,EL,DP,Los Llanos de Aridane,55,250,220,AVENIDA ENRIQUE MEDEROS 
214147.525569797,3173909.01958324,12032,1044,CM-001,Avenida Enrique mederos,D3-D4,S2,20,Tresbolillo,40,1,Columna,12,Esférica,VSBP,55,EM,NO,Noche entera,VSAP,250,EM,NO,Hasta 24:00,Cambio luminaria,PC-Ambar,PC-Ambar-220,EL,DP,Los Llanos de Aridane,55,250,220,AVENIDA ENRIQUE MEDEROS 
214192.000344292,3173921.85440244,12033,1045,CM-001,Avenida Enrique mederos,D3-D4,S2,20,Tresbolillo,40,1,Columna,12,Esférica,VSBP,55,EM,NO,Noche entera,VSAP,250,EM,NO,Hasta 24:00,Cambio luminaria,PC-Ambar,PC-Ambar-220,EL,DP,Los Llanos de Aridane,55,250,220,AVENIDA ENRIQUE MEDEROS 
214161.628756827,3173928.4524533,12034,1047,CM-001,Avenida Enrique mederos,D3-D4,S2,20,Tresbolillo,40,1,Columna,12,Esférica,VSBP,55,EM,NO,Noche entera,VSAP,250,EM,NO,Hasta 24:00,Cambio luminaria,PC-Ambar,PC-Ambar-220,EL,DP,Los Llanos de Aridane,55,250,220,AVENIDA ENRIQUE MEDEROS 
214114.117888359,3173914.49476011,12035,1046,CM-001,Avenida Enrique mederos,D3-D4,S2,20,Tresbolillo,40,1,Columna,12,Esférica,VSBP,55,EM,NO,Noche entera,VSAP,250,EM,NO,Hasta 24:00,Cambio luminaria,PC-Ambar,PC-Ambar-220,EL,DP,Los Llanos de Aridane,55,250,220,AVENIDA ENRIQUE MEDEROS 
214102.892866293,3173940.13450338,12036,1049,CM-001,Avenida Enrique mederos,D3-D4,S2,20,Tresbolillo,40,1,Columna,12,Esférica,VSBP,55,EM,NO,Noche entera,VSAP,250,EM,NO,Hasta 24:00,Cambio luminaria,PC-Ambar,PC-Ambar-220,EL,DP,Los Llanos de Aridane,55,250,220,AVENIDA ENRIQUE MEDEROS 
214080.042005637,3173921.03822158,12037,1048,CM-001,Avenida Enrique mederos,D3-D4,S2,20,Tresbolillo,40,1,Columna,12,Esférica,VSBP,55,EM,NO,Noche entera,VSAP,250,EM,NO,Hasta 24:00,Cambio luminaria,PC-Ambar,PC-Ambar-220,EL,DP,Los Llanos de Aridane,55,250,220,AVENIDA ENRIQUE MEDEROS 
214067.766878525,3173946.89000989,12038,1050,CM-001,Avenida Enrique mederos,D3-D4,S2,20,Tresbolillo,40,1,Columna,12,Esférica,VSBP,55,EM,NO,Noche entera,VSAP,250,EM,NO,Hasta 24:00,Cambio luminaria,PC-Ambar,PC-Ambar-220,EL,DP,Los Llanos de Aridane,55,250,220,AVENIDA ENRIQUE MEDEROS 
214028.664445325,3173954.04292716,12039,1051,CM-001,Avenida Enrique mederos,D3-D4,S2,20,Tresbolillo,40,1,Columna,12,Esférica,VSBP,55,EM,NO,Noche entera,VSAP,250,EM,NO,Hasta 24:00,Cambio luminaria,PC-Ambar,PC-Ambar-220,EL,DP,Los Llanos de Aridane,55,250,220,AVENIDA ENRIQUE MEDEROS 
214987.691228647,3173765.03205327,12040,1055,CM-001,Calle fernandez ta?o,E1-E2,S3,15,Unilateral,45,1,Columna,6,Artística,VSBP,35,EM,NO,Noche entera,VSAP,70,EM,NO,Hasta 24:00,Cambio equipo,Artística,VSBP-35,EL,NO,Los Llanos de Aridane,35,70,35,AVENIDA ENRIQUE MEDEROS 
215031.870454842,3173756.47658877,12041,1054,CM-001,Calle fernandez ta?o,E1-E2,S3,15,Unilateral,45,1,Columna,6,Artística,VSBP,35,EM,NO,Noche entera,VSAP,70,EM,NO,Hasta 24:00,Cambio equipo,Artística,VSBP-35,EL,NO,Los Llanos de Aridane,35,70,35,AVENIDA ENRIQUE MEDEROS 
215076.486581613,3173747.55431206,12042,1053,CM-001,Calle fernandez ta?o,E1-E2,S3,15,Unilateral,45,1,Columna,6,Artística,VSBP,35,EM,NO,Noche entera,VSAP,70,EM,NO,Hasta 24:00,Cambio equipo,Artística,VSBP-35,EL,NO,Los Llanos de Aridane,35,70,35,AVENIDA ENRIQUE MEDEROS 
215120.905059225,3173739.23472052,12043,1052,CM-001,Calle fernandez ta?o,E1-E2,S3,15,Unilateral,45,1,Columna,6,Artística,VSBP,35,EM,NO,Noche entera,VSAP,70,EM,NO,Hasta 24:00,Cambio equipo,Artística,VSBP-35,EL,NO,Los Llanos de Aridane,35,70,35,AVENIDA ENRIQUE MEDEROS 
214962.03947893,3173749.34236155,12044,1056,CM-001,Avenida Enrique mederos,E1-E2,S3,,Bilateral,50,1,Columna,6,Artística,VSBP,35,EM,NO,Noche entera,,,,,-,Cambio luminaria,PC-Ambar,PC-Ambar-49,EL,DP,Los Llanos de Aridane,35,,49,AVENIDA ENRIQUE MEDEROS 
214955.295887935,3173703.79583291,12045,1057,CM-001,Avenida Enrique mederos,E1-E2,S3,,Bilateral,50,1,Columna,6,Artística,VSBP,35,EM,NO,Noche entera,,,,,-,Cambio luminaria,PC-Ambar,PC-Ambar-49,EL,DP,Los Llanos de Aridane,35,,49,AVENIDA ENRIQUE MEDEROS 
215005.75662605,3173741.20901883,12046,1058,CM-001,Avenida Enrique mederos,E1-E2,S3,,Bilateral,50,1,Columna,6,Artística,VSBP,35,EM,NO,Noche entera,,,,,-,Cambio luminaria,PC-Ambar,PC-Ambar-49,EL,DP,Los Llanos de Aridane,35,,49,AVENIDA ENRIQUE MEDEROS 
215000.640798397,3173703.09867677,12047,1059,CM-001,Avenida Enrique mederos,E1-E2,S3,,Bilateral,50,1,Columna,6,Artística,VSBP,35,EM,NO,Noche entera,,,,,-,Cambio luminaria,PC-Ambar,PC-Ambar-49,EL,DP,Los Llanos de Aridane,35,,49,AVENIDA ENRIQUE MEDEROS 
215050.243663969,3173697.71039456,12048,1061,CM-001,Avenida Enrique mederos,E1-E2,S3,,Bilateral,50,1,Columna,6,Artística,VSBP,35,EM,NO,Noche entera,,,,,-,Cambio luminaria,PC-Ambar,PC-Ambar-49,EL,DP,Los Llanos de Aridane,35,,49,AVENIDA ENRIQUE MEDEROS 
215054.342157261,3173733.09034713,12049,1060,CM-001,Avenida Enrique mederos,E1-E2,S3,,Bilateral,50,1,Columna,6,Artística,VSBP,35,EM,NO,Noche entera,,,,,-,Cambio luminaria,PC-Ambar,PC-Ambar-49,EL,DP,Los Llanos de Aridane,35,,49,AVENIDA ENRIQUE MEDEROS 
215100.166899989,3173726.56909723,12050,1062,CM-001,Avenida Enrique mederos,E1-E2,S3,,Bilateral,50,1,Columna,6,Artística,VSBP,35,EM,NO,Noche entera,,,,,-,Cambio luminaria,PC-Ambar,PC-Ambar-49,EL,DP,Los Llanos de Aridane,35,,49,AVENIDA ENRIQUE MEDEROS 
215100.166899989,3173690.31777203,12051,1063,CM-001,Avenida Enrique mederos,E1-E2,S3,,Bilateral,50,1,Columna,6,Artística,VSBP,35,EM,NO,Noche entera,,,,,-,Cambio luminaria,PC-Ambar,PC-Ambar-49,EL,DP,Los Llanos de Aridane,35,,49,AVENIDA ENRIQUE MEDEROS 
215081.739186823,3173675.47019693,12052,1064,CM-001,Avenida Enrique Mederos,D3-D4,S4,13,Unilateral,25,1,Báculo,12,Viaria,VSBP,55,EM,NO,Noche entera,,,,,-,Cambio luminaria,PC-Ambar,PC-Ambar-49,EL,DP,Los Llanos de Aridane,55,,49,AVENIDA ENRIQUE MEDEROS 
215106.631985112,3173672.91403748,12053,1065,CM-001,Avenida Enrique Mederos,D3-D4,S4,13,Unilateral,25,1,Báculo,12,Viaria,VSBP,55,EM,NO,Noche entera,,,,,-,Cambio luminaria,PC-Ambar,PC-Ambar-49,EL,DP,Los Llanos de Aridane,55,,49,AVENIDA ENRIQUE MEDEROS 
215131.437364864,3173669.80065744,12054,1066,CM-001,Avenida Enrique Mederos,D3-D4,S4,13,Unilateral,25,1,Báculo,12,Viaria,VSBP,55,EM,NO,Noche entera,,,,,-,Cambio luminaria,PC-Ambar,PC-Ambar-49,EL,DP,Los Llanos de Aridane,55,,49,AVENIDA ENRIQUE MEDEROS 
214900.565502216,3173753.13099645,12055,1067,CM-001,Calle Ramon Poll,D3-D4,S2,19,Bilateral,50,1,Columna,12,Esférica,VSBP,55,EM,NO,Noche entera,VSAP,250,EM,NO,Hasta 24:00,Cambio luminaria,PC-Ambar,PC-Ambar-106,EL,DP,Los Llanos de Aridane,55,250,106,AVENIDA ENRIQUE MEDEROS 
214947.799929805,3173749.52742068,12056,1068,CM-001,Calle Ramon Poll,D3-D4,S2,19,Bilateral,50,1,Columna,12,Esférica,VSBP,55,EM,NO,Noche entera,VSAP,250,EM,NO,Hasta 24:00,Cambio luminaria,PC-Ambar,PC-Ambar-106,EL,DP,Los Llanos de Aridane,55,250,106,AVENIDA ENRIQUE MEDEROS 
214939.989459166,3173702.96872852,12057,1070,CM-001,Calle Ramon Poll,D3-D4,S2,19,Bilateral,50,1,Columna,12,Esférica,VSBP,55,EM,NO,Noche entera,VSAP,250,EM,NO,Hasta 24:00,Cambio luminaria,PC-Ambar,PC-Ambar-106,EL,DP,Los Llanos de Aridane,55,250,106,AVENIDA ENRIQUE MEDEROS 
214895.181013728,3173701.73557381,12058,1069,CM-001,Calle Ramon Poll,D3-D4,S2,19,Bilateral,50,1,Columna,12,Esférica,VSBP,55,EM,NO,Noche entera,VSAP,250,EM,NO,Hasta 24:00,Cambio luminaria,PC-Ambar,PC-Ambar-106,EL,DP,Los Llanos de Aridane,55,250,106,AVENIDA ENRIQUE MEDEROS 
214631.612976527,3173809.61131125,12059,1071,CM-001,Calle Jose Serrano,E1-E2,S4,3,Unilateral,20,1,Columna,8,Viaria,VSBP,35,EM,NO,Noche entera,,,,,-,Cambio luminaria,PC-Ambar,PC-Ambar-32,EL,DP,Los Llanos de Aridane,35,,32,AVENIDA ENRIQUE MEDEROS 
214623.038496146,3173791.90267189,12060,1072,CM-001,Calle Jose Serrano,E1-E2,S4,3,Unilateral,20,1,Columna,8,Viaria,VSBP,35,EM,NO,Noche entera,,,,,-,Cambio luminaria,PC-Ambar,PC-Ambar-32,EL,DP,Los Llanos de Aridane,35,,32,AVENIDA ENRIQUE MEDEROS 
214612.46328382,3173773.62280915,12061,1073,CM-001,Calle Jose Serrano,E1-E2,S4,3,Unilateral,20,1,Columna,8,Viaria,VSBP,35,EM,NO,Noche entera,,,,,-,Cambio luminaria,PC-Ambar,PC-Ambar-32,EL,DP,Los Llanos de Aridane,35,,32,AVENIDA ENRIQUE MEDEROS 
214592.17033699,3173769.6241264,12062,1074,CM-001,Calle Jose Serrano,E1-E2,S4,3,Unilateral,20,1,Columna,8,Viaria,VSBP,35,EM,NO,Noche entera,,,,,-,Cambio luminaria,PC-Ambar,PC-Ambar-32,EL,DP,Los Llanos de Aridane,35,,32,AVENIDA ENRIQUE MEDEROS 
214566.446821386,3173763.62604272,12063,1075,CM-001,Calle Jose Serrano,E1-E2,S4,3,Unilateral,20,1,Columna,8,Viaria,VSBP,35,EM,NO,Noche entera,,,,,-,Cambio luminaria,PC-Ambar,PC-Ambar-32,EL,DP,Los Llanos de Aridane,35,,32,AVENIDA ENRIQUE MEDEROS 
214543.448049834,3173761.73669569,12064,1076,CM-001,Calle Jose Serrano,E1-E2,S4,3,Unilateral,20,1,Columna,8,Viaria,VSBP,35,EM,NO,Noche entera,,,,,-,Cambio luminaria,PC-Ambar,PC-Ambar-32,EL,DP,Los Llanos de Aridane,35,,32,AVENIDA ENRIQUE MEDEROS 
214526.295927695,3173746.22699628,12065,1077,CM-001,Calle Jose Serrano,E1-E2,S4,3,Unilateral,20,1,Columna,8,Viaria,VSBP,35,EM,NO,Noche entera,,,,,-,Cambio luminaria,PC-Ambar,PC-Ambar-32,EL,DP,Los Llanos de Aridane,35,,32,AVENIDA ENRIQUE MEDEROS 
214527.682675717,3173727.15210195,12066,1078,CM-001,Calle Jose Serrano,E1-E2,S4,3,Unilateral,20,1,Columna,8,Viaria,VSBP,35,EM,NO,Noche entera,,,,,-,Cambio luminaria,PC-Ambar,PC-Ambar-32,EL,DP,Los Llanos de Aridane,35,,32,AVENIDA ENRIQUE MEDEROS 
214483.927611466,3173818.32433373,12067,1080,CM-001,Calle Isaac Albeniz,D3-D4,S4,6,Tresbolillo,40,1,Columna,8,Viaria,VSBP,35,EM,NO,Noche entera,,,,,-,Cambio luminaria,PC-Ambar,PC-Ambar-49,EL,DP,Los Llanos de Aridane,35,,49,AVENIDA ENRIQUE MEDEROS 
214488.841200314,3173778.32889943,12068,1082,CM-001,Calle Isaac Albeniz,D3-D4,S4,6,Tresbolillo,40,1,Columna,8,Viaria,VSBP,35,EM,NO,Noche entera,,,,,-,Cambio luminaria,PC-Ambar,PC-Ambar-49,EL,DP,Los Llanos de Aridane,35,,49,AVENIDA ENRIQUE MEDEROS 
214479.875663903,3173757.13578109,12069,1083,CM-001,Calle Isaac Albeniz,D3-D4,S4,6,Tresbolillo,40,1,Columna,8,Viaria,VSBP,35,EM,NO,Noche entera,,,,,-,Cambio luminaria,PC-Ambar,PC-Ambar-49,EL,DP,Los Llanos de Aridane,35,,49,AVENIDA ENRIQUE MEDEROS 
214480.551013318,3173798.97793327,12070,1081,CM-001,Calle Isaac Albeniz,D3-D4,S4,6,Tresbolillo,40,1,Columna,8,Viaria,VSBP,35,EM,NO,Noche entera,,,,,-,Cambio luminaria,PC-Ambar,PC-Ambar-49,EL,DP,Los Llanos de Aridane,35,,49,AVENIDA ENRIQUE MEDEROS 
214470.646161604,3173834.97115983,12071,1079,CM-001,Calle Isaac Albeniz,D3-D4,S4,6,Tresbolillo,40,1,Columna,8,Viaria,VSBP,35,EM,NO,Noche entera,,,,,-,Cambio luminaria,PC-Ambar,PC-Ambar-49,EL,DP,Los Llanos de Aridane,35,,49,AVENIDA ENRIQUE MEDEROS 
214452.725351666,3173670.05041878,12072,1091,CM-001,Camino los choriceros,D3-D4,S4,18,Tresbolillo,50,1,Brazo,12,Viaria,VSBP,55,EM,NO,Noche entera,VSBP,55,EM,NO,Noche entera,Cambio luminaria,PC-Ambar,PC-Ambar-82,EL,DP,Los Llanos de Aridane,55,55,82,AVENIDA ENRIQUE MEDEROS 
214472.953741943,3173714.22399448,12073,1089,CM-001,Camino los choriceros,D3-D4,S4,18,Tresbolillo,50,1,Brazo,12,Viaria,VSBP,55,EM,NO,Noche entera,VSBP,55,EM,NO,Noche entera,Cambio luminaria,PC-Ambar,PC-Ambar-82,EL,DP,Los Llanos de Aridane,55,55,82,AVENIDA ENRIQUE MEDEROS 
214498.088504756,3173763.50546964,12074,1087,CM-001,Camino los choriceros,D3-D4,S4,18,Tresbolillo,50,1,Brazo,12,Viaria,VSBP,55,EM,NO,Noche entera,VSBP,55,EM,NO,Noche entera,Cambio luminaria,PC-Ambar,PC-Ambar-82,EL,DP,Los Llanos de Aridane,55,55,82,AVENIDA ENRIQUE MEDEROS 
214518.768939828,3173808.33570608,12075,1085,CM-001,Camino los choriceros,D3-D4,S4,18,Tresbolillo,50,1,Brazo,12,Viaria,VSBP,55,EM,NO,Noche entera,VSBP,55,EM,NO,Noche entera,Cambio luminaria,PC-Ambar,PC-Ambar-82,EL,DP,Los Llanos de Aridane,55,55,82,AVENIDA ENRIQUE MEDEROS 
214483.38230053,3173689.29670513,12076,1090,CM-001,Camino los choriceros,D3-D4,S4,18,Tresbolillo,50,1,Brazo,12,Viaria,VSBP,55,EM,NO,Noche entera,VSBP,55,EM,NO,Noche entera,Cambio luminaria,PC-Ambar,PC-Ambar-82,EL,DP,Los Llanos de Aridane,55,55,82,AVENIDA ENRIQUE MEDEROS 
214505.406105523,3173734.89042595,12077,1088,CM-001,Camino los choriceros,D3-D4,S4,18,Tresbolillo,50,1,Brazo,12,Viaria,VSBP,55,EM,NO,Noche entera,VSBP,55,EM,NO,Noche entera,Cambio luminaria,PC-Ambar,PC-Ambar-82,EL,DP,Los Llanos de Aridane,55,55,82,AVENIDA ENRIQUE MEDEROS 
214524.177542992,3173774.31563784,12078,1086,CM-001,Camino los choriceros,D3-D4,S4,18,Tresbolillo,50,1,Brazo,12,Viaria,VSBP,55,EM,NO,Noche entera,VSBP,55,EM,NO,Noche entera,Cambio luminaria,PC-Ambar,PC-Ambar-82,EL,DP,Los Llanos de Aridane,55,55,82,AVENIDA ENRIQUE MEDEROS 
214546.130643131,3173815.64850078,12079,1084,CM-001,Camino los choriceros,D3-D4,S4,18,Tresbolillo,50,1,Brazo,12,Viaria,VSBP,55,EM,NO,Noche entera,VSBP,55,EM,NO,Noche entera,Cambio luminaria,PC-Ambar,PC-Ambar-82,EL,DP,Los Llanos de Aridane,55,55,82,AVENIDA ENRIQUE MEDEROS 
214351.107871351,3173863.38185239,12080,1092,CM-001,Calle tomas breton,D3-D4,S4,8,Unilateral,35,1,Columna,8,Viaria,VSBP,35,EM,NO,Noche entera,,,,,-,Cambio luminaria,PC-Ambar,PC-Ambar-49,EL,DP,Los Llanos de Aridane,35,,49,AVENIDA ENRIQUE MEDEROS 
214343.849317122,3173829.99297821,12081,1093,CM-001,Calle tomas breton,D3-D4,S4,8,Unilateral,35,1,Columna,8,Viaria,VSBP,35,EM,NO,Noche entera,,,,,-,Cambio luminaria,PC-Ambar,PC-Ambar-49,EL,DP,Los Llanos de Aridane,35,,49,AVENIDA ENRIQUE MEDEROS 
214336.701686882,3173795.72796043,12082,1094,CM-001,Calle tomas breton,D3-D4,S4,8,Unilateral,35,1,Columna,8,Viaria,VSBP,35,EM,NO,Noche entera,,,,,-,Cambio luminaria,PC-Ambar,PC-Ambar-49,EL,DP,Los Llanos de Aridane,35,,49,AVENIDA ENRIQUE MEDEROS 
214329.127572473,3173765.65638761,12083,1095,CM-001,Calle tomas breton,D3-D4,S4,8,Unilateral,35,1,Columna,8,Viaria,VSBP,35,EM,NO,Noche entera,,,,,-,Cambio luminaria,PC-Ambar,PC-Ambar-49,EL,DP,Los Llanos de Aridane,35,,49,AVENIDA ENRIQUE MEDEROS 
214323.283918255,3173738.40051556,12084,1096,CM-001,Calle tomas breton,D3-D4,S4,8,Unilateral,35,1,Columna,8,Viaria,VSBP,35,EM,NO,Noche entera,,,,,-,Cambio luminaria,PC-Ambar,PC-Ambar-49,EL,DP,Los Llanos de Aridane,35,,49,AVENIDA ENRIQUE MEDEROS 
214316.996829631,3173709.28738436,12085,1097,CM-001,Calle tomas breton,D3-D4,S4,8,Unilateral,35,1,Columna,8,Viaria,VSBP,35,EM,NO,Noche entera,,,,,-,Cambio luminaria,PC-Ambar,PC-Ambar-49,EL,DP,Los Llanos de Aridane,35,,49,AVENIDA ENRIQUE MEDEROS 
214309.420897088,3173682.21275364,12086,1098,CM-001,Calle tomas breton,D3-D4,S4,8,Unilateral,35,1,Columna,8,Viaria,VSBP,35,EM,NO,Noche entera,,,,,-,Cambio luminaria,PC-Ambar,PC-Ambar-49,EL,DP,Los Llanos de Aridane,35,,49,AVENIDA ENRIQUE MEDEROS 
214302.445518379,3173650.6001805,12087,1099,CM-001,Calle tomas breton,D3-D4,S4,8,Unilateral,35,1,Columna,8,Viaria,VSBP,35,EM,NO,Noche entera,,,,,-,Cambio luminaria,PC-Ambar,PC-Ambar-49,EL,DP,Los Llanos de Aridane,35,,49,AVENIDA ENRIQUE MEDEROS 
214454.49774716,3173683.79186033,12088,1101,CM-001,Plaza enrique mederos,E1-E2,S4,,Indefinido,25,1,Columna,6,Artística,VSBP,18,EM,NO,Noche entera,BC,18,EM,NO,Noche entera,Cambio luminaria,PC-Ambar,PC-Ambar-49,EL,DP,Los Llanos de Aridane,18,18,49,AVENIDA ENRIQUE MEDEROS 
214461.870236092,3173709.82588034,12089,1100,CM-001,Plaza enrique mederos,E1-E2,S4,,Indefinido,25,1,Columna,6,Artística,VSBP,18,EM,NO,Noche entera,BC,18,EM,NO,Noche entera,Cambio luminaria,PC-Ambar,PC-Ambar-49,EL,DP,Los Llanos de Aridane,18,18,49,AVENIDA ENRIQUE MEDEROS 
214440.23887857,3173711.86987543,12090,1102,CM-001,Plaza enrique mederos,E1-E2,S4,,Indefinido,20,2,Brazo,6,Artística,VSBP,18,EM,NO,Noche entera,BC,18,EM,NO,Noche entera,Cambio luminaria,PC-Ambar,PC-Ambar-49,EL,DP,Los Llanos de Aridane,18,18,49,AVENIDA ENRIQUE MEDEROS 
214443.003385643,3173691.82890415,12091,1103,CM-001,Plaza enrique mederos,E1-E2,S4,,Indefinido,20,2,Brazo,6,Artística,VSBP,18,EM,NO,Noche entera,BC,18,EM,NO,Noche entera,Cambio luminaria,PC-Ambar,PC-Ambar-49,EL,DP,Los Llanos de Aridane,18,18,49,AVENIDA ENRIQUE MEDEROS 
214445.43985036,3173671.63115107,12092,1104,CM-001,Plaza enrique mederos,E1-E2,S4,,Indefinido,20,2,Brazo,6,Artística,VSBP,18,EM,NO,Noche entera,BC,18,EM,NO,Noche entera,Cambio luminaria,PC-Ambar,PC-Ambar-49,EL,DP,Los Llanos de Aridane,18,18,49,AVENIDA ENRIQUE MEDEROS 
214281.25706745,3173813.20751182,12093,1105,CM-001,Plaza enrique mederos,E1-E2,S4,,Indefinido,20,2,Brazo,6,Artística,VSBP,18,EM,NO,Noche entera,BC,18,EM,NO,Noche entera,Cambio luminaria,PC-Ambar,PC-Ambar-49,EL,DP,Los Llanos de Aridane,18,18,49,AVENIDA ENRIQUE MEDEROS 
214300.723064934,3173806.04776591,12094,1106,CM-001,Plaza enrique mederos,E1-E2,S4,,Indefinido,20,2,Brazo,6,Artística,VSBP,18,EM,NO,Noche entera,BC,18,EM,NO,Noche entera,Cambio luminaria,PC-Ambar,PC-Ambar-49,EL,DP,Los Llanos de Aridane,18,18,49,AVENIDA ENRIQUE MEDEROS 
214320.864933046,3173800.91441787,12095,1107,CM-001,Plaza enrique mederos,E1-E2,S4,,Indefinido,20,2,Brazo,6,Artística,VSBP,18,EM,NO,Noche entera,BC,18,EM,NO,Noche entera,Cambio luminaria,PC-Ambar,PC-Ambar-49,EL,DP,Los Llanos de Aridane,18,18,49,AVENIDA ENRIQUE MEDEROS 
214259.438284964,3173772.83638289,12096,1108,CM-001,Calle alfredo kraus,D3-D4,S4,8,Unilateral,20,1,Brazo,8,Viaria,VSBP,35,EM,NO,Noche entera,,,,,-,Cambio luminaria,PC-Ambar,PC-Ambar-32,EL,DP,Los Llanos de Aridane,35,,32,AVENIDA ENRIQUE MEDEROS 
214277.971658086,3173768.14875566,12097,1109,CM-001,Calle alfredo kraus,D3-D4,S4,8,Unilateral,20,1,Brazo,8,Viaria,VSBP,35,EM,NO,Noche entera,,,,,-,Cambio luminaria,PC-Ambar,PC-Ambar-32,EL,DP,Los Llanos de Aridane,35,,32,AVENIDA ENRIQUE MEDEROS 
214296.383645205,3173760.98226902,12098,1110,CM-001,Calle alfredo kraus,D3-D4,S4,8,Unilateral,20,1,Brazo,8,Viaria,VSBP,35,EM,NO,Noche entera,,,,,-,Cambio luminaria,PC-Ambar,PC-Ambar-32,EL,DP,Los Llanos de Aridane,35,,32,AVENIDA ENRIQUE MEDEROS 
214312.483750028,3173754.30873596,12099,1111,CM-001,Alfredo kraus,D3-D4,S4,8,Unilateral,20,1,Columna,8,Viaria,VSBP,35,EM,NO,Noche entera,,,,,-,Cambio luminaria,PC-Ambar,PC-Ambar-32,EL,DP,Los Llanos de Aridane,35,,32,AVENIDA ENRIQUE MEDEROS 
214219.268877664,3173690.40634112,12100,1112,CM-001,Alfredo kraus,D3-D4,S4,8,Unilateral,20,1,Columna,8,Viaria,VSBP,35,EM,NO,Noche entera,,,,,-,Cambio luminaria,PC-Ambar,PC-Ambar-32,EL,DP,Los Llanos de Aridane,35,,32,AVENIDA ENRIQUE MEDEROS 
214247.418184155,3173706.05553136,12101,1113,CM-001,Alfredo kraus,D3-D4,S4,8,Unilateral,20,1,Columna,8,Viaria,VSBP,35,EM,NO,Noche entera,,,,,-,Cambio luminaria,PC-Ambar,PC-Ambar-32,EL,DP,Los Llanos de Aridane,35,,32,AVENIDA ENRIQUE MEDEROS 
214249.438650478,3173675.01639866,12102,1114,CM-001,Alfredo kraus,D3-D4,S4,8,Unilateral,20,1,Columna,8,Viaria,VSBP,35,EM,NO,Noche entera,,,,,-,Cambio luminaria,PC-Ambar,PC-Ambar-32,EL,DP,Los Llanos de Aridane,35,,32,AVENIDA ENRIQUE MEDEROS 
214279.935060001,3173663.27491284,12103,1115,CM-001,Calle manuel de falla,D3-D4,S2,17,Unilateral,30,1,Columna,12,Viaria,VSBP,55,EM,NO,Noche entera,,,,,-,Cambio equipo,Viaria,VSBP-55,EL,NO,Los Llanos de Aridane,55,,55,AVENIDA ENRIQUE MEDEROS 
214281.313033203,3173921.46663911,12104,1125,CM-001,Calle armas,D3-D4,S4,7,Tresbolillo,40,1,Brazo,10,Viaria,VSBP,55,EM,NO,Noche entera,,,,,-,Cambio luminaria,PC-Ambar,PC-Ambar-80,EL,DP,Los Llanos de Aridane,55,,80,AVENIDA ENRIQUE MEDEROS 
214300.616410716,3173938.68274322,12105,1124,CM-001,Calle armas,D3-D4,S4,7,Tresbolillo,40,1,Brazo,10,Viaria,VSBP,55,EM,NO,Noche entera,,,,,-,Cambio luminaria,PC-Ambar,PC-Ambar-80,EL,DP,Los Llanos de Aridane,55,,80,AVENIDA ENRIQUE MEDEROS 
214294.181976365,3173962.53636134,12106,1123,CM-001,Calle armas,D3-D4,S4,7,Tresbolillo,40,1,Brazo,10,Viaria,VSBP,55,EM,NO,Noche entera,,,,,-,Cambio luminaria,PC-Ambar,PC-Ambar-80,EL,DP,Los Llanos de Aridane,55,,80,AVENIDA ENRIQUE MEDEROS 
214309.334077087,3173980.37470509,12107,1122,CM-001,Calle armas,D3-D4,S4,7,Tresbolillo,40,1,Brazo,10,Viaria,VSBP,55,EM,NO,Noche entera,,,,,-,Cambio luminaria,PC-Ambar,PC-Ambar-80,EL,DP,Los Llanos de Aridane,55,,80,AVENIDA ENRIQUE MEDEROS 
214302.484529949,3174003.81348356,12108,1121,CM-001,Calle armas,D3-D4,S4,7,Tresbolillo,40,1,Brazo,10,Viaria,VSBP,55,EM,NO,Noche entera,,,,,-,Cambio luminaria,PC-Ambar,PC-Ambar-80,EL,DP,Los Llanos de Aridane,55,,80,AVENIDA ENRIQUE MEDEROS 
214319.504675441,3174020.6147083,12109,1120,CM-001,Calle armas,D3-D4,S4,7,Tresbolillo,40,1,Brazo,10,Viaria,VSBP,55,EM,NO,Noche entera,,,,,-,Cambio luminaria,PC-Ambar,PC-Ambar-80,EL,DP,Los Llanos de Aridane,55,,80,AVENIDA ENRIQUE MEDEROS 
214311.522447457,3174048.22884063,12110,1119,CM-001,Calle armas,D3-D4,S4,7,Tresbolillo,40,1,Brazo,10,Viaria,VSBP,55,EM,NO,Noche entera,,,,,-,Cambio luminaria,PC-Ambar,PC-Ambar-80,EL,DP,Los Llanos de Aridane,55,,80,AVENIDA ENRIQUE MEDEROS 
214327.880571824,3174072.20446108,12111,1118,CM-001,Calle manuel de falla,D3-D4,S2,17,Unilateral,30,1,Columna,12,Viaria,VSBP,55,EM,NO,Noche entera,,,,,-,Cambio equipo,Viaria,VSBP-55,EL,NO,Los Llanos de Aridane,55,,55,AVENIDA ENRIQUE MEDEROS 
214323.518425182,3174096.18004183,12112,1117,CM-001,Calle manuel de falla,D3-D4,S2,17,Unilateral,30,1,Columna,12,Viaria,VSBP,55,EM,NO,Noche entera,,,,,-,Cambio equipo,Viaria,VSBP-55,EL,NO,Los Llanos de Aridane,55,,55,AVENIDA ENRIQUE MEDEROS 
214337.331889546,3174111.07401253,12113,1116,CM-001,Calle manuel de falla,D3-D4,S2,17,Unilateral,30,1,Columna,12,Viaria,VSBP,55,EM,NO,Noche entera,,,,,-,Cambio equipo,Viaria,VSBP-55,EL,NO,Los Llanos de Aridane,55,,55,AVENIDA ENRIQUE MEDEROS 
214423.091333578,3173893.75137616,12114,1129,CM-001,Calle salvador dali,D3-D4,S4,16,Tresbolillo,40,1,Columna,10,Viaria,VSBP,35,EM,NO,Noche entera,,,,,-,Cambio equipo,Viaria,VSBP-35,EL,NO,Los Llanos de Aridane,35,,35,AVENIDA ENRIQUE MEDEROS 
214430.402112393,3173912.33941218,12115,1128,CM-001,Calle armas,D3-D4,S4,7,Tresbolillo,40,1,Brazo,10,Viaria,VSBP,55,EM,NO,Noche entera,,,,,-,Cambio luminaria,PC-Ambar,PC-Ambar-80,EL,DP,Los Llanos de Aridane,55,,80,AVENIDA ENRIQUE MEDEROS 
214427.007103052,3173929.78036437,12116,1127,CM-001,Calle armas,D3-D4,S4,7,Tresbolillo,40,1,Brazo,10,Viaria,VSBP,55,EM,NO,Noche entera,,,,,-,Cambio luminaria,PC-Ambar,PC-Ambar-80,EL,DP,Los Llanos de Aridane,55,,80,AVENIDA ENRIQUE MEDEROS 
214430.797493362,3173951.85240381,12117,1126,CM-001,Calle armas,D3-D4,S4,7,Tresbolillo,40,1,Brazo,10,Viaria,VSBP,55,EM,NO,Noche entera,,,,,-,Cambio luminaria,PC-Ambar,PC-Ambar-80,EL,DP,Los Llanos de Aridane,55,,80,AVENIDA ENRIQUE MEDEROS 
220770.726058454,3192287.96994495,12586,1001,CM-001,"Calle los Machos (altura nº 5, 6, 7, 8, 9)",B1,ME5,5,Unilateral,32,1,Columna,6,Viaria con cierre vidrio plano (tipo I),VSBP,35,EM,NO,Noche entera,-,-,-,-,-,Cambio luminaria,PC Ámbar,PC Ámbar-49,EL,DP,Garafía,35,,49,Los Franceses 
220735.508930624,3192302.36465543,12587,1002,CM-001,"Calle los Machos (altura nº 5, 6, 7, 8, 9)",B1,ME5,5,Unilateral,32,1,Columna,6,Viaria con cierre vidrio plano (tipo I),VSBP,35,EM,NO,Noche entera,-,-,-,-,-,Cambio luminaria,PC Ámbar,PC Ámbar-49,EL,DP,Garafía,35,,49,Los Franceses 
220703.751405804,3192309.87278805,12588,1003,CM-001,"Calle los Machos (altura nº 5, 6, 7, 8, 9)",B1,ME5,5,Unilateral,32,1,Columna,6,Viaria con cierre vidrio plano (tipo I),VSBP,35,EM,NO,Noche entera,-,-,-,-,-,Cambio luminaria,PC Ámbar,PC Ámbar-49,EL,DP,Garafía,35,,49,Los Franceses 
220659.300891303,3192311.06751476,12589,1004,CM-001,"Calle los Machos (altura nº 5, 6, 7, 8, 9)",B1,ME5,5,Unilateral,32,1,Columna,6,Viaria con cierre vidrio plano (tipo I),VSBP,35,EM,NO,Noche entera,-,-,-,-,-,Cambio luminaria,PC Ámbar,PC Ámbar-49,EL,DP,Garafía,35,,49,Los Franceses 
220484.869609144,3192274.6684803,12590,1006,CM-001,Las Tierras (altura nº24),B2,ME5,3,Unilateral,65,1,Columna,6,Viaria con cierre vidrio plano (tipo I),VSBP,35,EM,NO,Noche entera,-,-,-,-,-,Cambio equipo,Viaria con cierre vidrio plano (tipo I),VSBP-35,EL,NO,Garafía,35,,35,Los Franceses 
220490.804663383,3192226.85097894,12591,1005,CM-001,Sendero entre Las Tierras (nº24) y Vía Franceses (nº35),B2,ME5,2,Otra,0,1,Columna,6,Viaria con cierre vidrio plano (tipo I),VSBP,35,EM,NO,Noche entera,-,-,-,-,-,Cambio luminaria,PC Ámbar,PC Ámbar-32,EL,DP,Garafía,35,,32,Los Franceses 
220494.68170616,3192117.74379349,12592,1010,CM-001,"Las Tierras (altura nº35,36,38)",B2,ME5,5,Unilateral,65,1,Columna,6,Viaria con cierre vidrio plano (tipo I),VSBP,35,EM,NO,Noche entera,-,-,-,-,-,Cambio equipo,Viaria con cierre vidrio plano (tipo I),VSBP-35,EL,NO,Garafía,35,,35,Los Franceses 
220471.871871503,3192042.71838135,12593,1011,CM-001,"Las Tierras (altura nº35,36,38)",B2,ME5,5,Unilateral,65,1,Columna,6,Viaria con cierre vidrio plano (tipo I),VSBP,35,EM,NO,Noche entera,-,-,-,-,-,Cambio equipo,Viaria con cierre vidrio plano (tipo I),VSBP-35,EL,NO,Garafía,35,,35,Los Franceses 
220545.872872606,3192227.39939431,12594,1007,CM-001,Las Tierras (altura nº24),B2,ME5,3,Unilateral,65,1,Columna,6,Viaria con cierre vidrio plano (tipo I),VSBP,35,EM,NO,Noche entera,-,-,-,-,-,Cambio equipo,Viaria con cierre vidrio plano (tipo I),VSBP-35,EL,NO,Garafía,35,,35,Los Franceses 
220402.399809701,3192118.55523682,12595,1012,CM-001,"Las Tierras (altura nº35,36,38)",B2,ME5,5,Unilateral,65,1,Columna,6,Viaria con cierre vidrio plano (tipo I),VSBP,35,EM,NO,Noche entera,-,-,-,-,-,Cambio equipo,Viaria con cierre vidrio plano (tipo I),VSBP-35,EL,NO,Garafía,35,,35,Los Franceses 
220554.283056191,3192071.06079298,12596,1009,CM-001,Calle la Fajana,B2,ME5,3,Unilateral,70,1,Columna,6,Viaria con cierre vidrio plano (tipo I),VSBP,35,EM,NO,Noche entera,-,-,-,-,-,Cambio equipo,Viaria con cierre vidrio plano (tipo I),VSBP-35,EL,NO,Garafía,35,,35,Los Franceses 
220641.907552086,3192070.62271149,12597,1008,CM-001,Calle la Fajana,B2,ME5,3,Unilateral,70,1,Columna,6,Viaria con cierre vidrio plano (tipo I),VSBP,35,EM,NO,Noche entera,-,-,-,-,-,Cambio equipo,Viaria con cierre vidrio plano (tipo I),VSBP-35,EL,NO,Garafía,35,,35,Los Franceses 
220728.944349934,3192201.77960602,12598,1020,CM-001,Vía Franceses (LP-110)(altura Los Machines - Las Tierras),B1,ME4b,7,Unilateral,80,1,Columna,6,Viaria con cierre vidrio plano (tipo I),VSBP,35,EM,NO,Noche entera,-,-,-,-,-,Cambio equipo,Viaria con cierre vidrio plano (tipo I),VSBP-35,EL,NO,Garafía,35,,35,Los Franceses 
220366.472147262,3192096.05938825,12599,1013,CM-001,Vía Franceses (LP-110)(altura Los Machines - Las Tierras),B1,ME4b,7,Unilateral,80,1,Columna,6,Viaria con cierre vidrio plano (tipo I),VSBP,35,EM,NO,Noche entera,-,-,-,-,-,Cambio equipo,Viaria con cierre vidrio plano (tipo I),VSBP-35,EL,NO,Garafía,35,,35,Los Franceses 
220462.263643379,3191980.33039764,12600,1014,CM-001,Vía Franceses (LP-110)(altura Los Machines - Las Tierras),B1,ME4b,7,Unilateral,80,1,Columna,6,Viaria con cierre vidrio plano (tipo I),VSBP,35,EM,NO,Noche entera,-,-,-,-,-,Cambio equipo,Viaria con cierre vidrio plano (tipo I),VSBP-35,EL,NO,Garafía,35,,35,Los Franceses 
220496.781664397,3191961.97822723,12601,1015,CM-001,Vía Franceses (LP-110)(altura Los Machines - Las Tierras),B1,ME4b,7,Unilateral,80,1,Columna,6,Viaria con cierre vidrio plano (tipo I),VSBP,35,EM,NO,Noche entera,-,-,-,-,-,Cambio equipo,Viaria con cierre vidrio plano (tipo I),VSBP-35,EL,NO,Garafía,35,,35,Los Franceses 
220582.426572426,3191968.23891599,12602,1016,CM-001,Vía Franceses (LP-110)(altura Los Machines - Las Tierras),B1,ME4b,7,Unilateral,80,1,Columna,6,Viaria con cierre vidrio plano (tipo I),VSBP,35,EM,NO,Noche entera,-,-,-,-,-,Cambio equipo,Viaria con cierre vidrio plano (tipo I),VSBP-35,EL,NO,Garafía,35,,35,Los Franceses 
220656.393958864,3191980.76790422,12603,1017,CM-001,Vía Franceses (LP-110)(altura Los Machines - Las Tierras),B1,ME4b,7,Unilateral,80,1,Columna,6,Viaria con cierre vidrio plano (tipo I),VSBP,35,EM,NO,Noche entera,-,-,-,-,-,Cambio equipo,Viaria con cierre vidrio plano (tipo I),VSBP-35,EL,NO,Garafía,35,,35,Los Franceses 
220669.388573492,3192012.54846863,12604,1018,CM-001,Vía Franceses (LP-110)(altura Los Machines - Las Tierras),B1,ME4b,7,Unilateral,80,1,Columna,6,Viaria con cierre vidrio plano (tipo I),VSBP,35,EM,NO,Noche entera,-,-,-,-,-,Cambio equipo,Viaria con cierre vidrio plano (tipo I),VSBP-35,EL,NO,Garafía,35,,35,Los Franceses 
220696.55357787,3192196.80824776,12605,1019,CM-001,Vía Franceses (LP-110)(altura Los Machines - Las Tierras),B1,ME4b,7,Unilateral,80,1,Columna,6,Viaria con cierre vidrio plano (tipo I),VSBP,35,EM,NO,Noche entera,-,-,-,-,-,Cambio equipo,Viaria con cierre vidrio plano (tipo I),VSBP-35,EL,NO,Garafía,35,,35,Los Franceses 
220752.348188525,3192178.53538757,12606,1021,CM-001,Vía Franceses (LP-110)(altura Los Machines - Las Tierras),B1,ME4b,7,Unilateral,80,1,Columna,6,Viaria con cierre vidrio plano (tipo I),VSBP,35,EM,NO,Noche entera,-,-,-,-,-,Cambio equipo,Viaria con cierre vidrio plano (tipo I),VSBP-35,EL,NO,Garafía,35,,35,Los Franceses 
220772.718814748,3192113.51360385,12607,1022,CM-001,Vía Franceses (LP-110)(altura Los Machines - Las Tierras),B1,ME4b,7,Unilateral,80,1,Columna,6,Viaria con cierre vidrio plano (tipo I),VSBP,35,EM,NO,Noche entera,-,-,-,-,-,Cambio equipo,Viaria con cierre vidrio plano (tipo I),VSBP-35,EL,NO,Garafía,35,,35,Los Franceses 
220782.890987886,3192071.17478824,12608,1023,CM-001,Vía Franceses (LP-110)(altura Los Machines - Las Tierras),B1,ME4b,7,Unilateral,80,1,Columna,6,Viaria con cierre vidrio plano (tipo I),VSBP,35,EM,NO,Noche entera,-,-,-,-,-,Cambio equipo,Viaria con cierre vidrio plano (tipo I),VSBP-35,EL,NO,Garafía,35,,35,Los Franceses 
220798.7143613,3192040.1263034,12609,1024,CM-001,Vía Franceses (LP-110)(altura Los Machines - Las Tierras),B1,ME4b,7,Unilateral,80,1,Columna,6,Viaria con cierre vidrio plano (tipo I),VSBP,35,EM,NO,Noche entera,-,-,-,-,-,Cambio equipo,Viaria con cierre vidrio plano (tipo I),VSBP-35,EL,NO,Garafía,35,,35,Los Franceses 
220817.92848015,3192013.5939837,12610,1025,CM-001,Vía Franceses (LP-110)(altura Los Machines - Las Tierras),B1,ME4b,7,Unilateral,80,1,Columna,6,Viaria con cierre vidrio plano (tipo I),VSBP,35,EM,NO,Noche entera,-,-,-,-,-,Cambio equipo,Viaria con cierre vidrio plano (tipo I),VSBP-35,EL,NO,Garafía,35,,35,Los Franceses 
220832.676586618,3192087.61182364,12611,1026,CM-001,Vía Franceses (LP-110)(altura Los Machines - Las Tierras),B1,ME4b,7,Unilateral,80,1,Columna,6,Viaria con cierre vidrio plano (tipo I),VSBP,35,EM,NO,Noche entera,-,-,-,-,-,Cambio equipo,Viaria con cierre vidrio plano (tipo I),VSBP-35,EL,NO,Garafía,35,,35,Los Franceses 
220854.736584128,3192134.01196838,12612,1027,CM-001,Vía Franceses (LP-110)(altura Los Machines - Las Tierras),B1,ME4b,7,Unilateral,80,1,Columna,6,Viaria con cierre vidrio plano (tipo I),VSBP,35,EM,NO,Noche entera,-,-,-,-,-,Cambio equipo,Viaria con cierre vidrio plano (tipo I),VSBP-35,EL,NO,Garafía,35,,35,Los Franceses 
220882.427503398,3192163.36687761,12613,1028,CM-001,Vía Franceses (LP-110)(altura Los Machines - Las Tierras),B1,ME4b,7,Unilateral,80,1,Columna,6,Viaria con cierre vidrio plano (tipo I),VSBP,35,EM,NO,Noche entera,-,-,-,-,-,Cambio equipo,Viaria con cierre vidrio plano (tipo I),VSBP-35,EL,NO,Garafía,35,,35,Los Franceses 
220919.171739512,3192229.85435354,12614,1029,CM-001,Vía Franceses (LP-110)(altura Los Machines - Las Tierras),B1,ME4b,7,Unilateral,80,1,Columna,6,Viaria con cierre vidrio plano (tipo I),VSBP,35,EM,NO,Noche entera,-,-,-,-,-,Cambio equipo,Viaria con cierre vidrio plano (tipo I),VSBP-35,EL,NO,Garafía,35,,35,Los Franceses 
221054.638318035,3192123.50020277,12615,1030,CM-001,Vía Franceses (LP-110)(altura Los Machines - Las Tierras),B1,ME4b,7,Unilateral,80,1,Columna,6,Viaria con cierre vidrio plano (tipo I),VSBP,35,EM,NO,Noche entera,-,-,-,-,-,Cambio equipo,Viaria con cierre vidrio plano (tipo I),VSBP-35,EL,NO,Garafía,35,,35,Los Franceses 
221056.20361763,3192046.23891174,12616,1031,CM-001,Vía Franceses (LP-110)(altura Los Machines - Las Tierras),B1,ME4b,7,Unilateral,80,1,Columna,6,Viaria con cierre vidrio plano (tipo I),VSBP,35,EM,NO,Noche entera,-,-,-,-,-,Cambio equipo,Viaria con cierre vidrio plano (tipo I),VSBP-35,EL,NO,Garafía,35,,35,Los Franceses 
221104.05808216,3192049.30258024,12617,1032,CM-001,Vía Franceses (LP-110)(altura Los Machines - Las Tierras),B1,ME4b,7,Unilateral,80,1,Columna,6,Viaria con cierre vidrio plano (tipo I),VSBP,35,EM,NO,Noche entera,-,-,-,-,-,Cambio equipo,Viaria con cierre vidrio plano (tipo I),VSBP-35,EL,NO,Garafía,35,,35,Los Franceses 
220963.797939459,3192242.11181995,12618,1033,CM-001,Los Franceses (camino desde instituto hasta cementerio),B2,ME5,"3,5",Unilateral,40,1,Columna,6,Viaria con cierre vidrio plano (tipo I),VSBP,35,EM,NO,Noche entera,-,-,-,-,-,Cambio luminaria,PC Ámbar,PC Ámbar-49,EL,DP,Garafía,35,,49,Los Franceses 
220928.379135207,3192192.63314118,12619,1034,CM-001,Los Franceses (camino desde instituto hasta cementerio),B2,ME5,"3,5",Unilateral,40,1,Columna,6,Viaria con cierre vidrio plano (tipo I),VSBP,35,EM,NO,Noche entera,-,-,-,-,-,Cambio luminaria,PC Ámbar,PC Ámbar-49,EL,DP,Garafía,35,,49,Los Franceses 
220913.504556475,3192153.98984764,12620,1035,CM-001,Los Franceses (camino desde instituto hasta cementerio),B2,ME5,"3,5",Unilateral,40,1,Columna,6,Viaria con cierre vidrio plano (tipo I),VSBP,35,EM,NO,Noche entera,-,-,-,-,-,Cambio luminaria,PC Ámbar,PC Ámbar-49,EL,DP,Garafía,35,,49,Los Franceses 
220910.875108375,3192108.63691532,12621,1036,CM-001,Los Franceses (camino desde instituto hasta cementerio),B2,ME5,"3,5",Unilateral,40,1,Columna,6,Viaria con cierre vidrio plano (tipo I),VSBP,35,EM,NO,Noche entera,-,-,-,-,-,Cambio luminaria,PC Ámbar,PC Ámbar-49,EL,DP,Garafía,35,,49,Los Franceses 
220894.530242179,3192086.75266157,12622,1037,CM-001,Los Franceses (camino desde instituto hasta cementerio),B2,ME5,"3,5",Unilateral,40,1,Columna,6,Viaria con cierre vidrio plano (tipo I),VSBP,35,EM,NO,Noche entera,-,-,-,-,-,Cambio luminaria,PC Ámbar,PC Ámbar-49,EL,DP,Garafía,35,,49,Los Franceses 
220882.62908831,3192062.16745284,12623,1038,CM-001,Los Franceses (camino desde instituto hasta cementerio),B2,ME5,"3,5",Unilateral,40,1,Columna,6,Viaria con cierre vidrio plano (tipo I),VSBP,35,EM,NO,Noche entera,-,-,-,-,-,Cambio luminaria,PC Ámbar,PC Ámbar-49,EL,DP,Garafía,35,,49,Los Franceses 
220885.964052024,3191995.52149336,12624,1039,CM-001,Los Franceses (camino desde instituto hasta cementerio),B2,ME5,"3,5",Unilateral,40,1,Columna,6,Viaria con cierre vidrio plano (tipo I),VSBP,35,EM,NO,Noche entera,-,-,-,-,-,Cambio luminaria,PC Ámbar,PC Ámbar-49,EL,DP,Garafía,35,,49,Los Franceses 
220897.856740717,3191933.80667461,12625,1040,CM-001,Los Franceses (camino desde instituto hasta cementerio),B2,ME5,"3,5",Unilateral,40,1,Columna,6,Viaria con cierre vidrio plano (tipo I),VSBP,35,EM,NO,Noche entera,-,-,-,-,-,Cambio luminaria,PC Ámbar,PC Ámbar-49,EL,DP,Garafía,35,,49,Los Franceses 
220876.563157551,3191838.78186635,12626,1041,CM-001,Los Franceses (camino desde instituto hasta cementerio),B2,ME5,"3,5",Unilateral,40,1,Columna,6,Viaria con cierre vidrio plano (tipo I),VSBP,35,EM,NO,Noche entera,-,-,-,-,-,Cambio luminaria,PC Ámbar,PC Ámbar-49,EL,DP,Garafía,35,,49,Los Franceses 
220867.643893726,3191762.75192322,12627,1042,CM-001,Los Franceses (camino desde instituto hasta cementerio),B2,ME5,"3,5",Unilateral,40,1,Columna,6,Viaria con cierre vidrio plano (tipo I),VSBP,35,EM,NO,Noche entera,-,-,-,-,-,Cambio luminaria,PC Ámbar,PC Ámbar-49,EL,DP,Garafía,35,,49,Los Franceses 
221006.317321199,3192335.99187271,12628,1043,CM-001,Los Machines (plaza de la Iglesia),E1-E2,S4,0,Unilateral,13,1,Brazo,6,Artística con Reflector tipo Villa,VSBP,35,EM,NO,Noche entera,-,-,-,-,-,Cambio luminaria,PC Ámbar,PC Ámbar-32,EL,DP,Garafía,35,,32,Los Franceses 
221011.693908621,3192344.97580107,12629,1044,CM-001,Los Machines (plaza de la Iglesia),E1-E2,S4,0,Unilateral,13,1,Brazo,6,Artística con Reflector tipo Villa,VSBP,35,EM,NO,Noche entera,-,-,-,-,-,Cambio luminaria,PC Ámbar,PC Ámbar-32,EL,DP,Garafía,35,,32,Los Franceses 
221027.237109959,3192335.40595721,12630,1045,CM-001,Los Machines (plaza de la Iglesia),E1-E2,S4,0,Unilateral,13,1,Brazo,6,Artística con Reflector tipo Villa,VSBP,35,EM,NO,Noche entera,-,-,-,-,-,Cambio luminaria,PC Ámbar,PC Ámbar-32,EL,DP,Garafía,35,,32,Los Franceses 
221015.53893081,3192357.40333135,12631,1046,CM-001,Los Machines (desde la iglesia hasta nº 5 y 6),D3-D4,S4,3,Unilateral,32,1,Columna,6,Viaria con cierre vidrio plano (tipo I),VSBP,35,EM,NO,Noche entera,-,-,-,-,-,Cambio luminaria,PC Ámbar,PC Ámbar-32,EL,DP,Garafía,35,,32,Los Franceses 
221024.365646252,3192383.67480613,12632,1047,CM-001,Los Machines (desde la iglesia hasta nº 5 y 6),D3-D4,S4,3,Unilateral,32,1,Columna,6,Viaria con cierre vidrio plano (tipo I),VSBP,35,EM,NO,Noche entera,-,-,-,-,-,Cambio luminaria,PC Ámbar,PC Ámbar-32,EL,DP,Garafía,35,,32,Los Franceses 
220994.794194319,3192301.09006667,12633,1048,CM-001,"Los Machines (altura nº 14, 15)",D3-D4,S4,5,Unilateral,9,1,Columna,6,Artística con Reflector tipo Villa,VSBP,35,EM,NO,Noche entera,-,-,-,-,-,Cambio luminaria,PC Ámbar,PC Ámbar-32,EL,DP,Garafía,35,,32,Los Franceses 
220989.906249742,3192287.20486554,12634,1049,CM-001,"Los Machines (altura nº 14, 15)",D3-D4,S4,5,Unilateral,9,1,Columna,6,Artística con Reflector tipo Villa,VSBP,35,EM,NO,Noche entera,-,-,-,-,-,Cambio luminaria,PC Ámbar,PC Ámbar-32,EL,DP,Garafía,35,,32,Los Franceses 
220954.829527067,3192273.79506029,12635,1050,CM-001,Vía Los Franceses,B1,ME4b,"7,5",Unilateral,27,1,Columna,6,Artística con Reflector tipo Villa,VSBP,35,EM,NO,Noche entera,-,-,-,-,-,Cambio equipo,Artística con Reflector tipo Villa,VSBP-35,EL,NO,Garafía,35,,35,Los Franceses 
221005.557160976,3192265.0327461,12636,1051,CM-001,Vía Los Franceses,B1,ME4b,"7,5",Unilateral,27,1,Columna,6,Artística con Reflector tipo Villa,VSBP,35,EM,NO,Noche entera,-,-,-,-,-,Cambio equipo,Artística con Reflector tipo Villa,VSBP-35,EL,NO,Garafía,35,,35,Los Franceses 
221048.412812381,3192254.64080818,12637,1052,CM-001,Vía Los Franceses,B1,ME4b,"7,5",Unilateral,27,1,Columna,6,Artística con Reflector tipo Villa,VSBP,35,EM,NO,Noche entera,-,-,-,-,-,Cambio equipo,Artística con Reflector tipo Villa,VSBP-35,EL,NO,Garafía,35,,35,Los Franceses 
221069.428497695,3192245.53488938,12638,1053,CM-001,Vía Los Franceses,B1,ME4b,"7,5",Unilateral,27,1,Columna,6,Artística con Reflector tipo Villa,VSBP,35,EM,NO,Noche entera,-,-,-,-,-,Cambio equipo,Artística con Reflector tipo Villa,VSBP-35,EL,NO,Garafía,35,,35,Los Franceses 
221079.812805629,3192213.76691824,12639,1054,CM-001,Vía Los Franceses,B1,ME4b,"7,5",Unilateral,27,1,Columna,6,Artística con Reflector tipo Villa,VSBP,35,EM,NO,Noche entera,-,-,-,-,-,Cambio equipo,Artística con Reflector tipo Villa,VSBP-35,EL,NO,Garafía,35,,35,Los Franceses 
221098.22052165,3192254.73473754,12640,1057,CM-001,"Los Machines (altura nº 11, 12, 17, 19, 21, 22, 23, 25, 37)",D3-D4,S4,"3,5",Unilateral,44,1,Columna,6,Viaria con cierre vidrio plano (tipo I),VSBP,35,EM,NO,Noche entera,-,-,-,-,-,Cambio luminaria,PC Ámbar,PC Ámbar-49,EL,DP,Garafía,35,,49,Los Franceses 
221111.273381744,3192291.71136673,12641,1056,CM-001,"Los Machines (altura nº 11, 12, 17, 19, 21, 22, 23, 25, 37)",D3-D4,S4,"3,5",Unilateral,44,1,Columna,6,Viaria con cierre vidrio plano (tipo I),VSBP,35,EM,NO,Noche entera,-,-,-,-,-,Cambio luminaria,PC Ámbar,PC Ámbar-49,EL,DP,Garafía,35,,49,Los Franceses 
221050.254240981,3192169.30378248,12642,1058,CM-001,"Los Machines (altura nº 11, 12, 17, 19, 21, 22, 23, 25, 37)",D3-D4,S4,"3,5",Unilateral,44,1,Columna,6,Viaria con cierre vidrio plano (tipo I),VSBP,35,EM,NO,Noche entera,-,-,-,-,-,Cambio luminaria,PC Ámbar,PC Ámbar-49,EL,DP,Garafía,35,,49,Los Franceses 
221035.35066586,3192136.31733047,12643,1059,CM-001,"Los Machines (altura nº 11, 12, 17, 19, 21, 22, 23, 25, 37)",D3-D4,S4,"3,5",Unilateral,44,1,Columna,6,Viaria con cierre vidrio plano (tipo I),VSBP,35,EM,NO,Noche entera,-,-,-,-,-,Cambio luminaria,PC Ámbar,PC Ámbar-49,EL,DP,Garafía,35,,49,Los Franceses 
221007.270032603,3192094.71658991,12644,1060,CM-001,"Los Machines (altura nº 11, 12, 17, 19, 21, 22, 23, 25, 37)",D3-D4,S4,"3,5",Unilateral,44,1,Columna,6,Viaria con cierre vidrio plano (tipo I),VSBP,35,EM,NO,Noche entera,-,-,-,-,-,Cambio luminaria,PC Ámbar,PC Ámbar-49,EL,DP,Garafía,35,,49,Los Franceses 
221127.23207164,3192003.26947452,12645,1061,CM-001,Vía Los Franceses (LP-110)(Altura Los Castros),B1,ME4b,7,Unilateral,80,1,Columna,6,Viaria con cierre vidrio plano (tipo I),VSBP,35,EM,NO,Noche entera,-,-,-,-,-,Cambio equipo,Viaria con cierre vidrio plano (tipo I),VSBP-35,EL,NO,Garafía,35,,35,Los Franceses 
221173.44043836,3191959.92004911,12646,1062,CM-001,Vía Los Franceses (LP-110)(Altura Los Castros),B1,ME4b,7,Unilateral,80,1,Columna,6,Viaria con cierre vidrio plano (tipo I),VSBP,35,EM,NO,Noche entera,-,-,-,-,-,Cambio equipo,Viaria con cierre vidrio plano (tipo I),VSBP-35,EL,NO,Garafía,35,,35,Los Franceses 
221201.165534199,3191986.41135855,12647,1063,CM-001,Vía Los Franceses (LP-110)(Altura Los Castros),B1,ME4b,7,Unilateral,80,1,Columna,6,Viaria con cierre vidrio plano (tipo I),VSBP,35,EM,NO,Noche entera,-,-,-,-,-,Cambio equipo,Viaria con cierre vidrio plano (tipo I),VSBP-35,EL,NO,Garafía,35,,35,Los Franceses 
221200.361847807,3192023.74002435,12648,1064,CM-001,Vía Los Franceses (LP-110)(Altura Los Castros),B1,ME4b,7,Unilateral,80,1,Columna,6,Viaria con cierre vidrio plano (tipo I),VSBP,35,EM,NO,Noche entera,-,-,-,-,-,Cambio equipo,Viaria con cierre vidrio plano (tipo I),VSBP-35,EL,NO,Garafía,35,,35,Los Franceses 
221246.227564393,3192092.96880848,12649,1065,CM-001,Vía Los Franceses (LP-110)(Altura Los Castros),B1,ME4b,7,Unilateral,80,1,Columna,6,Viaria con cierre vidrio plano (tipo I),VSBP,35,EM,NO,Noche entera,-,-,-,-,-,Cambio equipo,Viaria con cierre vidrio plano (tipo I),VSBP-35,EL,NO,Garafía,35,,35,Los Franceses 
221279.592678896,3192155.22642449,12650,1066,CM-001,Vía Los Franceses (LP-110)(Altura Los Castros),B1,ME4b,7,Unilateral,80,1,Columna,6,Viaria con cierre vidrio plano (tipo I),VSBP,35,EM,NO,Noche entera,-,-,-,-,-,Cambio equipo,Viaria con cierre vidrio plano (tipo I),VSBP-35,EL,NO,Garafía,35,,35,Los Franceses 
221300.085102585,3192176.90110982,12651,1067,CM-001,Vía Los Franceses (LP-110)(Altura Los Castros),B1,ME4b,7,Unilateral,80,1,Columna,6,Viaria con cierre vidrio plano (tipo I),VSBP,35,EM,NO,Noche entera,-,-,-,-,-,Cambio equipo,Viaria con cierre vidrio plano (tipo I),VSBP-35,EL,NO,Garafía,35,,35,Los Franceses 
221372.465142068,3192224.37340713,12652,1068,CM-001,Vía Los Franceses (LP-110)(Altura Los Castros),B1,ME4b,7,Unilateral,80,1,Columna,6,Viaria con cierre vidrio plano (tipo I),VSBP,35,EM,NO,Noche entera,-,-,-,-,-,Cambio equipo,Viaria con cierre vidrio plano (tipo I),VSBP-35,EL,NO,Garafía,35,,35,Los Franceses 
221417.927057098,3192156.01402394,12653,1069,CM-001,Vía Los Franceses (LP-110)(Altura Los Castros),B1,ME4b,7,Unilateral,80,1,Columna,6,Viaria con cierre vidrio plano (tipo I),VSBP,35,EM,NO,Noche entera,-,-,-,-,-,Cambio equipo,Viaria con cierre vidrio plano (tipo I),VSBP-35,EL,NO,Garafía,35,,35,Los Franceses 
221479.829798046,3192112.97891009,12654,1070,CM-001,Vía Los Franceses (LP-110)(Altura Los Castros),B1,ME4b,7,Unilateral,80,1,Columna,6,Viaria con cierre vidrio plano (tipo I),VSBP,35,EM,NO,Noche entera,-,-,-,-,-,Cambio equipo,Viaria con cierre vidrio plano (tipo I),VSBP-35,EL,NO,Garafía,35,,35,Los Franceses 
221472.631934197,3192019.87276843,12655,1071,CM-001,Vía Los Franceses (LP-110)(Altura Los Castros),B1,ME4b,7,Unilateral,80,1,Columna,6,Viaria con cierre vidrio plano (tipo I),VSBP,35,EM,NO,Noche entera,-,-,-,-,-,Cambio equipo,Viaria con cierre vidrio plano (tipo I),VSBP-35,EL,NO,Garafía,35,,35,Los Franceses 
221489.775811988,3191926.36388857,12656,1072,CM-001,Vía Los Franceses (LP-110)(Altura Los Castros),B1,ME4b,7,Unilateral,80,1,Columna,6,Viaria con cierre vidrio plano (tipo I),VSBP,35,EM,NO,Noche entera,-,-,-,-,-,Cambio equipo,Viaria con cierre vidrio plano (tipo I),VSBP-35,EL,NO,Garafía,35,,35,Los Franceses 
221413.83382835,3192295.38287945,12657,1073,CM-001,"Los Castros (Altura nº 31, 32, 33, 34, 35, 36, 37, 38a, 39, 41, 43, 44, 55, 56)",B2,ME5,3,Otra,0,1,Columna,6,Viaria con cierre vidrio plano (tipo I),VSBP,35,EM,NO,Noche entera,-,-,-,-,-,Cambio luminaria,PC Ámbar,PC Ámbar-32,EL,DP,Garafía,35,,32,Los Franceses 
221585.436982288,3192404.19887736,12658,1074,CM-001,"Los Castros (Altura nº 31, 32, 33, 34, 35, 36, 37, 38a, 39, 41, 43, 44, 55, 56)",B2,ME5,3,Otra,0,1,Columna,6,Viaria con cierre vidrio plano (tipo I),VSBP,35,EM,NO,Noche entera,-,-,-,-,-,Cambio luminaria,PC Ámbar,PC Ámbar-32,EL,DP,Garafía,35,,32,Los Franceses 
221588.502702849,3192348.46150832,12659,1075,CM-001,"Los Castros (Altura nº 31, 32, 33, 34, 35, 36, 37, 38a, 39, 41, 43, 44, 55, 56)",B2,ME5,3,Otra,0,1,Columna,6,Viaria con cierre vidrio plano (tipo I),VSBP,35,EM,NO,Noche entera,-,-,-,-,-,Cambio luminaria,PC Ámbar,PC Ámbar-32,EL,DP,Garafía,35,,32,Los Franceses 
221557.232340512,3192221.55177578,12660,1076,CM-001,"Los Castros (Altura nº 31, 32, 33, 34, 35, 36, 37, 38a, 39, 41, 43, 44, 55, 56)",B2,ME5,3,Otra,0,1,Columna,6,Viaria con cierre vidrio plano (tipo I),VSBP,35,EM,NO,Noche entera,-,-,-,-,-,Cambio luminaria,PC Ámbar,PC Ámbar-32,EL,DP,Garafía,35,,32,Los Franceses 
221535.634074165,3192198.72716076,12661,1077,CM-001,"Los Castros (Altura nº 31, 32, 33, 34, 35, 36, 37, 38a, 39, 41, 43, 44, 55, 56)",B2,ME5,3,Otra,0,1,Columna,6,Viaria con cierre vidrio plano (tipo I),VSBP,35,EM,NO,Noche entera,-,-,-,-,-,Cambio luminaria,PC Ámbar,PC Ámbar-32,EL,DP,Garafía,35,,32,Los Franceses 
221508.486442349,3192166.28887183,12662,1078,CM-001,"Los Castros (Altura nº 31, 32, 33, 34, 35, 36, 37, 38a, 39, 41, 43, 44, 55, 56)",B2,ME5,3,Otra,0,1,Columna,6,Viaria con cierre vidrio plano (tipo I),VSBP,35,EM,NO,Noche entera,-,-,-,-,-,Cambio luminaria,PC Ámbar,PC Ámbar-32,EL,DP,Garafía,35,,32,Los Franceses 
221439.710988773,3192105.74142171,12663,1079,CM-001,"Los Castros (Altura nº 31, 32, 33, 34, 35, 36, 37, 38a, 39, 41, 43, 44, 55, 56)",B2,ME5,3,Otra,0,1,Columna,6,Viaria con cierre vidrio plano (tipo I),VSBP,35,EM,NO,Noche entera,-,-,-,-,-,Cambio luminaria,PC Ámbar,PC Ámbar-32,EL,DP,Garafía,35,,32,Los Franceses 
221418.294091992,3192079.84708796,12664,1080,CM-001,"Los Castros (Altura nº 31, 32, 33, 34, 35, 36, 37, 38a, 39, 41, 43, 44, 55, 56)",B2,ME5,3,Otra,0,1,Columna,6,Viaria con cierre vidrio plano (tipo I),VSBP,35,EM,NO,Noche entera,-,-,-,-,-,Cambio luminaria,PC Ámbar,PC Ámbar-32,EL,DP,Garafía,35,,32,Los Franceses 
221391.4391405,3192038.13867495,12665,1081,CM-001,"Los Castros (Altura nº 31, 32, 33, 34, 35, 36, 37, 38a, 39, 41, 43, 44, 55, 56)",B2,ME5,3,Otra,0,1,Columna,6,Viaria con cierre vidrio plano (tipo I),VSBP,35,EM,NO,Noche entera,-,-,-,-,-,Cambio luminaria,PC Ámbar,PC Ámbar-32,EL,DP,Garafía,35,,32,Los Franceses 
221368.979700364,3192002.80541257,12666,1082,CM-001,"Los Castros (Altura nº 31, 32, 33, 34, 35, 36, 37, 38a, 39, 41, 43, 44, 55, 56)",B2,ME5,3,Otra,0,1,Columna,6,Viaria con cierre vidrio plano (tipo I),VSBP,35,EM,NO,Noche entera,-,-,-,-,-,Cambio luminaria,PC Ámbar,PC Ámbar-32,EL,DP,Garafía,35,,32,Los Franceses 
221351.661970589,3191969.33510527,12667,1083,CM-001,"Los Castros (Altura nº 31, 32, 33, 34, 35, 36, 37, 38a, 39, 41, 43, 44, 55, 56)",B2,ME5,3,Otra,0,1,Columna,6,Viaria con cierre vidrio plano (tipo I),VSBP,35,EM,NO,Noche entera,-,-,-,-,-,Cambio luminaria,PC Ámbar,PC Ámbar-32,EL,DP,Garafía,35,,32,Los Franceses 
221306.332150219,3191876.93320111,12668,1084,CM-001,"Los Castros (Altura nº 31, 32, 33, 34, 35, 36, 37, 38a, 39, 41, 43, 44, 55, 56)",B2,ME5,3,Otra,0,1,Columna,6,Viaria con cierre vidrio plano (tipo I),VSBP,35,EM,NO,Noche entera,-,-,-,-,-,Cambio luminaria,PC Ámbar,PC Ámbar-32,EL,DP,Garafía,35,,32,Los Franceses 
221700.072277367,3192144.04811908,12669,1088,CM-001,"Calle Los Herreros (altura nº3, 4, 8, 9, 11, 12)",B2,ME5,3,Unilateral,65,1,Columna,6,Viaria con cierre vidrio plano (tipo I),VSBP,35,EM,NO,Noche entera,-,-,-,-,-,Cambio equipo,Viaria con cierre vidrio plano (tipo I),VSBP-35,EL,NO,Garafía,35,,35,Los Franceses 
221716.696178528,3192198.02169133,12670,1087,CM-001,"Calle Los Herreros (altura nº3, 4, 8, 9, 11, 12)",B2,ME5,3,Unilateral,65,1,Columna,6,Viaria con cierre vidrio plano (tipo I),VSBP,35,EM,NO,Noche entera,-,-,-,-,-,Cambio equipo,Viaria con cierre vidrio plano (tipo I),VSBP-35,EL,NO,Garafía,35,,35,Los Franceses 
221570.902463596,3192019.92106088,12671,1086,CM-001,"Calle Los Herreros (altura nº3, 4, 8, 9, 11, 12)",B2,ME5,3,Unilateral,65,1,Columna,6,Viaria con cierre vidrio plano (tipo I),VSBP,35,EM,NO,Noche entera,-,-,-,-,-,Cambio equipo,Viaria con cierre vidrio plano (tipo I),VSBP-35,EL,NO,Garafía,35,,35,Los Franceses 
221666.046942261,3192056.87222976,12672,1089,CM-001,"Calle Los Herreros (altura nº3, 4, 8, 9, 11, 12)",B2,ME5,3,Unilateral,65,1,Columna,6,Viaria con cierre vidrio plano (tipo I),VSBP,35,EM,NO,Noche entera,-,-,-,-,-,Cambio equipo,Viaria con cierre vidrio plano (tipo I),VSBP-35,EL,NO,Garafía,35,,35,Los Franceses 
221654.239473893,3192016.2743788,12673,1090,CM-001,"Calle Los Herreros (altura nº3, 4, 8, 9, 11, 12)",B2,ME5,3,Unilateral,65,1,Columna,6,Viaria con cierre vidrio plano (tipo I),VSBP,35,EM,NO,Noche entera,-,-,-,-,-,Cambio equipo,Viaria con cierre vidrio plano (tipo I),VSBP-35,EL,NO,Garafía,35,,35,Los Franceses 
221642.240970493,3191980.70502001,12674,1091,CM-001,"Calle Los Herreros (altura nº3, 4, 8, 9, 11, 12)",B2,ME5,3,Unilateral,65,1,Columna,6,Viaria con cierre vidrio plano (tipo I),VSBP,35,EM,NO,Noche entera,-,-,-,-,-,Cambio equipo,Viaria con cierre vidrio plano (tipo I),VSBP-35,EL,NO,Garafía,35,,35,Los Franceses 
221632.540952058,3191940.735053,12675,1092,CM-001,"Calle Los Herreros (altura nº3, 4, 8, 9, 11, 12)",B2,ME5,3,Unilateral,65,1,Columna,6,Viaria con cierre vidrio plano (tipo I),VSBP,35,EM,NO,Noche entera,-,-,-,-,-,Cambio equipo,Viaria con cierre vidrio plano (tipo I),VSBP-35,EL,NO,Garafía,35,,35,Los Franceses 
221621.199952823,3191908.08270588,12676,1093,CM-001,Calle Los Herreros (Desde altura nº 13c hasta Carretera LP-1 ),B2,ME5,3,Otra,0,1,Columna,6,Viaria con cierre vidrio plano (tipo I),VSBP,35,EM,NO,Noche entera,-,-,-,-,-,Cambio luminaria,PC Ámbar,PC Ámbar-32,EL,DP,Garafía,35,,32,Los Franceses 
221577.594438386,3191780.97591605,12677,1094,CM-001,Calle Los Herreros (Desde altura nº 13c hasta Carretera LP-1 ),B2,ME5,3,Otra,0,1,Columna,6,Viaria con cierre vidrio plano (tipo I),VSBP,35,EM,NO,Noche entera,-,-,-,-,-,Cambio luminaria,PC Ámbar,PC Ámbar-32,EL,DP,Garafía,35,,32,Los Franceses 
221577.500121157,3191743.36346368,12678,1095,CM-001,Los Castros (Paralela a carretera LP-1),B2,ME5,3,Otra,0,1,Columna,6,Viaria con cierre vidrio plano (tipo I),VSBP,35,EM,NO,Noche entera,-,-,-,-,-,Cambio luminaria,PC Ámbar,PC Ámbar-32,EL,DP,Garafía,35,,32,Los Franceses 
221526.15819339,3191704.81513982,12679,1096,CM-001,Los Castros (Paralela a carretera LP-1),B2,ME5,3,Otra,0,1,Columna,6,Viaria con cierre vidrio plano (tipo I),VSBP,35,EM,NO,Noche entera,-,-,-,-,-,Cambio luminaria,PC Ámbar,PC Ámbar-32,EL,DP,Garafía,35,,32,Los Franceses 
221066.282571393,3192197.75832068,12995,1055,CM-001,Vía Los Franceses,B1,ME4b,"7,5",Unilateral,27,1,Columna,6,Artística con Reflector tipo Villa,VSBP,35,EM,NO,Noche entera,-,-,-,-,-,Cambio equipo,Artística con Reflector tipo Villa,VSBP-35,EL,NO,Garafía,35,,35,Los Franceses 
221312.147980445,3191846.08037883,12996,1085,CM-001,"Los Castros (Altura nº 31, 32, 33, 34, 35, 36, 37, 38a, 39, 41, 43, 44, 55, 56)",B2,ME5,3,Otra,0,1,Columna,6,Viaria con cierre vidrio plano (tipo I),VSBP,35,EM,NO,Noche entera,-,-,-,-,-,Cambio luminaria,PC Ámbar,PC Ámbar-32,EL,DP,Garafía,35,,32,Los Franceses 
222047.249933376,3155335.10051484,13249,1001,CM-001,Calle Centro de Mando,D3-D4,S4,9,Unilateral,35,1,Báculo,8,Viaria con cierre vidrio plano (tipo I),VSBP,55,EM,NO,Noche entera,-,-,-,-,-,Cambio luminaria,PC Ámbar,PC Ámbar-49,EL,DP,Fuencaliente,55,,49,Los Canarios Norte 
222036.260362111,3155300.28964541,13250,1002,CM-001,Calle Centro de Mando,D3-D4,S4,9,Unilateral,35,1,Báculo,8,Viaria con cierre vidrio plano (tipo I),VSBP,55,EM,NO,Noche entera,-,-,-,-,-,Cambio luminaria,PC Ámbar,PC Ámbar-49,EL,DP,Fuencaliente,55,,49,Los Canarios Norte 
222014.939593941,3155275.66041273,13251,1003,CM-001,Calle Centro de Mando,D3-D4,S4,9,Unilateral,35,1,Báculo,8,Viaria con cierre vidrio plano (tipo I),VSBP,55,EM,NO,Noche entera,-,-,-,-,-,Cambio luminaria,PC Ámbar,PC Ámbar-49,EL,DP,Fuencaliente,55,,49,Los Canarios Norte 
221955.890236137,3155273.74960682,13252,1004,CM-001,Calle Centro de Mando,D3-D4,S4,9,Unilateral,35,1,Báculo,8,Viaria con cierre vidrio plano (tipo I),VSBP,55,EM,NO,Noche entera,-,-,-,-,-,Cambio luminaria,PC Ámbar,PC Ámbar-49,EL,DP,Fuencaliente,55,,49,Los Canarios Norte 
221906.000035619,3155254.56027072,13253,1005,CM-001,Calle Centro de Mando,D3-D4,S4,9,Unilateral,35,1,Báculo,8,Viaria con cierre vidrio plano (tipo I),VSBP,55,EM,NO,Noche entera,-,-,-,-,-,Cambio luminaria,PC Ámbar,PC Ámbar-49,EL,DP,Fuencaliente,55,,49,Los Canarios Norte 
221861.51003562,3155219.12027071,13254,1006,CM-001,Calle Centro de Mando,D3-D4,S4,9,Unilateral,35,1,Báculo,8,Viaria con cierre vidrio plano (tipo I),VSBP,55,EM,NO,Noche entera,-,-,-,-,-,Cambio luminaria,PC Ámbar,PC Ámbar-49,EL,DP,Fuencaliente,55,,49,Los Canarios Norte 
221887.393054488,3155215.03347826,13255,1007,CM-001,Calle Centro de Mando,D3-D4,S4,9,Unilateral,35,1,Báculo,8,Viaria con cierre vidrio plano (tipo I),VSBP,55,EM,NO,Noche entera,-,-,-,-,-,Cambio luminaria,PC Ámbar,PC Ámbar-49,EL,DP,Fuencaliente,55,,49,Los Canarios Norte 
221912.871177976,3155361.48480374,13256,1038,CM-001,Carretera general 1,D3-D4,S3,7,Unilateral,50,1,Columna,5,Artística con Reflector,VSBP,35,EM,NO,Noche entera,-,-,-,-,-,Cambio equipo,Artística con Reflector,VSBP-35,EL,NO,Fuencaliente,35,,35,Los Canarios Norte 
221907.025562173,3155335.10051484,13257,1039,CM-001,Carretera general 1,D3-D4,S3,7,Unilateral,50,1,Columna,5,Artística con Reflector,VSBP,35,EM,NO,Noche entera,-,-,-,-,-,Cambio equipo,Artística con Reflector,VSBP-35,EL,NO,Fuencaliente,35,,35,Los Canarios Norte 
221910.130222623,3155307.37070966,13258,1040,CM-001,Carretera General 2,D3-D4,S3,11,Tresbolillo,40,1,Columna,6,Peatonal cierre plano,VSBP,35,EM,NO,Noche entera,-,-,-,-,-,Cambio equipo,Peatonal cierre plano,VSBP-35,EL,NO,Fuencaliente,35,,35,Los Canarios Norte 
221893.92003562,3155291.00027072,13259,1041,CM-001,Carretera General 2,D3-D4,S3,11,Tresbolillo,40,1,Columna,6,Peatonal cierre plano,VSBP,35,EM,NO,Noche entera,-,-,-,-,-,Cambio equipo,Peatonal cierre plano,VSBP-35,EL,NO,Fuencaliente,35,,35,Los Canarios Norte 
221880.026680118,3155270.23430366,13260,1042,CM-001,Carretera General 2,D3-D4,S3,11,Tresbolillo,40,1,Columna,6,Peatonal cierre plano,VSBP,35,EM,NO,Noche entera,-,-,-,-,-,Cambio equipo,Peatonal cierre plano,VSBP-35,EL,NO,Fuencaliente,35,,35,Los Canarios Norte 
221869.640238585,3155259.39016562,13261,1043,CM-001,Carretera General 2,D3-D4,S3,11,Tresbolillo,40,1,Columna,6,Peatonal cierre plano,VSBP,35,EM,NO,Noche entera,-,-,-,-,-,Cambio equipo,Peatonal cierre plano,VSBP-35,EL,NO,Fuencaliente,35,,35,Los Canarios Norte 
221853.750035619,3155250.00027072,13262,1044,CM-001,Carretera General 2,D3-D4,S3,11,Tresbolillo,40,1,Columna,6,Peatonal cierre plano,VSBP,35,EM,NO,Noche entera,-,-,-,-,-,Cambio equipo,Peatonal cierre plano,VSBP-35,EL,NO,Fuencaliente,35,,35,Los Canarios Norte 
221849.799547817,3155231.72027072,13263,1045,CM-001,Carretera General 2,D3-D4,S3,11,Tresbolillo,40,1,Columna,6,Peatonal cierre plano,VSBP,35,EM,NO,Noche entera,-,-,-,-,-,Cambio equipo,Peatonal cierre plano,VSBP-35,EL,NO,Fuencaliente,35,,35,Los Canarios Norte 
221867.104037678,3155169.88674973,13264,1008,CM-001,Calle Centro de Mando,D3-D4,S4,9,Unilateral,35,1,Báculo,8,Viaria con cierre vidrio plano (tipo I),VSBP,55,EM,NO,Noche entera,-,-,-,-,-,Cambio luminaria,PC Ámbar,PC Ámbar-49,EL,DP,Fuencaliente,55,,49,Los Canarios Norte 
221847.758742859,3155132.43145657,13265,1009,CM-001,Calle Centro de Mando,D3-D4,S4,9,Unilateral,35,1,Báculo,8,Viaria con cierre vidrio plano (tipo I),VSBP,55,EM,NO,Noche entera,-,-,-,-,-,Cambio luminaria,PC Ámbar,PC Ámbar-49,EL,DP,Fuencaliente,55,,49,Los Canarios Norte 
221825.360035621,3155071.76027072,13266,1010,CM-001,Calle Centro de Mando,D3-D4,S4,9,Unilateral,35,1,Báculo,8,Viaria con cierre vidrio plano (tipo I),VSBP,55,EM,NO,Noche entera,-,-,-,-,-,Cambio luminaria,PC Ámbar,PC Ámbar-49,EL,DP,Fuencaliente,55,,49,Los Canarios Norte 
221790.835933056,3154998.55514251,13267,1011,CM-001,Calle Centro de Mando,D3-D4,S4,9,Unilateral,35,1,Báculo,8,Viaria con cierre vidrio plano (tipo I),VSBP,55,EM,NO,Noche entera,-,-,-,-,-,Cambio luminaria,PC Ámbar,PC Ámbar-49,EL,DP,Fuencaliente,55,,49,Los Canarios Norte 
221738.920035619,3154967.20027072,13268,1012,CM-001,Calle Centro de Mando,D3-D4,S4,9,Unilateral,35,1,Báculo,8,Viaria con cierre vidrio plano (tipo I),VSBP,55,EM,NO,Noche entera,-,-,-,-,-,Cambio luminaria,PC Ámbar,PC Ámbar-49,EL,DP,Fuencaliente,55,,49,Los Canarios Norte 
221694.17703562,3154989.85427072,13269,1013,CM-001,Calle Centro de Mando,D3-D4,S4,9,Unilateral,35,1,Báculo,8,Viaria con cierre vidrio plano (tipo I),VSBP,55,EM,NO,Noche entera,-,-,-,-,-,Cambio luminaria,PC Ámbar,PC Ámbar-49,EL,DP,Fuencaliente,55,,49,Los Canarios Norte 
221658.70003562,3154999.70027072,13270,1015,CM-001,Calle Centro de Mando,D3-D4,S4,9,Unilateral,35,1,Báculo,8,Viaria con cierre vidrio plano (tipo I),VSBP,55,EM,NO,Noche entera,-,-,-,-,-,Cambio luminaria,PC Ámbar,PC Ámbar-49,EL,DP,Fuencaliente,55,,49,Los Canarios Norte 
221594.60003562,3154965.24027072,13271,1016,CM-001,Calle Centro de Mando,D3-D4,S4,9,Unilateral,35,1,Báculo,8,Viaria con cierre vidrio plano (tipo I),VSBP,55,EM,NO,Noche entera,-,-,-,-,-,Cambio luminaria,PC Ámbar,PC Ámbar-49,EL,DP,Fuencaliente,55,,49,Los Canarios Norte 
221671.96003562,3154973.76027071,13272,1021,CM-001,Calle Jan Adelino Torrez Hernandez,D3-D4,S4,5,Unilateral,50,1,Báculo,8,Viaria con cierre vidrio plano (tipo I),VSBP,55,EM,NO,Noche entera,-,-,-,-,-,Cambio luminaria,PC Ámbar,PC Ámbar-80,EL,DP,Fuencaliente,55,,80,Los Canarios Norte 
221678.600035621,3154946.43027072,13273,1022,CM-001,Calle Jan Adelino Torrez Hernandez,D3-D4,S4,5,Unilateral,50,1,Báculo,8,Viaria con cierre vidrio plano (tipo I),VSBP,55,EM,NO,Noche entera,-,-,-,-,-,Cambio luminaria,PC Ámbar,PC Ámbar-80,EL,DP,Fuencaliente,55,,80,Los Canarios Norte 
221682.15003562,3154910.53027072,13274,1023,CM-001,Calle Jan Adelino Torrez Hernandez,D3-D4,S4,5,Unilateral,50,1,Báculo,8,Viaria con cierre vidrio plano (tipo I),VSBP,55,EM,NO,Noche entera,-,-,-,-,-,Cambio luminaria,PC Ámbar,PC Ámbar-80,EL,DP,Fuencaliente,55,,80,Los Canarios Norte 
221694.60003562,3154868.00027072,13275,1024,CM-001,Calle Jan Adelino Torrez Hernandez,D3-D4,S4,5,Unilateral,50,1,Báculo,8,Viaria con cierre vidrio plano (tipo I),VSBP,55,EM,NO,Noche entera,-,-,-,-,-,Cambio luminaria,PC Ámbar,PC Ámbar-80,EL,DP,Fuencaliente,55,,80,Los Canarios Norte 
221610.94003562,3154946.02027072,13276,1017,CM-001,Calle Jan Adelino Torrez Hernandez,D3-D4,S4,5,Unilateral,50,1,Báculo,8,Viaria con cierre vidrio plano (tipo I),VSBP,55,EM,NO,Noche entera,-,-,-,-,-,Cambio luminaria,PC Ámbar,PC Ámbar-80,EL,DP,Fuencaliente,55,,80,Los Canarios Norte 
221617.52003562,3154911.92027072,13277,1018,CM-001,Calle Jan Adelino Torrez Hernandez,D3-D4,S4,5,Unilateral,50,1,Báculo,8,Viaria con cierre vidrio plano (tipo I),VSBP,55,EM,NO,Noche entera,-,-,-,-,-,Cambio luminaria,PC Ámbar,PC Ámbar-80,EL,DP,Fuencaliente,55,,80,Los Canarios Norte 
221623.00003562,3154884.00027072,13278,1019,CM-001,Calle Jan Adelino Torrez Hernandez,D3-D4,S4,5,Unilateral,50,1,Báculo,8,Viaria con cierre vidrio plano (tipo I),VSBP,55,EM,NO,Noche entera,-,-,-,-,-,Cambio luminaria,PC Ámbar,PC Ámbar-80,EL,DP,Fuencaliente,55,,80,Los Canarios Norte 
221841.40003562,3155205.16027072,13279,1046,CM-001,Carretera General 2,D3-D4,S3,11,Tresbolillo,40,1,Columna,6,Peatonal cierre plano,VSBP,35,EM,NO,Noche entera,-,-,-,-,-,Cambio equipo,Peatonal cierre plano,VSBP-35,EL,NO,Fuencaliente,35,,35,Los Canarios Norte 
221824.56003562,3155189.96027072,13280,1047,CM-001,Carretera General 2,D3-D4,S3,11,Tresbolillo,40,1,Columna,6,Peatonal cierre plano,VSBP,35,EM,NO,Noche entera,-,-,-,-,-,Cambio equipo,Peatonal cierre plano,VSBP-35,EL,NO,Fuencaliente,35,,35,Los Canarios Norte 
221829.61003562,3155171.80027072,13281,1048,CM-001,Carretera General 2,D3-D4,S3,11,Tresbolillo,40,1,Columna,6,Peatonal cierre plano,VSBP,35,EM,NO,Noche entera,-,-,-,-,-,Cambio equipo,Peatonal cierre plano,VSBP-35,EL,NO,Fuencaliente,35,,35,Los Canarios Norte 
221807.05003562,3155162.44027071,13282,1049,CM-001,Carretera General 2,D3-D4,S3,11,Tresbolillo,40,1,Columna,6,Peatonal cierre plano,VSBP,35,EM,NO,Noche entera,-,-,-,-,-,Cambio equipo,Peatonal cierre plano,VSBP-35,EL,NO,Fuencaliente,35,,35,Los Canarios Norte 
221802.990035621,3155141.03027072,13283,1050,CM-001,Carretera General 2,D3-D4,S3,11,Tresbolillo,40,1,Columna,6,Peatonal cierre plano,VSBP,35,EM,NO,Noche entera,-,-,-,-,-,Cambio equipo,Peatonal cierre plano,VSBP-35,EL,NO,Fuencaliente,35,,35,Los Canarios Norte 
221784.650035621,3155150.19377072,13284,1051,CM-001,Carretera General 2,D3-D4,S3,11,Tresbolillo,40,1,Columna,6,Peatonal cierre plano,VSBP,35,EM,NO,Noche entera,-,-,-,-,-,Cambio equipo,Peatonal cierre plano,VSBP-35,EL,NO,Fuencaliente,35,,35,Los Canarios Norte 
221769.560035622,3155133.44027072,13285,1052,CM-001,Carretera General 2,D3-D4,S3,11,Tresbolillo,40,1,Columna,6,Peatonal cierre plano,VSBP,35,EM,NO,Noche entera,-,-,-,-,-,Cambio equipo,Peatonal cierre plano,VSBP-35,EL,NO,Fuencaliente,35,,35,Los Canarios Norte 
221755.000035619,3155139.96027072,13286,1053,CM-001,Carretera General 2,D3-D4,S3,11,Tresbolillo,40,1,Columna,6,Peatonal cierre plano,VSBP,35,EM,NO,Noche entera,-,-,-,-,-,Cambio equipo,Peatonal cierre plano,VSBP-35,EL,NO,Fuencaliente,35,,35,Los Canarios Norte 
221763.240035621,3155105.19027071,13287,1083,CM-001,Carretera General 2,D3-D4,S3,11,Tresbolillo,40,1,Columna,6,Peatonal cierre plano,VSBP,35,EM,NO,Noche entera,-,-,-,-,-,Cambio equipo,Peatonal cierre plano,VSBP-35,EL,NO,Fuencaliente,35,,35,Los Canarios Norte 
221766.740035621,3155081.82027072,13288,1084,CM-001,Carretera General 2,D3-D4,S3,11,Tresbolillo,40,1,Columna,6,Peatonal cierre plano,VSBP,35,EM,NO,Noche entera,-,-,-,-,-,Cambio equipo,Peatonal cierre plano,VSBP-35,EL,NO,Fuencaliente,35,,35,Los Canarios Norte 
221740.20003562,3155129.84027072,13289,1054,CM-001,Carretera General 2,D3-D4,S3,11,Tresbolillo,40,1,Columna,6,Peatonal cierre plano,VSBP,35,EM,NO,Noche entera,-,-,-,-,-,Cambio equipo,Peatonal cierre plano,VSBP-35,EL,NO,Fuencaliente,35,,35,Los Canarios Norte 
221727.640035621,3155145.98884216,13290,1055,CM-001,Carretera General 2,D3-D4,S3,11,Tresbolillo,40,1,Columna,6,Peatonal cierre plano,VSBP,35,EM,NO,Noche entera,-,-,-,-,-,Cambio equipo,Peatonal cierre plano,VSBP-35,EL,NO,Fuencaliente,35,,35,Los Canarios Norte 
221709.000035619,3155155.96027072,13291,1056,CM-001,Carretera General 2,D3-D4,S3,11,Tresbolillo,40,1,Columna,6,Peatonal cierre plano,VSBP,35,EM,NO,Noche entera,-,-,-,-,-,Cambio equipo,Peatonal cierre plano,VSBP-35,EL,NO,Fuencaliente,35,,35,Los Canarios Norte 
221711.49091335,3155172.77369539,13292,1057,CM-001,Carretera General 2,D3-D4,S3,11,Tresbolillo,40,1,Columna,6,Peatonal cierre plano,VSBP,35,EM,NO,Noche entera,-,-,-,-,-,Cambio equipo,Peatonal cierre plano,VSBP-35,EL,NO,Fuencaliente,35,,35,Los Canarios Norte 
221686.20003562,3155187.12027072,13293,1058,CM-001,Carretera General 2,D3-D4,S3,11,Tresbolillo,40,1,Columna,6,Peatonal cierre plano,VSBP,35,EM,NO,Noche entera,-,-,-,-,-,Cambio equipo,Peatonal cierre plano,VSBP-35,EL,NO,Fuencaliente,35,,35,Los Canarios Norte 
221684.760035621,3155209.00027072,13294,1060,CM-001,Carretera General 2,D3-D4,S3,11,Tresbolillo,40,1,Columna,6,Peatonal cierre plano,VSBP,35,EM,NO,Noche entera,-,-,-,-,-,Cambio equipo,Peatonal cierre plano,VSBP-35,EL,NO,Fuencaliente,35,,35,Los Canarios Norte 
221671.800035619,3155153.00027072,13295,1059,CM-001,Carretera General 2,D3-D4,S3,11,Tresbolillo,40,1,Columna,6,Peatonal cierre plano,VSBP,35,EM,NO,Noche entera,-,-,-,-,-,Cambio equipo,Peatonal cierre plano,VSBP-35,EL,NO,Fuencaliente,35,,35,Los Canarios Norte 
221662.232993203,3155190.59109852,13296,1168,CM-001,Plaza pueblo Los Canarios,E1-E2,S4,8,Otra,0,2,Brazo,8,Peatonal cierre plano,VSBP,35,EM,NO,Noche entera,-,-,-,-,-,Cambio luminaria,PC Ámbar,PC Ámbar-32,EL,DP,Fuencaliente,35,,32,Los Canarios Norte 
221655.117170625,3155173.71009341,13297,1169,CM-001,Plaza pueblo Los Canarios,E1-E2,S4,8,Otra,0,2,Brazo,8,Peatonal cierre plano,VSBP,35,EM,NO,Noche entera,-,-,-,-,-,Cambio luminaria,PC Ámbar,PC Ámbar-32,EL,DP,Fuencaliente,35,,32,Los Canarios Norte 
221649.483797276,3155161.27143528,13298,1170,CM-001,Plaza pueblo Los Canarios,E1-E2,S4,8,Otra,0,2,Brazo,8,Peatonal cierre plano,VSBP,35,EM,NO,Noche entera,-,-,-,-,-,Cambio luminaria,PC Ámbar,PC Ámbar-32,EL,DP,Fuencaliente,35,,32,Los Canarios Norte 
221416.64003562,3155148.24027072,13299,1090,CM-001,Calle Plaza San Antonio,D3-D4,S4,3,Unilateral,25,1,Columna,5,Artística con Reflector,VSBP,35,EM,NO,Noche entera,-,-,-,-,-,Cambio luminaria,PC Ámbar,PC Ámbar-32,EL,DP,Fuencaliente,35,,32,Los Canarios Norte 
221426.960035619,3155162.56027072,13300,1091,CM-001,Calle Plaza San Antonio,D3-D4,S4,3,Unilateral,25,1,Columna,5,Artística con Reflector,VSBP,35,EM,NO,Noche entera,-,-,-,-,-,Cambio luminaria,PC Ámbar,PC Ámbar-32,EL,DP,Fuencaliente,35,,32,Los Canarios Norte 
221432.948941114,3155182.24027072,13301,1092,CM-001,Calle Plaza San Antonio,D3-D4,S4,3,Unilateral,25,1,Columna,5,Artística con Reflector,VSBP,35,EM,NO,Noche entera,-,-,-,-,-,Cambio luminaria,PC Ámbar,PC Ámbar-32,EL,DP,Fuencaliente,35,,32,Los Canarios Norte 
221440.832595329,3155198.49795153,13302,1093,CM-001,Calle Plaza San Antonio,D3-D4,S4,3,Unilateral,25,1,Columna,5,Artística con Reflector,VSBP,35,EM,NO,Noche entera,-,-,-,-,-,Cambio luminaria,PC Ámbar,PC Ámbar-32,EL,DP,Fuencaliente,35,,32,Los Canarios Norte 
221442.74903562,3155182.75077072,13303,1094,CM-001,Calle Plaza San Antonio,D3-D4,S4,3,Unilateral,25,1,Columna,5,Artística con Reflector,VSBP,35,EM,NO,Noche entera,-,-,-,-,-,Cambio luminaria,PC Ámbar,PC Ámbar-32,EL,DP,Fuencaliente,35,,32,Los Canarios Norte 
221450.76028077,3155203.96080969,13304,1095,CM-001,Calle Plaza San Antonio,D3-D4,S4,3,Unilateral,25,1,Columna,5,Artística con Reflector,VSBP,35,EM,NO,Noche entera,-,-,-,-,-,Cambio luminaria,PC Ámbar,PC Ámbar-32,EL,DP,Fuencaliente,35,,32,Los Canarios Norte 
221660.600035621,3155221.00027072,13305,1061,CM-001,Carretera General 2,D3-D4,S3,11,Tresbolillo,40,1,Columna,6,Peatonal cierre plano,VSBP,35,EM,NO,Noche entera,-,-,-,-,-,Cambio equipo,Peatonal cierre plano,VSBP-35,EL,NO,Fuencaliente,35,,35,Los Canarios Norte 
221639.36003562,3155212.40027072,13306,1062,CM-001,Carretera General 2,D3-D4,S3,11,Tresbolillo,40,1,Columna,6,Peatonal cierre plano,VSBP,35,EM,NO,Noche entera,-,-,-,-,-,Cambio equipo,Peatonal cierre plano,VSBP-35,EL,NO,Fuencaliente,35,,35,Los Canarios Norte 
221610.060035621,3155218.82027072,13307,1063,CM-001,Carretera General 2,D3-D4,S3,11,Tresbolillo,40,1,Columna,6,Peatonal cierre plano,VSBP,35,EM,NO,Noche entera,-,-,-,-,-,Cambio equipo,Peatonal cierre plano,VSBP-35,EL,NO,Fuencaliente,35,,35,Los Canarios Norte 
221600.400035621,3155236.56027072,13308,1064,CM-001,Carretera General 2,D3-D4,S3,11,Tresbolillo,40,1,Columna,6,Peatonal cierre plano,VSBP,35,EM,NO,Noche entera,-,-,-,-,-,Cambio equipo,Peatonal cierre plano,VSBP-35,EL,NO,Fuencaliente,35,,35,Los Canarios Norte 
221577.840035618,3155229.40027072,13309,1065,CM-001,Carretera General 2,D3-D4,S3,11,Tresbolillo,40,1,Columna,6,Peatonal cierre plano,VSBP,35,EM,NO,Noche entera,-,-,-,-,-,Cambio equipo,Peatonal cierre plano,VSBP-35,EL,NO,Fuencaliente,35,,35,Los Canarios Norte 
221550.36003562,3155243.80027072,13310,1066,CM-001,Carretera General 2,D3-D4,S3,11,Tresbolillo,40,1,Columna,6,Peatonal cierre plano,VSBP,35,EM,NO,Noche entera,-,-,-,-,-,Cambio equipo,Peatonal cierre plano,VSBP-35,EL,NO,Fuencaliente,35,,35,Los Canarios Norte 
221541.360035621,3155232.16027072,13311,1067,CM-001,Carretera General 2,D3-D4,S3,11,Tresbolillo,40,1,Columna,6,Peatonal cierre plano,VSBP,35,EM,NO,Noche entera,-,-,-,-,-,Cambio equipo,Peatonal cierre plano,VSBP-35,EL,NO,Fuencaliente,35,,35,Los Canarios Norte 
221516.160035621,3155245.27027071,13312,1068,CM-001,Carretera General 2,D3-D4,S3,11,Tresbolillo,40,1,Columna,6,Peatonal cierre plano,VSBP,35,EM,NO,Noche entera,-,-,-,-,-,Cambio equipo,Peatonal cierre plano,VSBP-35,EL,NO,Fuencaliente,35,,35,Los Canarios Norte 
221511.900035621,3155231.37027072,13313,1069,CM-001,Carretera General 2,D3-D4,S3,11,Tresbolillo,40,1,Columna,6,Peatonal cierre plano,VSBP,35,EM,NO,Noche entera,-,-,-,-,-,Cambio equipo,Peatonal cierre plano,VSBP-35,EL,NO,Fuencaliente,35,,35,Los Canarios Norte 
221496.16003562,3155227.64027072,13314,1070,CM-001,Carretera General 2,D3-D4,S3,11,Tresbolillo,40,1,Columna,6,Peatonal cierre plano,VSBP,35,EM,NO,Noche entera,-,-,-,-,-,Cambio equipo,Peatonal cierre plano,VSBP-35,EL,NO,Fuencaliente,35,,35,Los Canarios Norte 
221484.20003562,3155226.36027072,13315,1071,CM-001,Carretera General 2,D3-D4,S3,11,Tresbolillo,40,1,Columna,6,Peatonal cierre plano,VSBP,35,EM,NO,Noche entera,-,-,-,-,-,Cambio equipo,Peatonal cierre plano,VSBP-35,EL,NO,Fuencaliente,35,,35,Los Canarios Norte 
221463.320035619,3155232.16027072,13316,1072,CM-001,Carretera General 2,D3-D4,S3,11,Tresbolillo,40,1,Columna,6,Peatonal cierre plano,VSBP,35,EM,NO,Noche entera,-,-,-,-,-,Cambio equipo,Peatonal cierre plano,VSBP-35,EL,NO,Fuencaliente,35,,35,Los Canarios Norte 
221460.80003562,3155247.84027072,13317,1073,CM-001,Carretera General 2,D3-D4,S3,11,Tresbolillo,40,1,Columna,6,Peatonal cierre plano,VSBP,35,EM,NO,Noche entera,-,-,-,-,-,Cambio equipo,Peatonal cierre plano,VSBP-35,EL,NO,Fuencaliente,35,,35,Los Canarios Norte 
221450.61003562,3155262.94027072,13318,1074,CM-001,Carretera General 2,D3-D4,S3,11,Tresbolillo,40,1,Columna,6,Peatonal cierre plano,VSBP,35,EM,NO,Noche entera,-,-,-,-,-,Cambio equipo,Peatonal cierre plano,VSBP-35,EL,NO,Fuencaliente,35,,35,Los Canarios Norte 
221433.320035621,3155273.12027072,13319,1075,CM-001,Carretera General 2,D3-D4,S3,11,Tresbolillo,40,1,Columna,6,Peatonal cierre plano,VSBP,35,EM,NO,Noche entera,-,-,-,-,-,Cambio equipo,Peatonal cierre plano,VSBP-35,EL,NO,Fuencaliente,35,,35,Los Canarios Norte 
221434.80003562,3155292.36027072,13320,1076,CM-001,Carretera General 2,D3-D4,S3,11,Tresbolillo,40,1,Columna,6,Peatonal cierre plano,VSBP,35,EM,NO,Noche entera,-,-,-,-,-,Cambio equipo,Peatonal cierre plano,VSBP-35,EL,NO,Fuencaliente,35,,35,Los Canarios Norte 
221410.87003562,3155301.32027072,13321,1077,CM-001,Carretera General 2,D3-D4,S3,11,Tresbolillo,40,1,Columna,6,Peatonal cierre plano,VSBP,35,EM,NO,Noche entera,-,-,-,-,-,Cambio equipo,Peatonal cierre plano,VSBP-35,EL,NO,Fuencaliente,35,,35,Los Canarios Norte 
221390.657687041,3155312.87018419,13322,1078,CM-001,Carretera General 2,D3-D4,S3,11,Tresbolillo,40,1,Columna,6,Peatonal cierre plano,VSBP,35,EM,NO,Noche entera,-,-,-,-,-,Cambio equipo,Peatonal cierre plano,VSBP-35,EL,NO,Fuencaliente,35,,35,Los Canarios Norte 
221373.520035621,3155296.72027072,13323,1079,CM-001,Carretera General 2,D3-D4,S3,11,Tresbolillo,40,1,Columna,6,Peatonal cierre plano,VSBP,35,EM,NO,Noche entera,-,-,-,-,-,Cambio equipo,Peatonal cierre plano,VSBP-35,EL,NO,Fuencaliente,35,,35,Los Canarios Norte 
221341.440035619,3155294.32027072,13324,1080,CM-001,Carretera General 2,D3-D4,S3,11,Tresbolillo,40,1,Columna,6,Peatonal cierre plano,VSBP,35,EM,NO,Noche entera,-,-,-,-,-,Cambio equipo,Peatonal cierre plano,VSBP-35,EL,NO,Fuencaliente,35,,35,Los Canarios Norte 
221315.56003562,3155281.00027072,13325,1081,CM-001,Carretera General 2,D3-D4,S3,11,Tresbolillo,40,1,Columna,6,Peatonal cierre plano,VSBP,35,EM,NO,Noche entera,-,-,-,-,-,Cambio equipo,Peatonal cierre plano,VSBP-35,EL,NO,Fuencaliente,35,,35,Los Canarios Norte 
221289.000035619,3155277.84027072,13326,1082,CM-001,Carretera General 2,D3-D4,S3,11,Tresbolillo,40,1,Columna,6,Peatonal cierre plano,VSBP,35,EM,NO,Noche entera,-,-,-,-,-,Cambio equipo,Peatonal cierre plano,VSBP-35,EL,NO,Fuencaliente,35,,35,Los Canarios Norte 
221260.431763562,3155268.69143216,13327,1085,CM-001,Plaza El Pinalejo,E1-E2,S4,7,Otra,0,1,Columna,5,Peatonal cierre plano,VSBP,35,EM,NO,Noche entera,-,-,-,-,-,Cambio luminaria,PC Ámbar,PC Ámbar-32,EL,DP,Fuencaliente,35,,32,Los Canarios Norte 
221235.455421593,3155259.20396099,13328,1086,CM-001,Plaza El Pinalejo,E1-E2,S4,7,Otra,0,1,Columna,5,Peatonal cierre plano,VSBP,35,EM,NO,Noche entera,-,-,-,-,-,Cambio luminaria,PC Ámbar,PC Ámbar-32,EL,DP,Fuencaliente,35,,32,Los Canarios Norte 
221221.400035621,3155243.44027072,13329,1087,CM-001,Plaza El Pinalejo,E1-E2,S4,7,Otra,0,1,Columna,5,Peatonal cierre plano,VSBP,35,EM,NO,Noche entera,-,-,-,-,-,Cambio luminaria,PC Ámbar,PC Ámbar-32,EL,DP,Fuencaliente,35,,32,Los Canarios Norte 
221243.16003562,3155243.92027071,13330,1088,CM-001,Plaza El Pinalejo,E1-E2,S4,7,Otra,0,1,Columna,5,Peatonal cierre plano,VSBP,35,EM,NO,Noche entera,-,-,-,-,-,Cambio luminaria,PC Ámbar,PC Ámbar-32,EL,DP,Fuencaliente,35,,32,Los Canarios Norte 
221252.565218057,3155248.53888709,13331,1089,CM-001,Plaza El Pinalejo,E1-E2,S4,7,Otra,0,1,Columna,5,Peatonal cierre plano,VSBP,35,EM,NO,Noche entera,-,-,-,-,-,Cambio luminaria,PC Ámbar,PC Ámbar-32,EL,DP,Fuencaliente,35,,32,Los Canarios Norte 
221817.494803857,3155244.89780355,13332,1102,CM-001,Calle Ayuntamiento,D3-D4,S4,8,Unilateral,50,1,Báculo,8,Viaria con cierre vidrio plano (tipo I),VSBP,55,EM,NO,Noche entera,-,-,-,-,-,Cambio luminaria,PC Ámbar,PC Ámbar-80,EL,DP,Fuencaliente,55,,80,Los Canarios Norte 
221795.100035621,3155232.64027072,13333,1103,CM-001,Calle Ayuntamiento,D3-D4,S4,8,Unilateral,50,1,Báculo,8,Viaria con cierre vidrio plano (tipo I),VSBP,55,EM,NO,Noche entera,-,-,-,-,-,Cambio luminaria,PC Ámbar,PC Ámbar-80,EL,DP,Fuencaliente,55,,80,Los Canarios Norte 
221745.240035621,3155211.72027072,13334,1104,CM-001,Calle Ayuntamiento,D3-D4,S4,8,Unilateral,50,1,Báculo,8,Viaria con cierre vidrio plano (tipo I),VSBP,55,EM,NO,Noche entera,-,-,-,-,-,Cambio luminaria,PC Ámbar,PC Ámbar-80,EL,DP,Fuencaliente,55,,80,Los Canarios Norte 
221728.04003562,3155230.20027072,13335,1105,CM-001,Calle Ayuntamiento,D3-D4,S4,8,Unilateral,50,1,Báculo,8,Viaria con cierre vidrio plano (tipo I),VSBP,55,EM,NO,Noche entera,-,-,-,-,-,Cambio luminaria,PC Ámbar,PC Ámbar-80,EL,DP,Fuencaliente,55,,80,Los Canarios Norte 
221700.00003562,3155246.66027072,13336,1106,CM-001,Calle Ayuntamiento,D3-D4,S4,8,Unilateral,50,1,Báculo,8,Viaria con cierre vidrio plano (tipo I),VSBP,55,EM,NO,Noche entera,-,-,-,-,-,Cambio luminaria,PC Ámbar,PC Ámbar-80,EL,DP,Fuencaliente,55,,80,Los Canarios Norte 
221682.832480064,3155246.66027072,13337,1107,CM-001,Calle Ayuntamiento,D3-D4,S4,8,Unilateral,50,1,Báculo,8,Viaria con cierre vidrio plano (tipo I),VSBP,55,EM,NO,Noche entera,-,-,-,-,-,Cambio luminaria,PC Ámbar,PC Ámbar-80,EL,DP,Fuencaliente,55,,80,Los Canarios Norte 
221662.04003562,3155268.76027072,13338,1108,CM-001,Calle Ayuntamiento,D3-D4,S4,8,Unilateral,50,1,Báculo,8,Viaria con cierre vidrio plano (tipo I),VSBP,55,EM,NO,Noche entera,-,-,-,-,-,Cambio luminaria,PC Ámbar,PC Ámbar-80,EL,DP,Fuencaliente,55,,80,Los Canarios Norte 
221621.42003562,3155294.50027072,13339,1109,CM-001,Calle Ayuntamiento,D3-D4,S4,8,Unilateral,50,1,Báculo,8,Viaria con cierre vidrio plano (tipo I),VSBP,55,EM,NO,Noche entera,-,-,-,-,-,Cambio luminaria,PC Ámbar,PC Ámbar-80,EL,DP,Fuencaliente,55,,80,Los Canarios Norte 
221598.160035621,3155295.84027072,13340,1110,CM-001,Calle Ayuntamiento,D3-D4,S4,8,Unilateral,50,1,Báculo,8,Viaria con cierre vidrio plano (tipo I),VSBP,55,EM,NO,Noche entera,-,-,-,-,-,Cambio luminaria,PC Ámbar,PC Ámbar-80,EL,DP,Fuencaliente,55,,80,Los Canarios Norte 
221576.640035621,3155301.72027072,13341,1111,CM-001,Calle Ayuntamiento,D3-D4,S4,8,Unilateral,50,1,Báculo,8,Viaria con cierre vidrio plano (tipo I),VSBP,55,EM,NO,Noche entera,-,-,-,-,-,Cambio luminaria,PC Ámbar,PC Ámbar-80,EL,DP,Fuencaliente,55,,80,Los Canarios Norte 
221545.640035621,3155298.55027072,13342,1112,CM-001,Calle Ayuntamiento,D3-D4,S4,8,Unilateral,50,1,Báculo,8,Viaria con cierre vidrio plano (tipo I),VSBP,55,EM,NO,Noche entera,-,-,-,-,-,Cambio luminaria,PC Ámbar,PC Ámbar-80,EL,DP,Fuencaliente,55,,80,Los Canarios Norte 
221519.000035619,3155292.84027071,13343,1113,CM-001,Calle Ayuntamiento,D3-D4,S4,8,Unilateral,50,1,Báculo,8,Viaria con cierre vidrio plano (tipo I),VSBP,55,EM,NO,Noche entera,-,-,-,-,-,Cambio luminaria,PC Ámbar,PC Ámbar-80,EL,DP,Fuencaliente,55,,80,Los Canarios Norte 
221517.08203562,3155262.49877072,13344,1114,CM-001,Calle Ayuntamiento,D3-D4,S4,8,Unilateral,50,1,Báculo,8,Viaria con cierre vidrio plano (tipo I),VSBP,55,EM,NO,Noche entera,-,-,-,-,-,Cambio luminaria,PC Ámbar,PC Ámbar-80,EL,DP,Fuencaliente,55,,80,Los Canarios Norte 
221499.20003562,3155310.52027071,13345,1164,CM-001,Plaza Ayuntamiento,E1-E2,S4,20,Unilateral,15,1,Columna,4,Artística con Reflector,VSBP,35,EM,NO,Noche entera,-,-,-,-,-,Cambio luminaria,PC Ámbar,PC Ámbar-32,EL,DP,Fuencaliente,35,,32,Los Canarios Norte 
221498.999535619,3155290.81427072,13346,1165,CM-001,Plaza Ayuntamiento,E1-E2,S4,20,Unilateral,15,1,Columna,4,Artística con Reflector,VSBP,35,EM,NO,Noche entera,-,-,-,-,-,Cambio luminaria,PC Ámbar,PC Ámbar-32,EL,DP,Fuencaliente,35,,32,Los Canarios Norte 
221477.520035619,3155264.04027072,13347,1166,CM-001,Plaza Ayuntamiento,E1-E2,S4,20,Unilateral,15,1,Columna,4,Artística con Reflector,VSBP,35,EM,NO,Noche entera,-,-,-,-,-,Cambio luminaria,PC Ámbar,PC Ámbar-32,EL,DP,Fuencaliente,35,,32,Los Canarios Norte 
221623.274050559,3155322.17152399,13348,1115,CM-001,Calle del Cementerio,B2,ME5,3,Unilateral,35,1,Columna,5,Artística con Reflector,VSBP,35,EM,NO,Noche entera,-,-,-,-,-,Cambio equipo,Artística con Reflector,VSBP-35,EL,NO,Fuencaliente,35,,35,Los Canarios Norte 
221630.060035622,3155358.75027072,13349,1116,CM-001,Calle del Cementerio,B2,ME5,3,Unilateral,35,1,Columna,5,Artística con Reflector,VSBP,35,EM,NO,Noche entera,-,-,-,-,-,Cambio equipo,Artística con Reflector,VSBP-35,EL,NO,Fuencaliente,35,,35,Los Canarios Norte 
221631.629898661,3155386.14075616,13350,1117,CM-001,Calle del Cementerio,B2,ME5,3,Unilateral,35,1,Columna,5,Artística con Reflector,VSBP,35,EM,NO,Noche entera,-,-,-,-,-,Cambio equipo,Artística con Reflector,VSBP-35,EL,NO,Fuencaliente,35,,35,Los Canarios Norte 
221633.519157476,3155412.67623766,13351,1118,CM-001,Calle del Cementerio,B2,ME5,3,Unilateral,35,1,Columna,5,Artística con Reflector,VSBP,35,EM,NO,Noche entera,-,-,-,-,-,Cambio equipo,Artística con Reflector,VSBP-35,EL,NO,Fuencaliente,35,,35,Los Canarios Norte 
221642.62963892,3155540.64001705,13352,1122,CM-001,Calle del Cementerio,B2,ME5,3,Unilateral,35,1,Columna,5,Artística con Reflector,VSBP,35,EM,NO,Noche entera,-,-,-,-,-,Cambio equipo,Artística con Reflector,VSBP-35,EL,NO,Fuencaliente,35,,35,Los Canarios Norte 
221639.868765151,3155501.86155989,13353,1121,CM-001,Calle del Cementerio,B2,ME5,3,Unilateral,35,1,Columna,5,Artística con Reflector,VSBP,35,EM,NO,Noche entera,-,-,-,-,-,Cambio equipo,Artística con Reflector,VSBP-35,EL,NO,Fuencaliente,35,,35,Los Canarios Norte 
221637.390280676,3155467.04946335,13354,1120,CM-001,Calle del Cementerio,B2,ME5,3,Unilateral,35,1,Columna,5,Artística con Reflector,VSBP,35,EM,NO,Noche entera,-,-,-,-,-,Cambio equipo,Artística con Reflector,VSBP-35,EL,NO,Fuencaliente,35,,35,Los Canarios Norte 
221635.305932207,3155437.77329044,13355,1119,CM-001,Calle del Cementerio,B2,ME5,3,Unilateral,35,1,Columna,5,Artística con Reflector,VSBP,35,EM,NO,Noche entera,-,-,-,-,-,Cambio equipo,Artística con Reflector,VSBP-35,EL,NO,Fuencaliente,35,,35,Los Canarios Norte 
221641.30092942,3155574.32982291,13356,1123,CM-001,Cementerio,E1-E2,S4,10,Tresbolillo,30,1,Brazo,6,Viaria con cierre vidrio plano (tipo I),VSBP,35,EM,NO,Noche entera,-,-,-,-,-,Cambio luminaria,PC Ámbar,PC Ámbar-32,EL,DP,Fuencaliente,35,,32,Los Canarios Norte 
221675.092883977,3155593.85021522,13357,1124,CM-001,Cementerio,E1-E2,S4,10,Tresbolillo,30,1,Brazo,6,Viaria con cierre vidrio plano (tipo I),VSBP,35,EM,NO,Noche entera,-,-,-,-,-,Cambio luminaria,PC Ámbar,PC Ámbar-32,EL,DP,Fuencaliente,35,,32,Los Canarios Norte 
221701.963626776,3155595.47690556,13358,1125,CM-001,Cementerio,E1-E2,S4,10,Tresbolillo,30,1,Brazo,6,Viaria con cierre vidrio plano (tipo I),VSBP,35,EM,NO,Noche entera,-,-,-,-,-,Cambio luminaria,PC Ámbar,PC Ámbar-32,EL,DP,Fuencaliente,35,,32,Los Canarios Norte 
221732.4985678,3155595.88356462,13359,1126,CM-001,Cementerio,E1-E2,S4,10,Tresbolillo,30,1,Brazo,6,Viaria con cierre vidrio plano (tipo I),VSBP,35,EM,NO,Noche entera,-,-,-,-,-,Cambio luminaria,PC Ámbar,PC Ámbar-32,EL,DP,Fuencaliente,35,,32,Los Canarios Norte 
221764.254930326,3155595.88356462,13360,1127,CM-001,Cementerio,E1-E2,S4,10,Tresbolillo,30,1,Brazo,6,Viaria con cierre vidrio plano (tipo I),VSBP,35,EM,NO,Noche entera,-,-,-,-,-,Cambio luminaria,PC Ámbar,PC Ámbar-32,EL,DP,Fuencaliente,35,,32,Los Canarios Norte 
221692.599638293,3155561.31624607,13361,1128,CM-001,Cementerio,E1-E2,S4,10,Tresbolillo,30,1,Brazo,6,Viaria con cierre vidrio plano (tipo I),VSBP,35,EM,NO,Noche entera,-,-,-,-,-,Cambio luminaria,PC Ámbar,PC Ámbar-32,EL,DP,Fuencaliente,35,,32,Los Canarios Norte 
221725.57735604,3155560.09621478,13362,1129,CM-001,Cementerio,E1-E2,S4,10,Tresbolillo,30,1,Brazo,6,Viaria con cierre vidrio plano (tipo I),VSBP,35,EM,NO,Noche entera,-,-,-,-,-,Cambio luminaria,PC Ámbar,PC Ámbar-32,EL,DP,Fuencaliente,35,,32,Los Canarios Norte 
221758.147955379,3155560.90958701,13363,1130,CM-001,Cementerio,E1-E2,S4,10,Tresbolillo,30,1,Brazo,6,Viaria con cierre vidrio plano (tipo I),VSBP,35,EM,NO,Noche entera,-,-,-,-,-,Cambio luminaria,PC Ámbar,PC Ámbar-32,EL,DP,Fuencaliente,35,,32,Los Canarios Norte 
221570.960035618,3155316.92027072,13364,1131,CM-001,Plaza San Antonio,D3-D4,S4,10,Unilateral,25,1,Brazo,5,Artística con Reflector,VSBP,35,EM,NO,Noche entera,-,-,-,-,-,Cambio equipo,Artística con Reflector,VSBP-35,EL,NO,Fuencaliente,35,,35,Los Canarios Norte 
221560.788035619,3155323.55577071,13365,1132,CM-001,Plaza San Antonio,D3-D4,S4,10,Unilateral,25,1,Brazo,5,Artística con Reflector,VSBP,35,EM,NO,Noche entera,-,-,-,-,-,Cambio equipo,Artística con Reflector,VSBP-35,EL,NO,Fuencaliente,35,,35,Los Canarios Norte 
221546.108802111,3155331.92826757,13366,1133,CM-001,Plaza San Antonio,D3-D4,S4,10,Unilateral,25,1,Brazo,5,Artística con Reflector,VSBP,35,EM,NO,Noche entera,-,-,-,-,-,Cambio equipo,Artística con Reflector,VSBP-35,EL,NO,Fuencaliente,35,,35,Los Canarios Norte 
221534.750850428,3155338.40198424,13367,1134,CM-001,Plaza San Antonio,D3-D4,S4,10,Unilateral,25,1,Brazo,5,Artística con Reflector,VSBP,35,EM,NO,Noche entera,-,-,-,-,-,Cambio equipo,Artística con Reflector,VSBP-35,EL,NO,Fuencaliente,35,,35,Los Canarios Norte 
221522.300455418,3155345.49836323,13368,1135,CM-001,Plaza San Antonio,D3-D4,S4,10,Unilateral,25,1,Brazo,5,Artística con Reflector,VSBP,35,EM,NO,Noche entera,-,-,-,-,-,Cambio equipo,Artística con Reflector,VSBP-35,EL,NO,Fuencaliente,35,,35,Los Canarios Norte 
221516.012879723,3155345.0343976,13369,1136,CM-001,Plaza San Antonio,D3-D4,S4,10,Unilateral,25,1,Brazo,5,Artística con Reflector,VSBP,35,EM,NO,Noche entera,-,-,-,-,-,Cambio equipo,Artística con Reflector,VSBP-35,EL,NO,Fuencaliente,35,,35,Los Canarios Norte 
221508.220116165,3155349.19519386,13370,1137,CM-001,Plaza San Antonio,D3-D4,S4,10,Unilateral,25,1,Brazo,5,Artística con Reflector,VSBP,35,EM,NO,Noche entera,-,-,-,-,-,Cambio equipo,Artística con Reflector,VSBP-35,EL,NO,Fuencaliente,35,,35,Los Canarios Norte 
221501.584535619,3155358.63327072,13371,1138,CM-001,Plaza San Antonio,D3-D4,S4,10,Unilateral,25,1,Brazo,5,Artística con Reflector,VSBP,35,EM,NO,Noche entera,-,-,-,-,-,Cambio equipo,Artística con Reflector,VSBP-35,EL,NO,Fuencaliente,35,,35,Los Canarios Norte 
221501.813895477,3155371.3504082,13372,1139,CM-001,Plaza San Antonio,D3-D4,S4,10,Unilateral,25,1,Brazo,5,Artística con Reflector,VSBP,35,EM,NO,Noche entera,-,-,-,-,-,Cambio equipo,Artística con Reflector,VSBP-35,EL,NO,Fuencaliente,35,,35,Los Canarios Norte 
221519.072012888,3155375.43861051,13373,1140,CM-001,Plaza San Antonio 2,E1-E2,S4,10,Unilateral,30,1,Columna,5,Artística con Reflector,VSBP,35,EM,NO,Noche entera,-,-,-,-,-,Cambio equipo,Artística con Reflector,VSBP-35,EL,NO,Fuencaliente,35,,35,Los Canarios Norte 
221536.738512459,3155368.43600004,13374,1141,CM-001,Plaza San Antonio 2,E1-E2,S4,10,Unilateral,30,1,Columna,5,Artística con Reflector,VSBP,35,EM,NO,Noche entera,-,-,-,-,-,Cambio equipo,Artística con Reflector,VSBP-35,EL,NO,Fuencaliente,35,,35,Los Canarios Norte 
221558.190709447,3155360.59303842,13375,1142,CM-001,Plaza San Antonio 2,E1-E2,S4,10,Unilateral,30,1,Columna,5,Artística con Reflector,VSBP,35,EM,NO,Noche entera,-,-,-,-,-,Cambio equipo,Artística con Reflector,VSBP-35,EL,NO,Fuencaliente,35,,35,Los Canarios Norte 
221502.199273375,3155387.33239677,13376,1096,CM-001,Calle Centro de Salud,D3-D4,S4,9,Unilateral,35,1,Columna,5,Artística con Reflector,VSBP,35,EM,NO,Noche entera,-,-,-,-,-,Cambio equipo,Artística con Reflector,VSBP-35,EL,NO,Fuencaliente,35,,35,Los Canarios Norte 
221509.83019025,3155418.12040577,13377,1098,CM-001,Calle Centro de Salud,D3-D4,S4,9,Unilateral,35,1,Columna,5,Artística con Reflector,VSBP,35,EM,NO,Noche entera,-,-,-,-,-,Cambio equipo,Artística con Reflector,VSBP-35,EL,NO,Fuencaliente,35,,35,Los Canarios Norte 
221506.134493748,3155403.20959766,13378,1097,CM-001,Calle Centro de Salud,D3-D4,S4,9,Unilateral,35,1,Columna,5,Artística con Reflector,VSBP,35,EM,NO,Noche entera,-,-,-,-,-,Cambio equipo,Artística con Reflector,VSBP-35,EL,NO,Fuencaliente,35,,35,Los Canarios Norte 
221496.180409653,3155439.45382508,13379,1100,CM-001,Calle Centro de Salud,D3-D4,S4,9,Unilateral,35,1,Columna,5,Artística con Reflector,VSBP,35,EM,NO,Noche entera,-,-,-,-,-,Cambio equipo,Artística con Reflector,VSBP-35,EL,NO,Fuencaliente,35,,35,Los Canarios Norte 
221506.269717873,3155427.66001827,13380,1099,CM-001,Calle Centro de Salud,D3-D4,S4,9,Unilateral,35,1,Columna,5,Artística con Reflector,VSBP,35,EM,NO,Noche entera,-,-,-,-,-,Cambio equipo,Artística con Reflector,VSBP-35,EL,NO,Fuencaliente,35,,35,Los Canarios Norte 
221486.909968825,3155450.29042417,13381,1101,CM-001,Calle Centro de Salud,D3-D4,S4,9,Unilateral,35,1,Columna,5,Artística con Reflector,VSBP,35,EM,NO,Noche entera,-,-,-,-,-,Cambio equipo,Artística con Reflector,VSBP-35,EL,NO,Fuencaliente,35,,35,Los Canarios Norte 
221476.320035622,3155375.60027072,13382,1145,CM-001,Plaza Ayuntamiento,E1-E2,S4,20,Unilateral,15,1,Columna,4,Artística con Reflector,VSBP,35,EM,NO,Noche entera,-,-,-,-,-,Cambio luminaria,PC Ámbar,PC Ámbar-32,EL,DP,Fuencaliente,35,,32,Los Canarios Norte 
221454.37340315,3155389.55607803,13383,1144,CM-001,Plaza Ayuntamiento,E1-E2,S4,20,Unilateral,15,1,Columna,4,Artística con Reflector,VSBP,35,EM,NO,Noche entera,-,-,-,-,-,Cambio luminaria,PC Ámbar,PC Ámbar-32,EL,DP,Fuencaliente,35,,32,Los Canarios Norte 
221417.02003562,3155387.70865849,13384,1143,CM-001,Plaza Ayuntamiento,E1-E2,S4,20,Unilateral,15,1,Columna,4,Artística con Reflector,VSBP,35,EM,NO,Noche entera,-,-,-,-,-,Cambio luminaria,PC Ámbar,PC Ámbar-32,EL,DP,Fuencaliente,35,,32,Los Canarios Norte 
221485.440035621,3155348.81027072,13385,1146,CM-001,Plaza Ayuntamiento,E1-E2,S4,20,Unilateral,15,1,Columna,4,Artística con Reflector,VSBP,35,EM,NO,Noche entera,-,-,-,-,-,Cambio luminaria,PC Ámbar,PC Ámbar-32,EL,DP,Fuencaliente,35,,32,Los Canarios Norte 
221479.379024933,3155340.42547332,13386,1147,CM-001,Plaza Ayuntamiento,E1-E2,S4,20,Unilateral,15,1,Columna,4,Artística con Reflector,VSBP,35,EM,NO,Noche entera,-,-,-,-,-,Cambio luminaria,PC Ámbar,PC Ámbar-32,EL,DP,Fuencaliente,35,,32,Los Canarios Norte 
221475.518229407,3155335.10051484,13387,1148,CM-001,Plaza Ayuntamiento,E1-E2,S4,20,Unilateral,15,1,Columna,4,Artística con Reflector,VSBP,35,EM,NO,Noche entera,-,-,-,-,-,Cambio luminaria,PC Ámbar,PC Ámbar-32,EL,DP,Fuencaliente,35,,32,Los Canarios Norte 
221471.06003562,3155328.94027072,13388,1149,CM-001,Plaza Ayuntamiento,E1-E2,S4,20,Unilateral,15,1,Columna,4,Artística con Reflector,VSBP,35,EM,NO,Noche entera,-,-,-,-,-,Cambio luminaria,PC Ámbar,PC Ámbar-32,EL,DP,Fuencaliente,35,,32,Los Canarios Norte 
221467.282651845,3155323.71830607,13389,1150,CM-001,Plaza Ayuntamiento,E1-E2,S4,20,Unilateral,15,1,Columna,4,Artística con Reflector,VSBP,35,EM,NO,Noche entera,-,-,-,-,-,Cambio luminaria,PC Ámbar,PC Ámbar-32,EL,DP,Fuencaliente,35,,32,Los Canarios Norte 
221463.320035619,3155318.24027072,13390,1151,CM-001,Plaza Ayuntamiento,E1-E2,S4,20,Unilateral,15,1,Columna,4,Artística con Reflector,VSBP,35,EM,NO,Noche entera,-,-,-,-,-,Cambio luminaria,PC Ámbar,PC Ámbar-32,EL,DP,Fuencaliente,35,,32,Los Canarios Norte 
221456.677377175,3155309.05726744,13391,1152,CM-001,Plaza Ayuntamiento,E1-E2,S4,20,Unilateral,15,1,Columna,4,Artística con Reflector,VSBP,35,EM,NO,Noche entera,-,-,-,-,-,Cambio luminaria,PC Ámbar,PC Ámbar-32,EL,DP,Fuencaliente,35,,32,Los Canarios Norte 
221450.15753562,3155300.58377072,13392,1153,CM-001,Plaza Ayuntamiento,E1-E2,S4,20,Unilateral,15,1,Columna,4,Artística con Reflector,VSBP,35,EM,NO,Noche entera,-,-,-,-,-,Cambio luminaria,PC Ámbar,PC Ámbar-32,EL,DP,Fuencaliente,35,,32,Los Canarios Norte 
221444.241057607,3155292.6476394,13393,1154,CM-001,Plaza Ayuntamiento,E1-E2,S4,20,Unilateral,15,1,Columna,4,Artística con Reflector,VSBP,35,EM,NO,Noche entera,-,-,-,-,-,Cambio luminaria,PC Ámbar,PC Ámbar-32,EL,DP,Fuencaliente,35,,32,Los Canarios Norte 
221440.12003562,3155287.12027072,13394,1155,CM-001,Plaza Ayuntamiento,E1-E2,S4,20,Unilateral,15,1,Columna,4,Artística con Reflector,VSBP,35,EM,NO,Noche entera,-,-,-,-,-,Cambio luminaria,PC Ámbar,PC Ámbar-32,EL,DP,Fuencaliente,35,,32,Los Canarios Norte 
221446.43003562,3155274.70027072,13395,1156,CM-001,Plaza Ayuntamiento,E1-E2,S4,20,Unilateral,15,1,Columna,4,Artística con Reflector,VSBP,35,EM,NO,Noche entera,-,-,-,-,-,Cambio luminaria,PC Ámbar,PC Ámbar-32,EL,DP,Fuencaliente,35,,32,Los Canarios Norte 
221454.191348825,3155279.41189504,13396,1157,CM-001,Plaza Ayuntamiento,E1-E2,S4,20,Unilateral,15,1,Columna,4,Artística con Reflector,VSBP,35,EM,NO,Noche entera,-,-,-,-,-,Cambio luminaria,PC Ámbar,PC Ámbar-32,EL,DP,Fuencaliente,35,,32,Los Canarios Norte 
221460.308535619,3155283.18777072,13397,1167,CM-001,Plaza Ayuntamiento 2,E1-E2,S4,20,Otra,0,3,Directo,6,Proyector vial,HMC,150,EM,NO,Hasta 24:00,-,-,-,-,-,Cambio luminaria,Proyector LED,Proyector LED-79,EL,DP,Fuencaliente,150,,79,Los Canarios Norte 
221466.830519071,3155277.78248388,13398,1158,CM-001,Plaza Ayuntamiento,E1-E2,S4,20,Unilateral,15,1,Columna,4,Artística con Reflector,VSBP,35,EM,NO,Noche entera,-,-,-,-,-,Cambio luminaria,PC Ámbar,PC Ámbar-32,EL,DP,Fuencaliente,35,,32,Los Canarios Norte 
221472.215035619,3155272.63177072,13399,1159,CM-001,Plaza Ayuntamiento,E1-E2,S4,20,Unilateral,15,1,Columna,4,Artística con Reflector,VSBP,35,EM,NO,Noche entera,-,-,-,-,-,Cambio luminaria,PC Ámbar,PC Ámbar-32,EL,DP,Fuencaliente,35,,32,Los Canarios Norte 
221475.781272545,3155279.78912529,13400,1160,CM-001,Plaza Ayuntamiento,E1-E2,S4,20,Unilateral,15,1,Columna,4,Artística con Reflector,VSBP,35,EM,NO,Noche entera,-,-,-,-,-,Cambio luminaria,PC Ámbar,PC Ámbar-32,EL,DP,Fuencaliente,35,,32,Los Canarios Norte 
221477.800035618,3155283.84027072,13401,1161,CM-001,Plaza Ayuntamiento,E1-E2,S4,20,Unilateral,15,1,Columna,4,Artística con Reflector,VSBP,35,EM,NO,Noche entera,-,-,-,-,-,Cambio luminaria,PC Ámbar,PC Ámbar-32,EL,DP,Fuencaliente,35,,32,Los Canarios Norte 
221480.32003562,3155289.32027072,13402,1162,CM-001,Plaza Ayuntamiento,E1-E2,S4,20,Unilateral,15,1,Columna,4,Artística con Reflector,VSBP,35,EM,NO,Noche entera,-,-,-,-,-,Cambio luminaria,PC Ámbar,PC Ámbar-32,EL,DP,Fuencaliente,35,,32,Los Canarios Norte 
221485.196409862,3155299.8484144,13403,1163,CM-001,Plaza Ayuntamiento,E1-E2,S4,20,Unilateral,15,1,Columna,4,Artística con Reflector,VSBP,35,EM,NO,Noche entera,-,-,-,-,-,Cambio luminaria,PC Ámbar,PC Ámbar-32,EL,DP,Fuencaliente,35,,32,Los Canarios Norte 
221708.80003562,3154826.80027072,13404,1025,CM-001,Calle Jan Adelino Torrez Hernandez,D3-D4,S4,5,Unilateral,50,1,Báculo,8,Viaria con cierre vidrio plano (tipo I),VSBP,55,EM,NO,Noche entera,-,-,-,-,-,Cambio luminaria,PC Ámbar,PC Ámbar-80,EL,DP,Fuencaliente,55,,80,Los Canarios Norte 
221631.36003562,3154832.76027072,13405,1020,CM-001,Calle Jan Adelino Torrez Hernandez,D3-D4,S4,5,Unilateral,50,1,Báculo,8,Viaria con cierre vidrio plano (tipo I),VSBP,55,EM,NO,Noche entera,-,-,-,-,-,Cambio luminaria,PC Ámbar,PC Ámbar-80,EL,DP,Fuencaliente,55,,80,Los Canarios Norte 
221725.20003562,3154797.76027072,13406,1026,CM-001,Antonio Hernandez Hernandez,D3-D4,S4,7,Unilateral,50,1,Báculo,8,Viaria con cierre vidrio plano (tipo I),VSBP,55,EM,NO,Noche entera,-,-,-,-,-,Cambio luminaria,PC Ámbar,PC Ámbar-80,EL,DP,Fuencaliente,55,,80,Los Canarios Norte 
221676.760035619,3154799.97027072,13407,1027,CM-001,Antonio Hernandez Hernandez,D3-D4,S4,7,Unilateral,50,1,Báculo,8,Viaria con cierre vidrio plano (tipo I),VSBP,55,EM,NO,Noche entera,-,-,-,-,-,Cambio luminaria,PC Ámbar,PC Ámbar-80,EL,DP,Fuencaliente,55,,80,Los Canarios Norte 
221637.40003562,3154801.61027071,13408,1028,CM-001,Antonio Hernandez Hernandez,D3-D4,S4,7,Unilateral,50,1,Báculo,8,Viaria con cierre vidrio plano (tipo I),VSBP,55,EM,NO,Noche entera,-,-,-,-,-,Cambio luminaria,PC Ámbar,PC Ámbar-80,EL,DP,Fuencaliente,55,,80,Los Canarios Norte 
221597.280035621,3154802.44027072,13409,1029,CM-001,Antonio Hernandez Hernandez,D3-D4,S4,7,Unilateral,50,1,Báculo,8,Viaria con cierre vidrio plano (tipo I),VSBP,55,EM,NO,Noche entera,-,-,-,-,-,Cambio luminaria,PC Ámbar,PC Ámbar-80,EL,DP,Fuencaliente,55,,80,Los Canarios Norte 
221553.840035619,3154804.92027072,13410,1030,CM-001,Antonio Hernandez Hernandez,D3-D4,S4,7,Unilateral,50,1,Báculo,8,Viaria con cierre vidrio plano (tipo I),VSBP,55,EM,NO,Noche entera,-,-,-,-,-,Cambio luminaria,PC Ámbar,PC Ámbar-80,EL,DP,Fuencaliente,55,,80,Los Canarios Norte 
221587.51003562,3154775.32027072,13411,1031,CM-001,Antonio Hernandez Hernandez,D3-D4,S4,7,Unilateral,50,1,Báculo,8,Viaria con cierre vidrio plano (tipo I),VSBP,55,EM,NO,Noche entera,-,-,-,-,-,Cambio luminaria,PC Ámbar,PC Ámbar-80,EL,DP,Fuencaliente,55,,80,Los Canarios Norte 
221590.880035618,3154733.00027072,13412,1032,CM-001,Antonio Hernandez Hernandez,D3-D4,S4,7,Unilateral,50,1,Báculo,8,Viaria con cierre vidrio plano (tipo I),VSBP,55,EM,NO,Noche entera,-,-,-,-,-,Cambio luminaria,PC Ámbar,PC Ámbar-80,EL,DP,Fuencaliente,55,,80,Los Canarios Norte 
221525.550035619,3154764.69027072,13413,1033,CM-001,Carreteras las Indias,D3-D4,S4,"10,5",Unilateral,50,1,Brazo,8,Viaria con cierre vidrio plano (tipo I),VSBP,55,EM,NO,Noche entera,-,-,-,-,-,Cambio luminaria,PC Ámbar,PC Ámbar-80,EL,DP,Fuencaliente,55,,80,Los Canarios Norte 
221463.680035619,3154760.84027071,13414,1034,CM-001,Carreteras las Indias,D3-D4,S4,"10,5",Unilateral,50,1,Brazo,8,Viaria con cierre vidrio plano (tipo I),VSBP,55,EM,NO,Noche entera,-,-,-,-,-,Cambio luminaria,PC Ámbar,PC Ámbar-80,EL,DP,Fuencaliente,55,,80,Los Canarios Norte 
221451.65723278,3154732.78818614,13415,1036,CM-001,Carreteras las Indias,D3-D4,S4,"10,5",Unilateral,50,1,Brazo,8,Viaria con cierre vidrio plano (tipo I),VSBP,55,EM,NO,Noche entera,-,-,-,-,-,Cambio luminaria,PC Ámbar,PC Ámbar-80,EL,DP,Fuencaliente,55,,80,Los Canarios Norte 
221441.241535619,3154698.65727072,13416,1037,CM-001,Carreteras las Indias,D3-D4,S4,"10,5",Unilateral,50,1,Brazo,8,Viaria con cierre vidrio plano (tipo I),VSBP,55,EM,NO,Noche entera,-,-,-,-,-,Cambio luminaria,PC Ámbar,PC Ámbar-80,EL,DP,Fuencaliente,55,,80,Los Canarios Norte 
221406.68003562,3154755.77027072,13417,1035,CM-001,Carreteras las Indias,D3-D4,S4,"10,5",Unilateral,50,1,Brazo,8,Viaria con cierre vidrio plano (tipo I),VSBP,55,EM,NO,Noche entera,-,-,-,-,-,Cambio luminaria,PC Ámbar,PC Ámbar-80,EL,DP,Fuencaliente,55,,80,Los Canarios Norte 
221668.99003562,3154997.53027072,13647,1014,CM-001,Calle Centro de Mando,D3-D4,S4,9,Unilateral,35,1,Báculo,8,Viaria con cierre vidrio plano (tipo I),VSBP,55,EM,NO,Noche entera,-,-,-,-,-,Cambio luminaria,PC Ámbar,PC Ámbar-49,EL,DP,Fuencaliente,55,,49,Los Canarios Norte 
218443.236050089,3172868.95491849,13656,1001,CM-001,Plaza gazmira,E1-E2,S4,3,Unilateral,7,1,Otro,3,Artística,BC,11,EM,NO,Hasta 24:00,,,,,-,Cambio luminaria,PC-Ambar,PC-Ambar-32,EL,DP,El Paso,11,,32,Plaza Gazmina 
218442.143103768,3172863.07163558,13657,1002,CM-001,Plaza gazmira,E1-E2,S4,3,Unilateral,7,1,Otro,3,Artística,BC,11,EM,NO,Hasta 24:00,,,,,-,Cambio luminaria,PC-Ambar,PC-Ambar-32,EL,DP,El Paso,11,,32,Plaza Gazmina 
218441.152738369,3172857.74054134,13658,1003,CM-001,Plaza gazmira,E1-E2,S4,3,Unilateral,7,1,Otro,3,Artística,BC,11,EM,NO,Hasta 24:00,,,,,-,Cambio luminaria,PC-Ambar,PC-Ambar-32,EL,DP,El Paso,11,,32,Plaza Gazmina 
218440.106396806,3172852.10812983,13659,1004,CM-001,Plaza gazmira,E1-E2,S4,3,Unilateral,7,1,Otro,3,Artística,BC,11,EM,NO,Hasta 24:00,,,,,-,Cambio luminaria,PC-Ambar,PC-Ambar-32,EL,DP,El Paso,11,,32,Plaza Gazmina 
218438.974814022,3172846.0168685,13660,1005,CM-001,Plaza gazmira,E1-E2,S4,3,Unilateral,7,1,Otro,3,Artística,BC,11,EM,NO,Hasta 24:00,,,,,-,Cambio luminaria,PC-Ambar,PC-Ambar-32,EL,DP,El Paso,11,,32,Plaza Gazmina 
218437.941830118,3172840.45636068,13661,1006,CM-001,Plaza gazmira,E1-E2,S4,3,Unilateral,7,1,Otro,3,Artística,BC,11,EM,NO,Hasta 24:00,,,,,-,Cambio luminaria,PC-Ambar,PC-Ambar-32,EL,DP,El Paso,11,,32,Plaza Gazmina 
218436.902166332,3172834.85989535,13662,1007,CM-001,Plaza gazmira,E1-E2,S4,3,Unilateral,7,1,Otro,3,Artística,BC,11,EM,NO,Hasta 24:00,,,,,-,Cambio luminaria,PC-Ambar,PC-Ambar-32,EL,DP,El Paso,11,,32,Plaza Gazmina 
218435.754687751,3172828.68306764,13663,1008,CM-001,Plaza gazmira,E1-E2,S4,3,Unilateral,7,1,Otro,3,Artística,BC,11,EM,NO,Hasta 24:00,,,,,-,Cambio luminaria,PC-Ambar,PC-Ambar-32,EL,DP,El Paso,11,,32,Plaza Gazmina 
218434.757644575,3172823.31602722,13664,1009,CM-001,Plaza gazmira,E1-E2,S4,3,Unilateral,7,1,Otro,3,Artística,BC,11,EM,NO,Hasta 24:00,,,,,-,Cambio luminaria,PC-Ambar,PC-Ambar-32,EL,DP,El Paso,11,,32,Plaza Gazmina 
218429.076543516,3172820.28057129,13665,1010,CM-001,Plaza gazmira,E1-E2,S4,3,Unilateral,7,1,Otro,3,Artística,BC,11,EM,NO,Hasta 24:00,,,,,-,Cambio luminaria,PC-Ambar,PC-Ambar-32,EL,DP,El Paso,11,,32,Plaza Gazmina 
218422.820926892,3172821.4118626,13666,1011,CM-001,Plaza gazmira,E1-E2,S4,3,Unilateral,7,1,Otro,3,Artística,BC,11,EM,NO,Hasta 24:00,,,,,-,Cambio luminaria,PC-Ambar,PC-Ambar-32,EL,DP,El Paso,11,,32,Plaza Gazmina 
218417.868746252,3172822.30743521,13667,1012,CM-001,Plaza gazmira,E1-E2,S4,3,Unilateral,7,1,Otro,3,Artística,BC,11,EM,NO,Hasta 24:00,,,,,-,Cambio luminaria,PC-Ambar,PC-Ambar-32,EL,DP,El Paso,11,,32,Plaza Gazmina 
218411.38418465,3172823.48012986,13668,1013,CM-001,Plaza gazmira,E1-E2,S4,3,Unilateral,7,1,Otro,3,Artística,BC,11,EM,NO,Hasta 24:00,,,,,-,Cambio luminaria,PC-Ambar,PC-Ambar-32,EL,DP,El Paso,11,,32,Plaza Gazmina 
218405.815327446,3172824.48722478,13669,1014,CM-001,Plaza gazmira,E1-E2,S4,3,Unilateral,7,1,Otro,3,Artística,BC,11,EM,NO,Hasta 24:00,,,,,-,Cambio luminaria,PC-Ambar,PC-Ambar-32,EL,DP,El Paso,11,,32,Plaza Gazmina 
218370.568432843,3172861.61446562,13670,1016,CM-001,Plaza resinto ferial,E1-E2,S4,,Bilateral,15,4,Otro,6,Artística,VSBP,35,EM,NO,Noche entera,,,,,Hasta 24:00,Cambio luminaria,PC-Ambar,PC-Ambar-49,EL,DP,El Paso,35,,49,Plaza Gazmina 
218356.425435223,3172864.75593027,13671,1015,CM-001,Plaza resinto ferial,E1-E2,S4,,Bilateral,15,4,Otro,6,Artística,VSBP,35,EM,NO,Noche entera,,,,,Hasta 24:00,Cambio luminaria,PC-Ambar,PC-Ambar-49,EL,DP,El Paso,35,,49,Plaza Gazmina 
218353.753959787,3172847.32087146,13672,1017,CM-001,Plaza resinto ferial,E1-E2,S4,,Bilateral,15,4,Otro,6,Artística,VSBP,35,EM,NO,Noche entera,,,,,Hasta 24:00,Cambio luminaria,PC-Ambar,PC-Ambar-49,EL,DP,El Paso,35,,49,Plaza Gazmina 
218366.796975223,3172844.96479355,13673,1018,CM-001,Plaza resinto ferial,E1-E2,S4,,Bilateral,15,4,Otro,6,Artística,VSBP,35,EM,NO,Noche entera,,,,,Hasta 24:00,Cambio luminaria,PC-Ambar,PC-Ambar-49,EL,DP,El Paso,35,,49,Plaza Gazmina 
218435.040829822,3172877.51536136,13674,1028,CM-001,Plaza resinto ferial,E1-E2,S4,,Bilateral,15,4,Otro,6,Artística,VSBP,35,EM,NO,Noche entera,,,,,Hasta 24:00,Cambio luminaria,PC-Ambar,PC-Ambar-49,EL,DP,El Paso,35,,49,Plaza Gazmina 
218418.915230846,3172891.08372346,13675,1027,CM-001,Plaza resinto ferial,E1-E2,S4,,Bilateral,15,4,Otro,6,Artística,VSBP,35,EM,NO,Noche entera,,,,,Hasta 24:00,Cambio luminaria,PC-Ambar,PC-Ambar-49,EL,DP,El Paso,35,,49,Plaza Gazmina 
218406.65043578,3172883.26554087,13676,1019,CM-001,Plaza resinto ferial,E1-E2,S4,,Bilateral,15,4,Otro,6,Artística,VSBP,35,EM,NO,Noche entera,,,,,Hasta 24:00,Cambio luminaria,PC-Ambar,PC-Ambar-49,EL,DP,El Paso,35,,49,Plaza Gazmina 
218379.908388018,3172888.68186495,13677,1020,CM-001,Plaza resinto ferial,E1-E2,S4,,Bilateral,15,4,Otro,6,Artística,VSBP,35,EM,NO,Noche entera,,,,,Hasta 24:00,Cambio luminaria,PC-Ambar,PC-Ambar-49,EL,DP,El Paso,35,,49,Plaza Gazmina 
218347.81,3172894.0,13678,1021,CM-001,Plaza resinto ferial,E1-E2,S4,,Bilateral,15,4,Otro,6,Artística,VSBP,35,EM,NO,Noche entera,,,,,Hasta 24:00,Cambio luminaria,PC-Ambar,PC-Ambar-49,EL,DP,El Paso,35,,49,Plaza Gazmina 
218327.150000002,3172894.95,13679,1022,CM-001,Plaza resinto ferial,E1-E2,S4,,Bilateral,15,4,Otro,6,Artística,VSBP,35,EM,NO,Noche entera,,,,,Hasta 24:00,Cambio luminaria,PC-Ambar,PC-Ambar-49,EL,DP,El Paso,35,,49,Plaza Gazmina 
218313.650000001,3172907.87,13680,1023,CM-001,Plaza resinto ferial,E1-E2,S4,,Bilateral,15,4,Otro,6,Artística,VSBP,35,EM,NO,Noche entera,,,,,Hasta 24:00,Cambio luminaria,PC-Ambar,PC-Ambar-49,EL,DP,El Paso,35,,49,Plaza Gazmina 
218395.60140754,3172895.90282693,13681,1026,CM-001,Plaza resinto ferial,E1-E2,S4,,Bilateral,15,4,Otro,6,Artística,VSBP,35,EM,NO,Noche entera,,,,,Hasta 24:00,Cambio luminaria,PC-Ambar,PC-Ambar-49,EL,DP,El Paso,35,,49,Plaza Gazmina 
218367.171815898,3172901.7793896,13682,1025,CM-001,Plaza resinto ferial,E1-E2,S4,,Bilateral,15,4,Otro,6,Artística,VSBP,35,EM,NO,Noche entera,,,,,Hasta 24:00,Cambio luminaria,PC-Ambar,PC-Ambar-49,EL,DP,El Paso,35,,49,Plaza Gazmina 
218338.164983486,3172907.7752713,13683,1024,CM-001,Plaza resinto ferial,E1-E2,S4,,Bilateral,15,4,Otro,6,Artística,VSBP,35,EM,NO,Noche entera,,,,,Hasta 24:00,Cambio luminaria,PC-Ambar,PC-Ambar-49,EL,DP,El Paso,35,,49,Plaza Gazmina 
218406.10013582,3172880.12181895,13684,1033,CM-001,Calle tanausu,D3-D4,S4,"14,5",Tresbolillo,30,1,Brazo,6,Peatonal,VSBP,35,EM,NO,Noche entera,,70,,,Hasta 24:00,Cambio luminaria,PC-Ambar,PC-Ambar-49,EL,DP,El Paso,35,70,49,Plaza Gazmina 
218378.775457881,3172886.26655739,13685,1029,CM-001,Plaza resinto ferial,E1-E2,S4,,Bilateral,15,4,Otro,6,Artística,VSBP,35,EM,NO,Noche entera,,,,,Hasta 24:00,Cambio luminaria,PC-Ambar,PC-Ambar-49,EL,DP,El Paso,35,,49,Plaza Gazmina 
218346.746709529,3172892.16834009,13686,1030,CM-001,Plaza resinto ferial,E1-E2,S4,,Bilateral,15,4,Otro,6,Artística,VSBP,35,EM,NO,Noche entera,,,,,Hasta 24:00,Cambio luminaria,PC-Ambar,PC-Ambar-49,EL,DP,El Paso,35,,49,Plaza Gazmina 
218325.792856386,3172893.04046146,13687,1031,CM-001,Calle tanausu,D3-D4,S4,"14,5",Tresbolillo,30,1,Brazo,6,Peatonal,VSBP,35,EM,NO,Noche entera,,70,,,Hasta 24:00,Cambio luminaria,PC-Ambar,PC-Ambar-49,EL,DP,El Paso,35,70,49,Plaza Gazmina 
218311.606202669,3172910.22000922,13688,1032,CM-001,Calle tanausu,D3-D4,S4,"14,5",Tresbolillo,30,1,Brazo,6,Peatonal,VSBP,35,EM,NO,Noche entera,,70,,,Hasta 24:00,Cambio luminaria,PC-Ambar,PC-Ambar-49,EL,DP,El Paso,35,70,49,Plaza Gazmina 
218324.194013895,3172928.65210469,13689,1034,CM-001,Calle tanausu,D3-D4,S4,"14,5",Tresbolillo,30,1,Brazo,6,Peatonal,VSBP,35,EM,NO,Noche entera,,70,,,Hasta 24:00,Cambio luminaria,PC-Ambar,PC-Ambar-49,EL,DP,El Paso,35,70,49,Plaza Gazmina 
218324.768874891,3172947.18012477,13690,1035,CM-001,Calle tanausu,D3-D4,S4,"14,5",Tresbolillo,30,1,Brazo,6,Peatonal,VSBP,35,EM,NO,Noche entera,,70,,,Hasta 24:00,Cambio luminaria,PC-Ambar,PC-Ambar-49,EL,DP,El Paso,35,70,49,Plaza Gazmina 
218325.275678989,3172964.69720024,13691,1036,CM-001,Calle tanausu,D3-D4,S4,"14,5",Tresbolillo,30,1,Brazo,6,Peatonal,VSBP,35,EM,NO,Noche entera,,70,,,Hasta 24:00,Cambio luminaria,PC-Ambar,PC-Ambar-49,EL,DP,El Paso,35,70,49,Plaza Gazmina 
218326.581114887,3173013.84947812,13692,1037,CM-001,Calle tanausu,D3-D4,S4,"14,5",Tresbolillo,30,1,Brazo,6,Peatonal,VSBP,35,EM,NO,Noche entera,,70,,,Hasta 24:00,Cambio luminaria,PC-Ambar,PC-Ambar-49,EL,DP,El Paso,35,70,49,Plaza Gazmina 
218327.212602801,3173038.06830262,13693,1038,CM-001,Calle tanausu,D3-D4,S4,"14,5",Tresbolillo,30,1,Brazo,6,Peatonal,VSBP,35,EM,NO,Noche entera,,70,,,Hasta 24:00,Cambio luminaria,PC-Ambar,PC-Ambar-49,EL,DP,El Paso,35,70,49,Plaza Gazmina 
218327.720455669,3173061.99035948,13694,1039,CM-001,Calle tanausu,D3-D4,S4,"14,5",Tresbolillo,30,1,Brazo,6,Peatonal,VSBP,35,EM,NO,Noche entera,,70,,,Hasta 24:00,Cambio luminaria,PC-Ambar,PC-Ambar-49,EL,DP,El Paso,35,70,49,Plaza Gazmina 
218328.376248653,3173080.63377468,13695,1040,CM-001,Calle tanausu,D3-D4,S4,"14,5",Tresbolillo,30,1,Brazo,6,Peatonal,VSBP,35,EM,NO,Noche entera,,70,,,Hasta 24:00,Cambio luminaria,PC-Ambar,PC-Ambar-49,EL,DP,El Paso,35,70,49,Plaza Gazmina 
218328.850785386,3173100.84921017,13696,1041,CM-001,Calle tanausu 2,E1-E2,S4,3,Unilateral,30,1,Brazo,4,Peatonal,VSBP,35,EM,NO,Noche entera,,70,,,Hasta 24:00,Cambio luminaria,PC-Ambar,PC-Ambar-32,EL,DP,El Paso,35,70,32,Plaza Gazmina 
218327.020039667,3173121.29019954,13697,1042,CM-001,Calle tanausu 2,E1-E2,S4,3,Unilateral,30,1,Brazo,4,Peatonal,VSBP,35,EM,NO,Noche entera,,70,,,Hasta 24:00,Cambio luminaria,PC-Ambar,PC-Ambar-32,EL,DP,El Paso,35,70,32,Plaza Gazmina 
218313.858364878,3173137.62289216,13698,1043,CM-001,Calle tanausu 2,E1-E2,S4,3,Unilateral,30,1,Brazo,4,Peatonal,VSBP,35,EM,NO,Noche entera,,70,,,Hasta 24:00,Cambio luminaria,PC-Ambar,PC-Ambar-32,EL,DP,El Paso,35,70,32,Plaza Gazmina 
218288.467528605,3173144.80089116,13699,1044,CM-001,Calle tanausu 2,E1-E2,S4,3,Unilateral,30,1,Brazo,4,Peatonal,VSBP,35,EM,NO,Noche entera,,70,,,Hasta 24:00,Cambio luminaria,PC-Ambar,PC-Ambar-32,EL,DP,El Paso,35,70,32,Plaza Gazmina 
218339.990770438,3172977.33482238,13700,1045,CM-001,Calle tanausu 2,E1-E2,S4,3,Unilateral,30,1,Brazo,4,Peatonal,VSBP,35,EM,NO,Noche entera,,70,,,Hasta 24:00,Cambio luminaria,PC-Ambar,PC-Ambar-32,EL,DP,El Paso,35,70,32,Plaza Gazmina 
218366.054447577,3172979.74852921,13701,1046,CM-001,Calle antonio gonzalez suarez,D3-D4,S4,15,Unilateral,20,1,Brazo,7,Viaria,VSBP,35,EM,NO,Noche entera,,,,,-,Cambio luminaria,PC-Ambar,PC-Ambar-32,EL,DP,El Paso,35,,32,Plaza Gazmina 
218383.812666189,3172963.79517514,13702,1047,CM-001,Calle antonio gonzalez suarez,D3-D4,S4,15,Unilateral,20,1,Brazo,7,Viaria,VSBP,35,EM,NO,Noche entera,,,,,-,Cambio luminaria,PC-Ambar,PC-Ambar-32,EL,DP,El Paso,35,,32,Plaza Gazmina 
218403.499664181,3172968.22961191,13703,1048,CM-001,Calle antonio gonzalez suarez,D3-D4,S4,15,Unilateral,20,1,Brazo,7,Viaria,VSBP,35,EM,NO,Noche entera,,,,,-,Cambio luminaria,PC-Ambar,PC-Ambar-32,EL,DP,El Paso,35,,32,Plaza Gazmina 
218428.234921169,3172949.56463381,13704,1049,CM-001,Calle antonio gonzalez suarez,D3-D4,S4,15,Unilateral,20,1,Brazo,7,Viaria,VSBP,35,EM,NO,Noche entera,,,,,-,Cambio luminaria,PC-Ambar,PC-Ambar-32,EL,DP,El Paso,35,,32,Plaza Gazmina 
218450.77693931,3172953.36677186,13705,1050,CM-001,Calle antonio gonzalez suarez,D3-D4,S4,15,Unilateral,20,1,Brazo,7,Viaria,VSBP,35,EM,NO,Noche entera,,,,,-,Cambio luminaria,PC-Ambar,PC-Ambar-32,EL,DP,El Paso,35,,32,Plaza Gazmina 
218287.603190528,3173005.91376906,13706,1051,CM-001,Calle antonio gonzalez suarez,D3-D4,S4,15,Unilateral,20,1,Brazo,7,Viaria,VSBP,35,EM,NO,Noche entera,,,,,-,Cambio luminaria,PC-Ambar,PC-Ambar-32,EL,DP,El Paso,35,,32,Plaza Gazmina 
218250.753190527,3173011.48376906,13707,1052,CM-001,Calle antonio gonzalez suarez,D3-D4,S4,15,Unilateral,20,1,Brazo,7,Viaria,VSBP,35,EM,NO,Noche entera,,,,,-,Cambio luminaria,PC-Ambar,PC-Ambar-32,EL,DP,El Paso,35,,32,Plaza Gazmina 
218219.864290529,3173011.24281906,13708,1053,CM-001,Calle antonio gonzalez suarez,D3-D4,S4,15,Unilateral,20,1,Brazo,7,Viaria,VSBP,35,EM,NO,Noche entera,,,,,-,Cambio luminaria,PC-Ambar,PC-Ambar-32,EL,DP,El Paso,35,,32,Plaza Gazmina 
218189.043190528,3173017.87376906,13709,1054,CM-001,Calle antonio gonzalez suarez,D3-D4,S4,15,Unilateral,20,1,Brazo,7,Viaria,VSBP,35,EM,NO,Noche entera,,,,,-,Cambio luminaria,PC-Ambar,PC-Ambar-32,EL,DP,El Paso,35,,32,Plaza Gazmina 
218164.824156658,3173032.04753605,13710,1055,CM-001,Calle antonio gonzalez suarez,D3-D4,S4,15,Unilateral,20,1,Brazo,7,Viaria,VSBP,35,EM,NO,Noche entera,,,,,-,Cambio luminaria,PC-Ambar,PC-Ambar-32,EL,DP,El Paso,35,,32,Plaza Gazmina 
218147.759414305,3173047.65043858,13711,1056,CM-001,Calle antonio gonzalez suarez,D3-D4,S4,15,Unilateral,20,1,Brazo,7,Viaria,VSBP,35,EM,NO,Noche entera,,,,,-,Cambio luminaria,PC-Ambar,PC-Ambar-32,EL,DP,El Paso,35,,32,Plaza Gazmina 
218126.46816856,3173067.11778391,13712,1057,CM-001,Calle juan perez capote,D3-D4,S4,10,Tresbolillo,45,1,Brazo,7,Viaria,VSBP,35,EM,NO,Noche entera,,,,,-,Cambio equipo,Viaria,VSBP-35,EL,NO,El Paso,35,,35,Plaza Gazmina 
218295.983794472,3173019.47117701,13713,1058,CM-001,Calle juan perez capote,D3-D4,S4,10,Tresbolillo,45,1,Brazo,7,Viaria,VSBP,35,EM,NO,Noche entera,,,,,-,Cambio equipo,Viaria,VSBP-35,EL,NO,El Paso,35,,35,Plaza Gazmina 
218296.946688741,3173036.64751153,13714,1059,CM-001,Calle juan perez capote,D3-D4,S4,10,Tresbolillo,45,1,Brazo,7,Viaria,VSBP,35,EM,NO,Noche entera,,,,,-,Cambio equipo,Viaria,VSBP-35,EL,NO,El Paso,35,,35,Plaza Gazmina 
219368.898442294,3172466.55698142,14718,22001,CM-022,Calle juana morales,D3-D4,S4,6,Unilateral,40,1,Brazo,5,Viaria,VSBP,35,EM,NO,Noche entera,,,,,-,Cambio luminaria,PC-Ambar,PC-Ambar-49,EL,DP,El Paso,35,,49,Calle Juana Morales 
219421.561966723,3172448.77925543,14719,22002,CM-022,Calle juana morales,D3-D4,S4,6,Unilateral,40,1,Brazo,5,Viaria,VSBP,35,EM,NO,Noche entera,,,,,-,Cambio luminaria,PC-Ambar,PC-Ambar-49,EL,DP,El Paso,35,,49,Calle Juana Morales 
219467.850852678,3172428.26131121,14720,22003,CM-022,Calle juana morales,D3-D4,S4,6,Unilateral,40,1,Brazo,5,Viaria,VSBP,35,EM,NO,Noche entera,,,,,-,Cambio luminaria,PC-Ambar,PC-Ambar-49,EL,DP,El Paso,35,,49,Calle Juana Morales 
219513.282428298,3172408.52117142,14721,22004,CM-022,Calle juana morales,D3-D4,S4,6,Unilateral,40,1,Brazo,5,Viaria,VSBP,35,EM,NO,Noche entera,,,,,-,Cambio luminaria,PC-Ambar,PC-Ambar-49,EL,DP,El Paso,35,,49,Calle Juana Morales 
219547.292986137,3172389.55117296,14722,22005,CM-022,Calle juana morales,D3-D4,S4,6,Unilateral,40,1,Brazo,5,Viaria,VSBP,35,EM,NO,Noche entera,,,,,-,Cambio luminaria,PC-Ambar,PC-Ambar-49,EL,DP,El Paso,35,,49,Calle Juana Morales 
219580.076298364,3172361.2207006,14723,22006,CM-022,Calle juana morales,D3-D4,S4,6,Unilateral,40,1,Brazo,5,Viaria,VSBP,35,EM,NO,Noche entera,,,,,-,Cambio luminaria,PC-Ambar,PC-Ambar-49,EL,DP,El Paso,35,,49,Calle Juana Morales 
219582.049286524,3172420.59055037,14724,22007,CM-022,Calle juana morales,D3-D4,S4,6,Unilateral,40,1,Brazo,5,Viaria,VSBP,35,EM,NO,Noche entera,,,,,-,Cambio luminaria,PC-Ambar,PC-Ambar-49,EL,DP,El Paso,35,,49,Calle Juana Morales 
219599.547812485,3172326.72909765,14725,22008,CM-022,Calle juana morales,D3-D4,S4,6,Unilateral,40,1,Brazo,5,Viaria,VSBP,35,EM,NO,Noche entera,,,,,-,Cambio luminaria,PC-Ambar,PC-Ambar-49,EL,DP,El Paso,35,,49,Calle Juana Morales 
219609.453857213,3172272.3555876,14726,22009,CM-022,Calle juana morales,D3-D4,S4,6,Unilateral,40,1,Brazo,5,Viaria,VSBP,35,EM,NO,Noche entera,,,,,-,Cambio luminaria,PC-Ambar,PC-Ambar-49,EL,DP,El Paso,35,,49,Calle Juana Morales 
219629.412746387,3172235.6493494,14727,22010,CM-022,Calle juana morales,D3-D4,S4,6,Unilateral,40,1,Brazo,5,Viaria,VSBP,35,EM,NO,Noche entera,,,,,-,Cambio luminaria,PC-Ambar,PC-Ambar-49,EL,DP,El Paso,35,,49,Calle Juana Morales 
219659.765055342,3172195.88553521,14728,22011,CM-022,Calle juana morales,D3-D4,S4,6,Unilateral,40,1,Brazo,5,Viaria,VSBP,35,EM,NO,Noche entera,,,,,-,Cambio luminaria,PC-Ambar,PC-Ambar-49,EL,DP,El Paso,35,,49,Calle Juana Morales 
219700.181952719,3172161.89203362,14729,22012,CM-022,Calle juana morales,D3-D4,S4,6,Unilateral,40,1,Brazo,5,Viaria,VSBP,35,EM,NO,Noche entera,,,,,-,Cambio luminaria,PC-Ambar,PC-Ambar-49,EL,DP,El Paso,35,,49,Calle Juana Morales 
219754.409767227,3172133.06729145,14730,22013,CM-022,Calle juana morales,D3-D4,S4,6,Unilateral,40,1,Brazo,5,Viaria,VSBP,35,EM,NO,Noche entera,,,,,-,Cambio luminaria,PC-Ambar,PC-Ambar-49,EL,DP,El Paso,35,,49,Calle Juana Morales 
219220.814,3172491.0535,14731,22014,CM-022,Calle fatima alto,D3-D4,S4,6,Unilateral,40,1,Brazo,5,Viaria,VSBP,35,EM,NO,Noche entera,,,,,-,Cambio luminaria,PC-Ambar,PC-Ambar-49,EL,DP,El Paso,35,,49,Calle Juana Morales 
219258.589000002,3172487.8,14732,22015,CM-022,Calle fatima alto,D3-D4,S4,6,Unilateral,40,1,Brazo,5,Viaria,VSBP,35,EM,NO,Noche entera,,,,,-,Cambio luminaria,PC-Ambar,PC-Ambar-49,EL,DP,El Paso,35,,49,Calle Juana Morales 
219304.304226828,3172489.80748075,14733,22016,CM-022,Calle fatima alto,D3-D4,S4,6,Unilateral,40,1,Brazo,5,Viaria,VSBP,35,EM,NO,Noche entera,,,,,-,Cambio luminaria,PC-Ambar,PC-Ambar-49,EL,DP,El Paso,35,,49,Calle Juana Morales 
219344.200200615,3172501.82959096,14734,22017,CM-022,Calle fatima alto,D3-D4,S4,6,Unilateral,40,1,Brazo,5,Viaria,VSBP,35,EM,NO,Noche entera,,,,,-,Cambio luminaria,PC-Ambar,PC-Ambar-49,EL,DP,El Paso,35,,49,Calle Juana Morales 
219356.795500002,3172548.089,14735,22018,CM-022,Calle de la hoya del casta?ero,D3-D4,S4,4,Unilateral,40,1,Brazo,5,Viaria,VSBP,35,EM,NO,Noche entera,,,,,-,Cambio luminaria,PC-Ambar,PC-Ambar-49,EL,DP,El Paso,35,,49,Calle Juana Morales 
225231.645571774,3173218.12511911,15474,1001,CM-001,Túenl de la Cumbre LP3,B1,ME5,11,Tresbolillo,25,1,BrzS,10,Viaria con cierre vidrio plano (tipo I),VSBP,35,EM,NO,Noche entera,-,-,-,-,-,Cambio luminaria,PC Ámbar,PC Ámbar-53,EL,TGP,Cabildo,35,,53,TUNEL LP3
225261.217763556,3173230.91592976,15475,1002,CM-001,Túenl de la Cumbre LP3,B1,ME5,11,Tresbolillo,25,1,BrzS,10,Viaria con cierre vidrio plano (tipo I),VSBP,35,EM,NO,Noche entera,-,-,-,-,-,Cambio luminaria,PC Ámbar,PC Ámbar-53,EL,TGP,Cabildo,35,,53,TUNEL LP3
225282.62448437,3173258.48234198,15476,1003,CM-001,Túenl de la Cumbre LP3,B1,ME5,11,Tresbolillo,25,1,BrzS,10,Viaria con cierre vidrio plano (tipo I),VSBP,35,EM,NO,Noche entera,-,-,-,-,-,Cambio luminaria,PC Ámbar,PC Ámbar-53,EL,TGP,Cabildo,35,,53,TUNEL LP3
225283.727914561,3173273.25792491,15477,1004,CM-001,Túenl de la Cumbre LP3,B1,ME5,11,Tresbolillo,25,1,BrzS,10,Viaria con cierre vidrio plano (tipo I),VSBP,35,EM,NO,Noche entera,-,-,-,-,-,Cambio luminaria,PC Ámbar,PC Ámbar-53,EL,TGP,Cabildo,35,,53,TUNEL LP3
225298.072638376,3173277.44801838,15478,1005,CM-001,Túenl de la Cumbre LP3,B1,ME5,11,Tresbolillo,25,1,BrzS,10,Viaria con cierre vidrio plano (tipo I),VSBP,35,EM,NO,Noche entera,-,-,-,-,-,Cambio luminaria,PC Ámbar,PC Ámbar-53,EL,TGP,Cabildo,35,,53,TUNEL LP3
225308.665655764,3173289.13617775,15479,1006,CM-001,Túenl de la Cumbre LP3,B1,ME5,11,Tresbolillo,25,1,BrzS,10,Viaria con cierre vidrio plano (tipo I),VSBP,35,EM,NO,Noche entera,-,-,-,-,-,Cambio luminaria,PC Ámbar,PC Ámbar-53,EL,TGP,Cabildo,35,,53,TUNEL LP3
225308.600338651,3173301.17469193,15480,1007,CM-001,Túenl de la Cumbre LP3,B1,ME5,11,Tresbolillo,25,1,BrzS,10,Viaria con cierre vidrio plano (tipo I),VSBP,35,EM,NO,Noche entera,-,-,-,-,-,Cambio luminaria,PC Ámbar,PC Ámbar-53,EL,TGP,Cabildo,35,,53,TUNEL LP3
225324.999924846,3173308.58827684,15481,1008,CM-001,Túenl de la Cumbre LP3,B1,ME5,11,Tresbolillo,25,1,BrzS,10,Viaria con cierre vidrio plano (tipo I),VSBP,35,EM,NO,Noche entera,-,-,-,-,-,Cambio luminaria,PC Ámbar,PC Ámbar-53,EL,TGP,Cabildo,35,,53,TUNEL LP3
225337.494799714,3173332.38979612,15482,1010,CM-001,Túenl de la Cumbre LP3,B1,ME5,11,Tresbolillo,25,1,BrzS,10,Viaria con cierre vidrio plano (tipo I),VSBP,35,EM,NO,Noche entera,-,-,-,-,-,Cambio luminaria,PC Ámbar,PC Ámbar-53,EL,TGP,Cabildo,35,,53,TUNEL LP3
225351.942052134,3173357.36189811,15483,1012,CM-001,Túenl de la Cumbre LP3,B1,ME5,11,Tresbolillo,25,1,BrzS,10,Viaria con cierre vidrio plano (tipo I),VSBP,35,EM,NO,Noche entera,-,-,-,-,-,Cambio luminaria,PC Ámbar,PC Ámbar-53,EL,TGP,Cabildo,35,,53,TUNEL LP3
225364.436970782,3173376.87134289,15484,1013,CM-001,Túenl de la Cumbre LP3,B1,ME5,11,Tresbolillo,25,1,BrzS,10,Viaria con cierre vidrio plano (tipo I),VSBP,35,EM,NO,Noche entera,-,-,-,-,-,Cambio luminaria,PC Ámbar,PC Ámbar-53,EL,TGP,Cabildo,35,,53,TUNEL LP3
225378.493765202,3173399.50231672,15485,1015,CM-001,Túenl de la Cumbre LP3,B1,ME5,11,Tresbolillo,25,1,BrzS,10,Viaria con cierre vidrio plano (tipo I),VSBP,35,EM,NO,Noche entera,-,-,-,-,-,Cambio luminaria,PC Ámbar,PC Ámbar-53,EL,TGP,Cabildo,35,,53,TUNEL LP3
225388.645892074,3173418.62157969,15486,1017,CM-001,Túenl de la Cumbre LP3,B1,ME5,11,Tresbolillo,25,1,BrzS,10,Viaria con cierre vidrio plano (tipo I),VSBP,35,EM,NO,Noche entera,-,-,-,-,-,Cambio luminaria,PC Ámbar,PC Ámbar-53,EL,TGP,Cabildo,35,,53,TUNEL LP3
225321.876173296,3173324.58602939,15487,1009,CM-001,Túenl de la Cumbre LP3,B1,ME5,11,Tresbolillo,25,1,BrzS,10,Viaria con cierre vidrio plano (tipo I),VSBP,35,EM,NO,Noche entera,-,-,-,-,-,Cambio luminaria,PC Ámbar,PC Ámbar-53,EL,TGP,Cabildo,35,,53,TUNEL LP3
225337.885301491,3173351.89925953,15488,1011,CM-001,Túenl de la Cumbre LP3,B1,ME5,11,Tresbolillo,25,1,BrzS,10,Viaria con cierre vidrio plano (tipo I),VSBP,35,EM,NO,Noche entera,-,-,-,-,-,Cambio luminaria,PC Ámbar,PC Ámbar-53,EL,TGP,Cabildo,35,,53,TUNEL LP3
225346.853271126,3173397.99153632,15489,1014,CM-001,Túenl de la Cumbre LP3,B1,ME5,11,Tresbolillo,25,1,BrzS,10,Viaria con cierre vidrio plano (tipo I),VSBP,35,EM,NO,Noche entera,-,-,-,-,-,Cambio luminaria,PC Ámbar,PC Ámbar-53,EL,TGP,Cabildo,35,,53,TUNEL LP3
225360.910065546,3173421.7930556,15490,1016,CM-001,Túenl de la Cumbre LP3,B1,ME5,11,Tresbolillo,25,1,BrzS,10,Viaria con cierre vidrio plano (tipo I),VSBP,35,EM,NO,Noche entera,-,-,-,-,-,Cambio luminaria,PC Ámbar,PC Ámbar-53,EL,TGP,Cabildo,35,,53,TUNEL LP3
225397.467992656,3173454.14413381,15491,1018,CM-001,Túenl de la Cumbre LP3,B1,ME5,11,Tresbolillo,25,1,BrzS,10,Viaria con cierre vidrio plano (tipo I),VSBP,35,EM,NO,Noche entera,-,-,-,-,-,Cambio luminaria,PC Ámbar,PC Ámbar-53,EL,TGP,Cabildo,35,,53,TUNEL LP3
225416.928464871,3173460.36708272,15492,1019,CM-001,Túenl de la Cumbre LP3,B1,ME5,11,Tresbolillo,25,1,BrzS,10,Viaria con cierre vidrio plano (tipo I),VSBP,35,EM,NO,Noche entera,-,-,-,-,-,Cambio luminaria,PC Ámbar,PC Ámbar-53,EL,TGP,Cabildo,35,,53,TUNEL LP3
225430.680519059,3173478.77657858,15493,1021,CM-001,Túenl de la Cumbre LP3,B1,ME5,11,Tresbolillo,25,1,BrzS,10,Viaria con cierre vidrio plano (tipo I),VSBP,35,EM,NO,Noche entera,-,-,-,-,-,Cambio luminaria,PC Ámbar,PC Ámbar-53,EL,TGP,Cabildo,35,,53,TUNEL LP3
225444.173143481,3173497.18611171,15494,1023,CM-001,Túenl de la Cumbre LP3,B1,ME5,11,Tresbolillo,25,1,BrzS,10,Viaria con cierre vidrio plano (tipo I),VSBP,35,EM,NO,Noche entera,-,-,-,-,-,Cambio luminaria,PC Ámbar,PC Ámbar-53,EL,TGP,Cabildo,35,,53,TUNEL LP3
225472.455716277,3173537.63515851,15495,1027,CM-001,Túenl de la Cumbre LP3,B1,ME5,11,Tresbolillo,25,1,BrzS,10,Viaria con cierre vidrio plano (tipo I),VSBP,35,EM,NO,Noche entera,-,-,-,-,-,Cambio luminaria,PC Ámbar,PC Ámbar-53,EL,TGP,Cabildo,35,,53,TUNEL LP3
225458.184671217,3173515.85490254,15496,1025,CM-001,Túenl de la Cumbre LP3,B1,ME5,11,Tresbolillo,25,1,BrzS,10,Viaria con cierre vidrio plano (tipo I),VSBP,35,EM,NO,Noche entera,-,-,-,-,-,Cambio luminaria,PC Ámbar,PC Ámbar-53,EL,TGP,Cabildo,35,,53,TUNEL LP3
225413.555308766,3173475.14652349,15497,1020,CM-001,Túenl de la Cumbre LP3,B1,ME5,11,Tresbolillo,25,1,BrzS,10,Viaria con cierre vidrio plano (tipo I),VSBP,35,EM,NO,Noche entera,-,-,-,-,-,Cambio luminaria,PC Ámbar,PC Ámbar-53,EL,TGP,Cabildo,35,,53,TUNEL LP3
225427.307406734,3173493.55603798,15498,1022,CM-001,Túenl de la Cumbre LP3,B1,ME5,11,Tresbolillo,25,1,BrzS,10,Viaria con cierre vidrio plano (tipo I),VSBP,35,EM,NO,Noche entera,-,-,-,-,-,Cambio luminaria,PC Ámbar,PC Ámbar-53,EL,TGP,Cabildo,35,,53,TUNEL LP3
225443.135249294,3173513.0026951,15499,1024,CM-001,Túenl de la Cumbre LP3,B1,ME5,11,Tresbolillo,25,1,BrzS,10,Viaria con cierre vidrio plano (tipo I),VSBP,35,EM,NO,Noche entera,-,-,-,-,-,Cambio luminaria,PC Ámbar,PC Ámbar-53,EL,TGP,Cabildo,35,,53,TUNEL LP3
225455.070988657,3173534.00510342,15500,1026,CM-001,Túenl de la Cumbre LP3,B1,ME5,11,Tresbolillo,25,1,BrzS,10,Viaria con cierre vidrio plano (tipo I),VSBP,35,EM,NO,Noche entera,-,-,-,-,-,Cambio luminaria,PC Ámbar,PC Ámbar-53,EL,TGP,Cabildo,35,,53,TUNEL LP3
225481.192711989,3173562.32064385,15501,1029,CM-001,Túenl de la Cumbre LP3,B1,ME5,11,Tresbolillo,25,1,BrzS,10,Viaria con cierre vidrio plano (tipo I),VSBP,35,EM,NO,Noche entera,-,-,-,-,-,Cambio luminaria,PC Ámbar,PC Ámbar-53,EL,TGP,Cabildo,35,,53,TUNEL LP3
225476.442424221,3173601.02613556,15502,1031,CM-001,Túenl de la Cumbre LP3,B1,ME5,11,Tresbolillo,25,1,BrzS,10,Viaria con cierre vidrio plano (tipo I),VSBP,35,EM,NO,Noche entera,-,-,-,-,-,Cambio luminaria,PC Ámbar,PC Ámbar-53,EL,TGP,Cabildo,35,,53,TUNEL LP3
225466.576475614,3173551.73140836,15503,1028,CM-001,Túenl de la Cumbre LP3,B1,ME5,11,Tresbolillo,25,1,BrzS,10,Viaria con cierre vidrio plano (tipo I),VSBP,35,EM,NO,Noche entera,-,-,-,-,-,Cambio luminaria,PC Ámbar,PC Ámbar-53,EL,TGP,Cabildo,35,,53,TUNEL LP3
225470.230556597,3173577.656787,15504,1030,CM-001,Túenl de la Cumbre LP3,B1,ME5,11,Tresbolillo,25,1,BrzS,10,Viaria con cierre vidrio plano (tipo I),VSBP,35,EM,NO,Noche entera,-,-,-,-,-,Cambio luminaria,PC Ámbar,PC Ámbar-53,EL,TGP,Cabildo,35,,53,TUNEL LP3
225455.614320221,3173606.50332954,15505,1032,CM-001,Túenl de la Cumbre LP3,B1,ME5,11,Tresbolillo,25,1,BrzS,10,Viaria con cierre vidrio plano (tipo I),VSBP,35,EM,NO,Noche entera,-,-,-,-,-,Cambio luminaria,PC Ámbar,PC Ámbar-53,EL,TGP,Cabildo,35,,53,TUNEL LP3
225431.86296895,3173614.17140112,15506,1033,CM-001,Túenl de la Cumbre LP3,B1,ME5,11,Tresbolillo,25,1,BrzS,10,Viaria con cierre vidrio plano (tipo I),VSBP,35,EM,NO,Noche entera,-,-,-,-,-,Cambio luminaria,PC Ámbar,PC Ámbar-53,EL,TGP,Cabildo,35,,53,TUNEL LP3
225411.765654881,3173618.18800382,15507,1034,CM-001,Túenl de la Cumbre LP3,B1,ME5,11,Tresbolillo,25,1,BrzS,10,Viaria con cierre vidrio plano (tipo I),VSBP,35,EM,NO,Noche entera,-,-,-,-,-,Cambio luminaria,PC Ámbar,PC Ámbar-53,EL,TGP,Cabildo,35,,53,TUNEL LP3
225391.302923957,3173623.6651978,15508,1035,CM-001,Túenl de la Cumbre LP3,B1,ME5,11,Tresbolillo,25,1,BrzS,10,Viaria con cierre vidrio plano (tipo I),VSBP,35,EM,NO,Noche entera,-,-,-,-,-,Cambio luminaria,PC Ámbar,PC Ámbar-53,EL,TGP,Cabildo,35,,53,TUNEL LP3
225370.474819958,3173630.60298306,15509,1036,CM-001,Túenl de la Cumbre LP3,B1,ME5,11,Tresbolillo,25,1,BrzS,10,Viaria con cierre vidrio plano (tipo I),VSBP,35,EM,NO,Noche entera,-,-,-,-,-,Cambio luminaria,PC Ámbar,PC Ámbar-53,EL,TGP,Cabildo,35,,53,TUNEL LP3
225357.685624075,3173648.1300038,15510,1037,CM-001,Túenl de la Cumbre LP3,B1,ME5,11,Tresbolillo,25,1,BrzS,10,Viaria con cierre vidrio plano (tipo I),VSBP,35,EM,NO,Noche entera,-,-,-,-,-,Cambio luminaria,PC Ámbar,PC Ámbar-53,EL,TGP,Cabildo,35,,53,TUNEL LP3
225260.166735902,3173242.5669831,15511,1038,CM-001,Túenl de la Cumbre LP3_2,B1,ME5,11,Unilateral,25,2,BrzS,10,Viaria con cierre vidrio plano (tipo I),VSBP,35,EM,NO,Noche entera,-,-,-,-,-,Cambio luminaria,PC Ámbar,PC Ámbar-53,EL,TGP,Cabildo,35,,53,TUNEL LP3
225392.781533545,3173432.80644793,15512,1039,CM-001,Túenl de la Cumbre LP3_2,B1,ME5,11,Unilateral,25,2,BrzS,10,Viaria con cierre vidrio plano (tipo I),VSBP,35,EM,NO,Noche entera,-,-,-,-,-,Cambio luminaria,PC Ámbar,PC Ámbar-53,EL,TGP,Cabildo,35,,53,TUNEL LP3
229224.234930742,3172182.23414482,16246,22001,CM-022,General san antonio,D3-D4,S3,7,Unilateral,25,2,Brazo,5,Viaria cierre policarbonato-metacrilato,VSBP,35,EM,NO,Noche entera,VSAP,70,EM,NO,Hasta 24:00,Cambio luminaria,PC Ámbar,PC Ámbar-32,EL,DP,Breña Baja,35,70,32,SAN ANTONIO (ESTACIÓN GUAGUAS) 
229251.736597071,3172165.86825661,16247,22002,CM-022,General san antonio,D3-D4,S3,7,Unilateral,25,2,Brazo,5,Viaria cierre policarbonato-metacrilato,VSBP,35,EM,NO,Noche entera,VSAP,70,EM,NO,Hasta 24:00,Cambio luminaria,PC Ámbar,PC Ámbar-32,EL,DP,Breña Baja,35,70,32,SAN ANTONIO (ESTACIÓN GUAGUAS) 
229268.319979008,3172157.63385824,16248,22003,CM-022,General san antonio,D3-D4,S3,7,Unilateral,25,2,Brazo,5,Viaria cierre policarbonato-metacrilato,VSBP,35,EM,NO,Noche entera,VSAP,70,EM,NO,Hasta 24:00,Cambio luminaria,PC Ámbar,PC Ámbar-32,EL,DP,Breña Baja,35,70,32,SAN ANTONIO (ESTACIÓN GUAGUAS) 
229296.130643548,3172143.22364949,16249,22004,CM-022,General san antonio,D3-D4,S3,7,Unilateral,25,2,Brazo,5,Viaria cierre policarbonato-metacrilato,VSBP,35,EM,NO,Noche entera,VSAP,70,EM,NO,Hasta 24:00,Cambio luminaria,PC Ámbar,PC Ámbar-32,EL,DP,Breña Baja,35,70,32,SAN ANTONIO (ESTACIÓN GUAGUAS) 
229317.349172459,3172134.16579737,16250,22005,CM-022,General san antonio,D3-D4,S3,7,Unilateral,25,2,Brazo,5,Viaria cierre policarbonato-metacrilato,VSBP,35,EM,NO,Noche entera,VSAP,70,EM,NO,Hasta 24:00,Cambio luminaria,PC Ámbar,PC Ámbar-32,EL,DP,Breña Baja,35,70,32,SAN ANTONIO (ESTACIÓN GUAGUAS) 
229343.923800702,3172127.68119185,16251,22006,CM-022,General san antonio,D3-D4,S3,7,Unilateral,25,2,Brazo,5,Viaria cierre policarbonato-metacrilato,VSBP,35,EM,NO,Noche entera,VSAP,70,EM,NO,Hasta 24:00,Cambio luminaria,PC Ámbar,PC Ámbar-32,EL,DP,Breña Baja,35,70,32,SAN ANTONIO (ESTACIÓN GUAGUAS) 
229363.98843208,3172131.09890953,16252,22007,CM-022,General san antonio,D3-D4,S3,7,Unilateral,25,2,Brazo,5,Viaria cierre policarbonato-metacrilato,VSBP,35,EM,NO,Noche entera,VSAP,70,EM,NO,Hasta 24:00,Cambio luminaria,PC Ámbar,PC Ámbar-32,EL,DP,Breña Baja,35,70,32,SAN ANTONIO (ESTACIÓN GUAGUAS) 
229368.548567674,3172142.83300948,16253,22008,CM-022,General san antonio,D3-D4,S3,7,Unilateral,25,2,Brazo,5,Viaria cierre policarbonato-metacrilato,VSBP,35,EM,NO,Noche entera,VSAP,70,EM,NO,Hasta 24:00,Cambio luminaria,PC Ámbar,PC Ámbar-32,EL,DP,Breña Baja,35,70,32,SAN ANTONIO (ESTACIÓN GUAGUAS) 
229380.062944815,3172119.25087099,16254,22009,CM-022,General san antonio,D3-D4,S3,7,Unilateral,25,2,Brazo,5,Viaria cierre policarbonato-metacrilato,VSBP,35,EM,NO,Noche entera,VSAP,70,EM,NO,Hasta 24:00,Cambio luminaria,PC Ámbar,PC Ámbar-32,EL,DP,Breña Baja,35,70,32,SAN ANTONIO (ESTACIÓN GUAGUAS) 
229408.221808181,3172112.98508226,16255,22010,CM-022,General san antonio,D3-D4,S3,7,Unilateral,25,2,Brazo,5,Viaria cierre policarbonato-metacrilato,VSBP,35,EM,NO,Noche entera,VSAP,70,EM,NO,Hasta 24:00,Cambio luminaria,PC Ámbar,PC Ámbar-32,EL,DP,Breña Baja,35,70,32,SAN ANTONIO (ESTACIÓN GUAGUAS) 
229441.708041573,3172080.39246914,16256,22011,CM-022,General san antonio,D3-D4,S3,7,Unilateral,25,2,Brazo,5,Viaria cierre policarbonato-metacrilato,VSBP,35,EM,NO,Noche entera,VSAP,70,EM,NO,Hasta 24:00,Cambio luminaria,PC Ámbar,PC Ámbar-32,EL,DP,Breña Baja,35,70,32,SAN ANTONIO (ESTACIÓN GUAGUAS) 
229464.937421896,3172089.65939795,16257,22013,CM-022,General san antonio,D3-D4,S3,7,Unilateral,25,2,Brazo,5,Viaria cierre policarbonato-metacrilato,VSBP,35,EM,NO,Noche entera,VSAP,70,EM,NO,Hasta 24:00,Cambio luminaria,PC Ámbar,PC Ámbar-32,EL,DP,Breña Baja,35,70,32,SAN ANTONIO (ESTACIÓN GUAGUAS) 
229453.022948122,3172073.8690251,16258,22012,CM-022,General san antonio,D3-D4,S3,7,Unilateral,25,2,Brazo,5,Viaria cierre policarbonato-metacrilato,VSBP,35,EM,NO,Noche entera,VSAP,70,EM,NO,Hasta 24:00,Cambio luminaria,PC Ámbar,PC Ámbar-32,EL,DP,Breña Baja,35,70,32,SAN ANTONIO (ESTACIÓN GUAGUAS) 
229448.859263538,3172057.57395185,16259,22014,CM-022,General san antonio 2,D3-D4,S3,7,Otra,0,1,Brazo,5,Viaria cierre policarbonato-metacrilato,VSBP,35,EM,NO,Noche entera,VSAP,50,EM,NO,Hasta 24:00,Cambio luminaria,PC Ámbar,PC Ámbar-32,EL,DP,Breña Baja,35,50,32,SAN ANTONIO (ESTACIÓN GUAGUAS) 
229466.08980333,3172030.7679558,16260,22016,CM-022,General san antonio 2,D3-D4,S3,7,Otra,0,1,Brazo,5,Viaria cierre policarbonato-metacrilato,VSBP,35,EM,NO,Noche entera,VSAP,50,EM,NO,Hasta 24:00,Cambio luminaria,PC Ámbar,PC Ámbar-32,EL,DP,Breña Baja,35,50,32,SAN ANTONIO (ESTACIÓN GUAGUAS) 
229452.671241022,3172033.08769654,16261,22015,CM-022,General san antonio 2,D3-D4,S3,7,Otra,0,1,Brazo,5,Viaria cierre policarbonato-metacrilato,VSBP,35,EM,NO,Noche entera,VSAP,50,EM,NO,Hasta 24:00,Cambio luminaria,PC Ámbar,PC Ámbar-32,EL,DP,Breña Baja,35,50,32,SAN ANTONIO (ESTACIÓN GUAGUAS) 
229458.735559037,3172015.77313104,16262,22017,CM-022,General san antonio 2,D3-D4,S3,7,Otra,0,1,Brazo,5,Viaria cierre policarbonato-metacrilato,VSBP,35,EM,NO,Noche entera,VSAP,50,EM,NO,Hasta 24:00,Cambio luminaria,PC Ámbar,PC Ámbar-32,EL,DP,Breña Baja,35,50,32,SAN ANTONIO (ESTACIÓN GUAGUAS) 
229473.983121289,3172004.34553218,16263,22019,CM-022,General san antonio 2,D3-D4,S3,7,Otra,0,1,Brazo,5,Viaria cierre policarbonato-metacrilato,VSBP,35,EM,NO,Noche entera,VSAP,50,EM,NO,Hasta 24:00,Cambio luminaria,PC Ámbar,PC Ámbar-32,EL,DP,Breña Baja,35,50,32,SAN ANTONIO (ESTACIÓN GUAGUAS) 
229477.621738176,3172014.73426685,16264,22018,CM-022,General san antonio 2,D3-D4,S3,7,Otra,0,1,Brazo,5,Viaria cierre policarbonato-metacrilato,VSBP,35,EM,NO,Noche entera,VSAP,50,EM,NO,Hasta 24:00,Cambio luminaria,PC Ámbar,PC Ámbar-32,EL,DP,Breña Baja,35,50,32,SAN ANTONIO (ESTACIÓN GUAGUAS) 
229489.577187444,3172003.30664481,16265,22020,CM-022,General san antonio 2,D3-D4,S3,7,Otra,0,1,Brazo,5,Viaria cierre policarbonato-metacrilato,VSBP,35,EM,NO,Noche entera,VSAP,50,EM,NO,Hasta 24:00,Cambio luminaria,PC Ámbar,PC Ámbar-32,EL,DP,Breña Baja,35,50,32,SAN ANTONIO (ESTACIÓN GUAGUAS) 
229484.205877224,3171992.22533401,16266,22021,CM-022,General san antonio 2,D3-D4,S3,7,Otra,0,1,Brazo,5,Viaria cierre policarbonato-metacrilato,VSBP,35,EM,NO,Noche entera,VSAP,50,EM,NO,Hasta 24:00,Cambio luminaria,PC Ámbar,PC Ámbar-32,EL,DP,Breña Baja,35,50,32,SAN ANTONIO (ESTACIÓN GUAGUAS) 
229503.544705266,3171989.0486138,16267,22022,CM-022,General san antonio 2,D3-D4,S3,7,Otra,0,1,Brazo,5,Viaria cierre policarbonato-metacrilato,VSBP,35,EM,NO,Noche entera,VSAP,50,EM,NO,Hasta 24:00,Cambio luminaria,PC Ámbar,PC Ámbar-32,EL,DP,Breña Baja,35,50,32,SAN ANTONIO (ESTACIÓN GUAGUAS) 
229496.161326493,3171980.45144709,16268,22023,CM-022,General san antonio 2,D3-D4,S3,7,Otra,0,1,Brazo,5,Viaria cierre policarbonato-metacrilato,VSBP,35,EM,NO,Noche entera,VSAP,50,EM,NO,Hasta 24:00,Cambio luminaria,PC Ámbar,PC Ámbar-32,EL,DP,Breña Baja,35,50,32,SAN ANTONIO (ESTACIÓN GUAGUAS) 
229505.51389552,3171969.68167586,16269,22024,CM-022,General san antonio 2,D3-D4,S3,7,Otra,0,1,Brazo,5,Viaria cierre policarbonato-metacrilato,VSBP,35,EM,NO,Noche entera,VSAP,50,EM,NO,Hasta 24:00,Cambio luminaria,PC Ámbar,PC Ámbar-32,EL,DP,Breña Baja,35,50,32,SAN ANTONIO (ESTACIÓN GUAGUAS) 
229552.663762731,3171906.98703721,16270,22025,CM-022,Camino el rincon,D3-D4,S4,6,Unilateral,40,1,Columna,5,Viaria con cierre vidrio plano (tipo I),VSBP,35,EM,NO,Noche entera,-,-,-,-,-,Cambio luminaria,PC Ámbar,PC Ámbar-49,EL,DP,Breña Baja,35,,49,SAN ANTONIO (ESTACIÓN GUAGUAS) 
229566.752168833,3171879.30183467,16271,22026,CM-022,Camino el rincon,D3-D4,S4,6,Unilateral,40,1,Columna,5,Viaria con cierre vidrio plano (tipo I),VSBP,35,EM,NO,Noche entera,-,-,-,-,-,Cambio luminaria,PC Ámbar,PC Ámbar-49,EL,DP,Breña Baja,35,,49,SAN ANTONIO (ESTACIÓN GUAGUAS) 
229602.074445109,3171842.56037891,16272,22027,CM-022,Camino el rincon,D3-D4,S4,6,Unilateral,40,1,Columna,5,Viaria con cierre vidrio plano (tipo I),VSBP,35,EM,NO,Noche entera,-,-,-,-,-,Cambio luminaria,PC Ámbar,PC Ámbar-49,EL,DP,Breña Baja,35,,49,SAN ANTONIO (ESTACIÓN GUAGUAS) 
229624.427140862,3171808.81724391,16273,22028,CM-022,Camino el rincon,D3-D4,S4,6,Unilateral,40,1,Columna,5,Viaria con cierre vidrio plano (tipo I),VSBP,35,EM,NO,Noche entera,-,-,-,-,-,Cambio luminaria,PC Ámbar,PC Ámbar-49,EL,DP,Breña Baja,35,,49,SAN ANTONIO (ESTACIÓN GUAGUAS) 
229633.146322814,3171783.47029685,16274,22029,CM-022,Camino el rincon,D3-D4,S4,6,Unilateral,40,1,Columna,5,Viaria con cierre vidrio plano (tipo I),VSBP,35,EM,NO,Noche entera,-,-,-,-,-,Cambio luminaria,PC Ámbar,PC Ámbar-49,EL,DP,Breña Baja,35,,49,SAN ANTONIO (ESTACIÓN GUAGUAS) 
229617.047516125,3171758.54436879,16275,22034,CM-022,Camino el rincon,D3-D4,S4,6,Unilateral,40,1,Columna,5,Viaria con cierre vidrio plano (tipo I),VSBP,35,EM,NO,Noche entera,-,-,-,-,-,Cambio luminaria,PC Ámbar,PC Ámbar-49,EL,DP,Breña Baja,35,,49,SAN ANTONIO (ESTACIÓN GUAGUAS) 
229611.735354511,3171729.45396988,16276,22035,CM-022,Camino el rincon,D3-D4,S4,6,Unilateral,40,1,Columna,5,Viaria con cierre vidrio plano (tipo I),VSBP,35,EM,NO,Noche entera,-,-,-,-,-,Cambio luminaria,PC Ámbar,PC Ámbar-49,EL,DP,Breña Baja,35,,49,SAN ANTONIO (ESTACIÓN GUAGUAS) 
229620.862796542,3171705.9720751,16277,22036,CM-022,Camino el rincon,D3-D4,S4,6,Unilateral,40,1,Columna,5,Viaria con cierre vidrio plano (tipo I),VSBP,35,EM,NO,Noche entera,-,-,-,-,-,Cambio luminaria,PC Ámbar,PC Ámbar-49,EL,DP,Breña Baja,35,,49,SAN ANTONIO (ESTACIÓN GUAGUAS) 
229621.445416794,3171674.33945742,16278,22037,CM-022,Camino el rincon,D3-D4,S4,6,Unilateral,40,1,Columna,5,Viaria con cierre vidrio plano (tipo I),VSBP,35,EM,NO,Noche entera,-,-,-,-,-,Cambio luminaria,PC Ámbar,PC Ámbar-49,EL,DP,Breña Baja,35,,49,SAN ANTONIO (ESTACIÓN GUAGUAS) 
229620.28021975,3171649.88726552,16279,22038,CM-022,Camino el rincon,D3-D4,S4,6,Unilateral,40,1,Columna,5,Viaria con cierre vidrio plano (tipo I),VSBP,35,EM,NO,Noche entera,-,-,-,-,-,Cambio luminaria,PC Ámbar,PC Ámbar-49,EL,DP,Breña Baja,35,,49,SAN ANTONIO (ESTACIÓN GUAGUAS) 
229656.402718812,3171783.39976013,16280,22030,CM-022,Camino el rincon,D3-D4,S4,6,Unilateral,40,1,Columna,5,Viaria con cierre vidrio plano (tipo I),VSBP,35,EM,NO,Noche entera,-,-,-,-,-,Cambio luminaria,PC Ámbar,PC Ámbar-49,EL,DP,Breña Baja,35,,49,SAN ANTONIO (ESTACIÓN GUAGUAS) 
229711.515004852,3171784.20571872,16281,22031,CM-022,Camino el rincon,D3-D4,S4,6,Unilateral,40,1,Columna,5,Viaria con cierre vidrio plano (tipo I),VSBP,35,EM,NO,Noche entera,-,-,-,-,-,Cambio luminaria,PC Ámbar,PC Ámbar-49,EL,DP,Breña Baja,35,,49,SAN ANTONIO (ESTACIÓN GUAGUAS) 
229735.172968145,3171786.62357133,16282,22032,CM-022,Camino el rincon,D3-D4,S4,6,Unilateral,40,1,Columna,5,Viaria con cierre vidrio plano (tipo I),VSBP,35,EM,NO,Noche entera,-,-,-,-,-,Cambio luminaria,PC Ámbar,PC Ámbar-49,EL,DP,Breña Baja,35,,49,SAN ANTONIO (ESTACIÓN GUAGUAS) 
229786.118211247,3171791.45929971,16283,22033,CM-022,Camino el rincon,D3-D4,S4,6,Unilateral,40,1,Columna,5,Viaria con cierre vidrio plano (tipo I),VSBP,35,EM,NO,Noche entera,-,-,-,-,-,Cambio luminaria,PC Ámbar,PC Ámbar-49,EL,DP,Breña Baja,35,,49,SAN ANTONIO (ESTACIÓN GUAGUAS) 
229547.676443313,3171952.16670718,16284,22040,CM-022,Plaza el rincon,E1-E2,S4,8,Otra,0,1,Columna,3,Artística con Reflector,VSBP,35,EM,NO,Noche entera,-,-,-,-,-,Cambio luminaria,PC Ámbar,PC Ámbar-32,EL,DP,Breña Baja,35,,32,SAN ANTONIO (ESTACIÓN GUAGUAS) 
229551.493116205,3171939.93696668,16285,22041,CM-022,Plaza el rincon,E1-E2,S4,8,Otra,0,1,Columna,3,Artística con Reflector,VSBP,35,EM,NO,Noche entera,-,-,-,-,-,Cambio luminaria,PC Ámbar,PC Ámbar-32,EL,DP,Breña Baja,35,,32,SAN ANTONIO (ESTACIÓN GUAGUAS) 
229549.065389117,3171931.76489823,16286,22042,CM-022,Plaza el rincon,E1-E2,S4,8,Otra,0,1,Columna,3,Artística con Reflector,VSBP,35,EM,NO,Noche entera,-,-,-,-,-,Cambio luminaria,PC Ámbar,PC Ámbar-32,EL,DP,Breña Baja,35,,32,SAN ANTONIO (ESTACIÓN GUAGUAS) 
229542.244751012,3171935.21903536,16287,22043,CM-022,Plaza el rincon,E1-E2,S4,8,Otra,0,1,Columna,3,Artística con Reflector,VSBP,35,EM,NO,Noche entera,-,-,-,-,-,Cambio luminaria,PC Ámbar,PC Ámbar-32,EL,DP,Breña Baja,35,,32,SAN ANTONIO (ESTACIÓN GUAGUAS) 
229537.814983561,3171944.55643503,16288,22039,CM-022,Plaza el rincon,E1-E2,S4,8,Otra,0,1,Columna,3,Artística con Reflector,VSBP,35,EM,NO,Noche entera,-,-,-,-,-,Cambio luminaria,PC Ámbar,PC Ámbar-32,EL,DP,Breña Baja,35,,32,SAN ANTONIO (ESTACIÓN GUAGUAS) 
229539.40980684,3171913.76117321,16289,22044,CM-022,Parking el rincon,D1-D2,CE4,30,Unilateral,20,1,Brazo,6,Viaria cierre policarbonato-metacrilato,VSBP,35,EM,NO,Noche entera,-,-,-,-,-,Cambio luminaria,PC Ámbar,PC Ámbar-49,EL,DP,Breña Baja,35,,49,SAN ANTONIO (ESTACIÓN GUAGUAS) 
229528.38765385,3171906.36990192,16290,22045,CM-022,Parking el rincon,D1-D2,CE4,30,Unilateral,20,1,Brazo,6,Viaria cierre policarbonato-metacrilato,VSBP,35,EM,NO,Noche entera,-,-,-,-,-,Cambio luminaria,PC Ámbar,PC Ámbar-49,EL,DP,Breña Baja,35,,49,SAN ANTONIO (ESTACIÓN GUAGUAS) 
229516.785401269,3171899.84822059,16291,22046,CM-022,Parking el rincon,D1-D2,CE4,30,Unilateral,20,1,Brazo,6,Viaria cierre policarbonato-metacrilato,VSBP,35,EM,NO,Noche entera,-,-,-,-,-,Cambio luminaria,PC Ámbar,PC Ámbar-49,EL,DP,Breña Baja,35,,49,SAN ANTONIO (ESTACIÓN GUAGUAS) 
229521.716334712,3171887.23959497,16292,22047,CM-022,Parking el rincon,D1-D2,CE4,30,Unilateral,20,1,Brazo,6,Viaria cierre policarbonato-metacrilato,VSBP,35,EM,NO,Noche entera,-,-,-,-,-,Cambio luminaria,PC Ámbar,PC Ámbar-49,EL,DP,Breña Baja,35,,49,SAN ANTONIO (ESTACIÓN GUAGUAS) 
229528.38765385,3171874.19620913,16293,22048,CM-022,Parking el rincon,D1-D2,CE4,30,Unilateral,20,1,Brazo,6,Viaria cierre policarbonato-metacrilato,VSBP,35,EM,NO,Noche entera,-,-,-,-,-,Cambio luminaria,PC Ámbar,PC Ámbar-49,EL,DP,Breña Baja,35,,49,SAN ANTONIO (ESTACIÓN GUAGUAS) 
229540.860099278,3171880.42805032,16294,22049,CM-022,Parking el rincon,D1-D2,CE4,30,Unilateral,20,1,Brazo,6,Viaria cierre policarbonato-metacrilato,VSBP,35,EM,NO,Noche entera,-,-,-,-,-,Cambio luminaria,PC Ámbar,PC Ámbar-49,EL,DP,Breña Baja,35,,49,SAN ANTONIO (ESTACIÓN GUAGUAS) 
229553.187519806,3171886.51497143,16295,22050,CM-022,Parking el rincon,D1-D2,CE4,30,Unilateral,20,1,Brazo,6,Viaria cierre policarbonato-metacrilato,VSBP,35,EM,NO,Noche entera,-,-,-,-,-,Cambio luminaria,PC Ámbar,PC Ámbar-49,EL,DP,Breña Baja,35,,49,SAN ANTONIO (ESTACIÓN GUAGUAS) 
229430.617305558,3172106.04806247,16296,22051,CM-022,general san antonio 3,D3-D4,S3,7,Tresbolillo,25,4,Columna,4,Artística sin Reflector,BC,11,EM,NO,Noche entera,-,-,-,-,-,Cambio luminaria,PC Ámbar,PC Ámbar-32,EL,DP,Breña Baja,11,,32,SAN ANTONIO (ESTACIÓN GUAGUAS) 
229485.971237847,3171923.74607949,16297,22056,CM-022,Carretera a mazo,D3-D4,S3,7,Unilateral,35,1,Brazo,5,Viaria cierre policarbonato-metacrilato,VSBP,35,EM,NO,Noche entera,-,-,-,-,-,Cambio luminaria,PC Ámbar,PC Ámbar-32,EL,DP,Breña Baja,35,,32,SAN ANTONIO (ESTACIÓN GUAGUAS) 
229500.973817975,3171932.10229507,16298,22055,CM-022,Carretera a mazo,D3-D4,S3,7,Unilateral,35,1,Brazo,5,Viaria cierre policarbonato-metacrilato,VSBP,35,EM,NO,Noche entera,-,-,-,-,-,Cambio luminaria,PC Ámbar,PC Ámbar-32,EL,DP,Breña Baja,35,,32,SAN ANTONIO (ESTACIÓN GUAGUAS) 
229512.779157566,3171946.23413401,16299,22054,CM-022,Carretera a mazo,D3-D4,S3,7,Unilateral,35,1,Brazo,5,Viaria cierre policarbonato-metacrilato,VSBP,35,EM,NO,Noche entera,-,-,-,-,-,Cambio luminaria,PC Ámbar,PC Ámbar-32,EL,DP,Breña Baja,35,,32,SAN ANTONIO (ESTACIÓN GUAGUAS) 
229523.600657288,3171952.86996249,16300,22053,CM-022,Carretera a mazo,D3-D4,S3,7,Unilateral,35,1,Brazo,5,Viaria cierre policarbonato-metacrilato,VSBP,35,EM,NO,Noche entera,-,-,-,-,-,Cambio luminaria,PC Ámbar,PC Ámbar-32,EL,DP,Breña Baja,35,,32,SAN ANTONIO (ESTACIÓN GUAGUAS) 
229506.698434058,3171955.61513442,16301,22052,CM-022,Carretera a mazo,D3-D4,S3,7,Unilateral,35,1,Brazo,5,Viaria cierre policarbonato-metacrilato,VSBP,35,EM,NO,Noche entera,-,-,-,-,-,Cambio luminaria,PC Ámbar,PC Ámbar-32,EL,DP,Breña Baja,35,,32,SAN ANTONIO (ESTACIÓN GUAGUAS) 
229479.042985178,3171891.55231942,16302,22058,CM-022,Carretera a mazo 2,D3-D4,S4,6,Unilateral,25,1,Brazo,5,Viaria cierre policarbonato-metacrilato,VSBP,35,EM,NO,Noche entera,-,-,-,-,-,Cambio luminaria,PC Ámbar,PC Ámbar-32,EL,DP,Breña Baja,35,,32,SAN ANTONIO (ESTACIÓN GUAGUAS) 
229464.147228901,3171899.51421059,16303,22057,CM-022,Carretera a mazo,D3-D4,S3,7,Unilateral,35,1,Brazo,5,Viaria cierre policarbonato-metacrilato,VSBP,35,EM,NO,Noche entera,-,-,-,-,-,Cambio luminaria,PC Ámbar,PC Ámbar-32,EL,DP,Breña Baja,35,,32,SAN ANTONIO (ESTACIÓN GUAGUAS) 
229440.591135059,3171875.45543938,16304,22059,CM-022,Carretera a mazo 2,D3-D4,S4,6,Unilateral,25,1,Brazo,5,Viaria cierre policarbonato-metacrilato,VSBP,35,EM,NO,Noche entera,-,-,-,-,-,Cambio luminaria,PC Ámbar,PC Ámbar-32,EL,DP,Breña Baja,35,,32,SAN ANTONIO (ESTACIÓN GUAGUAS) 
229459.29743465,3171867.32045052,16305,22060,CM-022,Carretera a mazo 2,D3-D4,S4,6,Unilateral,25,1,Brazo,5,Viaria cierre policarbonato-metacrilato,VSBP,35,EM,NO,Noche entera,-,-,-,-,-,Cambio luminaria,PC Ámbar,PC Ámbar-32,EL,DP,Breña Baja,35,,32,SAN ANTONIO (ESTACIÓN GUAGUAS) 
229454.274453637,3171835.12669045,16306,22061,CM-022,Carretera a mazo 2,D3-D4,S4,6,Unilateral,25,1,Brazo,5,Viaria cierre policarbonato-metacrilato,VSBP,35,EM,NO,Noche entera,-,-,-,-,-,Cambio luminaria,PC Ámbar,PC Ámbar-32,EL,DP,Breña Baja,35,,32,SAN ANTONIO (ESTACIÓN GUAGUAS) 
229449.998935382,3171807.26987326,16307,22062,CM-022,Carretera a mazo 2,D3-D4,S4,6,Unilateral,25,1,Brazo,5,Viaria cierre policarbonato-metacrilato,VSBP,35,EM,NO,Noche entera,-,-,-,-,-,Cambio luminaria,PC Ámbar,PC Ámbar-32,EL,DP,Breña Baja,35,,32,SAN ANTONIO (ESTACIÓN GUAGUAS) 
229444.52623377,3171774.79873978,16308,22063,CM-022,Carretera a mazo 2,D3-D4,S4,6,Unilateral,25,1,Brazo,5,Viaria cierre policarbonato-metacrilato,VSBP,35,EM,NO,Noche entera,-,-,-,-,-,Cambio luminaria,PC Ámbar,PC Ámbar-32,EL,DP,Breña Baja,35,,32,SAN ANTONIO (ESTACIÓN GUAGUAS) 
229456.329530757,3171731.22947236,16309,22064,CM-022,Carretera a mazo 2,D3-D4,S4,6,Unilateral,25,1,Brazo,5,Viaria cierre policarbonato-metacrilato,VSBP,35,EM,NO,Noche entera,-,-,-,-,-,Cambio luminaria,PC Ámbar,PC Ámbar-32,EL,DP,Breña Baja,35,,32,SAN ANTONIO (ESTACIÓN GUAGUAS) 
229458.497472622,3171702.58446979,16310,22065,CM-022,Carretera a mazo 2,D3-D4,S4,6,Unilateral,25,1,Brazo,5,Viaria cierre policarbonato-metacrilato,VSBP,35,EM,NO,Noche entera,-,-,-,-,-,Cambio luminaria,PC Ámbar,PC Ámbar-32,EL,DP,Breña Baja,35,,32,SAN ANTONIO (ESTACIÓN GUAGUAS) 
229446.935072551,3171674.42089662,16311,22066,CM-022,Carretera a mazo 2,D3-D4,S4,6,Unilateral,25,1,Brazo,5,Viaria cierre policarbonato-metacrilato,VSBP,35,EM,NO,Noche entera,-,-,-,-,-,Cambio luminaria,PC Ámbar,PC Ámbar-32,EL,DP,Breña Baja,35,,32,SAN ANTONIO (ESTACIÓN GUAGUAS) 
229470.300769606,3171630.3701998,16312,22067,CM-022,Carretera a mazo 2,D3-D4,S4,6,Unilateral,25,1,Brazo,5,Viaria cierre policarbonato-metacrilato,VSBP,35,EM,NO,Noche entera,-,-,-,-,-,Cambio luminaria,PC Ámbar,PC Ámbar-32,EL,DP,Breña Baja,35,,32,SAN ANTONIO (ESTACIÓN GUAGUAS) 
229474.7003652,3171591.84868806,16313,22069,CM-022,Carretera a mazo 2,D3-D4,S4,6,Unilateral,25,1,Brazo,5,Viaria cierre policarbonato-metacrilato,VSBP,35,EM,NO,Noche entera,-,-,-,-,-,Cambio luminaria,PC Ámbar,PC Ámbar-32,EL,DP,Breña Baja,35,,32,SAN ANTONIO (ESTACIÓN GUAGUAS) 
229507.382858042,3171597.92001416,16314,22068,CM-022,Carretera a mazo 2,D3-D4,S4,6,Unilateral,25,1,Brazo,5,Viaria cierre policarbonato-metacrilato,VSBP,35,EM,NO,Noche entera,-,-,-,-,-,Cambio luminaria,PC Ámbar,PC Ámbar-32,EL,DP,Breña Baja,35,,32,SAN ANTONIO (ESTACIÓN GUAGUAS) 
229478.077094152,3171516.33432339,16315,22070,CM-022,Carretera a mazo 2,D3-D4,S4,6,Unilateral,25,1,Brazo,5,Viaria cierre policarbonato-metacrilato,VSBP,35,EM,NO,Noche entera,-,-,-,-,-,Cambio luminaria,PC Ámbar,PC Ámbar-32,EL,DP,Breña Baja,35,,32,SAN ANTONIO (ESTACIÓN GUAGUAS) 
229480.294753871,3171501.93583987,16316,22071,CM-022,Carretera a mazo 2,D3-D4,S4,6,Unilateral,25,1,Brazo,5,Viaria cierre policarbonato-metacrilato,VSBP,35,EM,NO,Noche entera,-,-,-,-,-,Cambio luminaria,PC Ámbar,PC Ámbar-32,EL,DP,Breña Baja,35,,32,SAN ANTONIO (ESTACIÓN GUAGUAS) 
229483.035537564,3171494.24935244,16317,22072,CM-022,Carretera a mazo 2,D3-D4,S4,6,Unilateral,25,1,Brazo,5,Viaria cierre policarbonato-metacrilato,VSBP,35,EM,NO,Noche entera,-,-,-,-,-,Cambio luminaria,PC Ámbar,PC Ámbar-32,EL,DP,Breña Baja,35,,32,SAN ANTONIO (ESTACIÓN GUAGUAS) 
229487.190889849,3171480.02493985,16318,22073,CM-022,Carretera a mazo 2,D3-D4,S4,6,Unilateral,25,1,Brazo,5,Viaria cierre policarbonato-metacrilato,VSBP,35,EM,NO,Noche entera,-,-,-,-,-,Cambio luminaria,PC Ámbar,PC Ámbar-32,EL,DP,Breña Baja,35,,32,SAN ANTONIO (ESTACIÓN GUAGUAS) 
229489.156048922,3171468.77210709,16319,22074,CM-022,Carretera a mazo 2,D3-D4,S4,6,Unilateral,25,1,Brazo,5,Viaria cierre policarbonato-metacrilato,VSBP,35,EM,NO,Noche entera,-,-,-,-,-,Cambio luminaria,PC Ámbar,PC Ámbar-32,EL,DP,Breña Baja,35,,32,SAN ANTONIO (ESTACIÓN GUAGUAS) 
229493.265507802,3171457.82123362,16320,22075,CM-022,Carretera a mazo 2,D3-D4,S4,6,Unilateral,25,1,Brazo,5,Viaria cierre policarbonato-metacrilato,VSBP,35,EM,NO,Noche entera,-,-,-,-,-,Cambio luminaria,PC Ámbar,PC Ámbar-32,EL,DP,Breña Baja,35,,32,SAN ANTONIO (ESTACIÓN GUAGUAS) 
229496.378740812,3171446.74592447,16321,22076,CM-022,Carretera a mazo 2,D3-D4,S4,6,Unilateral,25,1,Brazo,5,Viaria cierre policarbonato-metacrilato,VSBP,35,EM,NO,Noche entera,-,-,-,-,-,Cambio luminaria,PC Ámbar,PC Ámbar-32,EL,DP,Breña Baja,35,,32,SAN ANTONIO (ESTACIÓN GUAGUAS) 
229422.476278033,3171564.82695714,16322,22084,CM-022,Carretera a mazo 2,D3-D4,S4,6,Unilateral,25,1,Brazo,5,Viaria cierre policarbonato-metacrilato,VSBP,35,EM,NO,Noche entera,-,-,-,-,-,Cambio luminaria,PC Ámbar,PC Ámbar-32,EL,DP,Breña Baja,35,,32,SAN ANTONIO (ESTACIÓN GUAGUAS) 
229425.550223508,3171551.43396959,16323,22083,CM-022,Carretera a mazo 2,D3-D4,S4,6,Unilateral,25,1,Brazo,5,Viaria cierre policarbonato-metacrilato,VSBP,35,EM,NO,Noche entera,-,-,-,-,-,Cambio luminaria,PC Ámbar,PC Ámbar-32,EL,DP,Breña Baja,35,,32,SAN ANTONIO (ESTACIÓN GUAGUAS) 
229431.94400923,3171524.77087762,16324,22082,CM-022,Carretera a mazo 2,D3-D4,S4,6,Unilateral,25,1,Brazo,5,Viaria cierre policarbonato-metacrilato,VSBP,35,EM,NO,Noche entera,-,-,-,-,-,Cambio luminaria,PC Ámbar,PC Ámbar-32,EL,DP,Breña Baja,35,,32,SAN ANTONIO (ESTACIÓN GUAGUAS) 
229478.498044454,3171425.9090875,16325,22077,CM-022,Carretera a mazo 2,D3-D4,S4,6,Unilateral,25,1,Brazo,5,Viaria cierre policarbonato-metacrilato,VSBP,35,EM,NO,Noche entera,-,-,-,-,-,Cambio luminaria,PC Ámbar,PC Ámbar-32,EL,DP,Breña Baja,35,,32,SAN ANTONIO (ESTACIÓN GUAGUAS) 
229462.192673987,3171429.8591443,16326,22078,CM-022,Carretera a mazo 2,D3-D4,S4,6,Unilateral,25,1,Brazo,5,Viaria cierre policarbonato-metacrilato,VSBP,35,EM,NO,Noche entera,-,-,-,-,-,Cambio luminaria,PC Ámbar,PC Ámbar-32,EL,DP,Breña Baja,35,,32,SAN ANTONIO (ESTACIÓN GUAGUAS) 
229450.334183228,3171455.28754228,16327,22079,CM-022,Carretera a mazo 2,D3-D4,S4,6,Unilateral,25,1,Brazo,5,Viaria cierre policarbonato-metacrilato,VSBP,35,EM,NO,Noche entera,-,-,-,-,-,Cambio luminaria,PC Ámbar,PC Ámbar-32,EL,DP,Breña Baja,35,,32,SAN ANTONIO (ESTACIÓN GUAGUAS) 
229446.628421163,3171468.12518055,16328,22080,CM-022,Carretera a mazo 2,D3-D4,S4,6,Unilateral,25,1,Brazo,5,Viaria cierre policarbonato-metacrilato,VSBP,35,EM,NO,Noche entera,-,-,-,-,-,Cambio luminaria,PC Ámbar,PC Ámbar-32,EL,DP,Breña Baja,35,,32,SAN ANTONIO (ESTACIÓN GUAGUAS) 
229436.746388991,3171497.25675678,16329,22081,CM-022,Carretera a mazo 2,D3-D4,S4,6,Unilateral,25,1,Brazo,5,Viaria cierre policarbonato-metacrilato,VSBP,35,EM,NO,Noche entera,-,-,-,-,-,Cambio luminaria,PC Ámbar,PC Ámbar-32,EL,DP,Breña Baja,35,,32,SAN ANTONIO (ESTACIÓN GUAGUAS) 
229506.36275945,3171384.48955459,16330,22085,CM-022,Carretera a mazo 2,D3-D4,S4,6,Unilateral,25,1,Brazo,5,Viaria cierre policarbonato-metacrilato,VSBP,35,EM,NO,Noche entera,-,-,-,-,-,Cambio luminaria,PC Ámbar,PC Ámbar-32,EL,DP,Breña Baja,35,,32,SAN ANTONIO (ESTACIÓN GUAGUAS) 
229505.942685744,3171357.88241427,16331,22086,CM-022,Carretera a mazo 2,D3-D4,S4,6,Unilateral,25,1,Brazo,5,Viaria cierre policarbonato-metacrilato,VSBP,35,EM,NO,Noche entera,-,-,-,-,-,Cambio luminaria,PC Ámbar,PC Ámbar-32,EL,DP,Breña Baja,35,,32,SAN ANTONIO (ESTACIÓN GUAGUAS) 
229494.609307325,3171335.48460994,16332,22087,CM-022,Carretera a mazo 2,D3-D4,S4,6,Unilateral,25,1,Brazo,5,Viaria cierre policarbonato-metacrilato,VSBP,35,EM,NO,Noche entera,-,-,-,-,-,Cambio luminaria,PC Ámbar,PC Ámbar-32,EL,DP,Breña Baja,35,,32,SAN ANTONIO (ESTACIÓN GUAGUAS) 
229464.412739456,3171328.55366872,16333,22088,CM-022,Carretera a mazo 2,D3-D4,S4,6,Unilateral,25,1,Brazo,5,Viaria cierre policarbonato-metacrilato,VSBP,35,EM,NO,Noche entera,-,-,-,-,-,Cambio luminaria,PC Ámbar,PC Ámbar-32,EL,DP,Breña Baja,35,,32,SAN ANTONIO (ESTACIÓN GUAGUAS) 
229426.607676496,3171310.49641287,16334,22089,CM-022,Carretera a mazo 2,D3-D4,S4,6,Unilateral,25,1,Brazo,5,Viaria cierre policarbonato-metacrilato,VSBP,35,EM,NO,Noche entera,-,-,-,-,-,Cambio luminaria,PC Ámbar,PC Ámbar-32,EL,DP,Breña Baja,35,,32,SAN ANTONIO (ESTACIÓN GUAGUAS) 
228809.560003995,3170397.78063189,17242,1001,CM-001,Calle la polvacera,D3-D4,S4,7,Unilateral,30,1,Brazo,5,Viaria con cierre vidrio plano (tipo I),HAL,100,EM,NO,Noche entera,-,-,-,-,-,Cambio luminaria,PC Ámbar,PC Ámbar-32,EL,DP,Breña Baja,100,,32,LA POLVACERA (CASA PANCHO) 
228837.722973202,3170406.45874106,17243,1002,CM-001,Calle la polvacera,D3-D4,S4,7,Unilateral,30,1,Brazo,5,Viaria con cierre vidrio plano (tipo I),HAL,100,EM,NO,Noche entera,-,-,-,-,-,Cambio luminaria,PC Ámbar,PC Ámbar-32,EL,DP,Breña Baja,100,,32,LA POLVACERA (CASA PANCHO) 
228868.320793001,3170417.24553438,17244,1004,CM-001,Calle la polvacera,D3-D4,S4,7,Unilateral,30,1,Brazo,5,Viaria con cierre vidrio plano (tipo I),HAL,100,EM,NO,Noche entera,-,-,-,-,-,Cambio luminaria,PC Ámbar,PC Ámbar-32,EL,DP,Breña Baja,100,,32,LA POLVACERA (CASA PANCHO) 
228879.196434253,3170395.83415422,17245,1003,CM-001,Calle la polvacera,D3-D4,S4,7,Unilateral,30,1,Brazo,5,Viaria con cierre vidrio plano (tipo I),HAL,100,EM,NO,Noche entera,-,-,-,-,-,Cambio luminaria,PC Ámbar,PC Ámbar-32,EL,DP,Breña Baja,100,,32,LA POLVACERA (CASA PANCHO) 
228872.23540362,3170457.50471351,17246,1005,CM-001,Calle la polvacera,D3-D4,S4,7,Unilateral,30,1,Brazo,5,Viaria con cierre vidrio plano (tipo I),HAL,100,EM,NO,Noche entera,-,-,-,-,-,Cambio luminaria,PC Ámbar,PC Ámbar-32,EL,DP,Breña Baja,100,,32,LA POLVACERA (CASA PANCHO) 
228879.575281674,3170493.03709719,17247,1006,CM-001,Calle la polvacera,D3-D4,S4,7,Unilateral,30,1,Brazo,5,Viaria con cierre vidrio plano (tipo I),HAL,100,EM,NO,Noche entera,-,-,-,-,-,Cambio luminaria,PC Ámbar,PC Ámbar-32,EL,DP,Breña Baja,100,,32,LA POLVACERA (CASA PANCHO) 
228937.315653461,3170511.45526918,17248,1007,CM-001,Calle la polvacera,D3-D4,S4,7,Unilateral,30,1,Brazo,5,Viaria con cierre vidrio plano (tipo I),HAL,100,EM,NO,Noche entera,-,-,-,-,-,Cambio luminaria,PC Ámbar,PC Ámbar-32,EL,DP,Breña Baja,100,,32,LA POLVACERA (CASA PANCHO) 
228974.817233514,3170517.59869778,17249,1008,CM-001,Calle la polvacera,D3-D4,S4,7,Unilateral,30,1,Brazo,5,Viaria con cierre vidrio plano (tipo I),HAL,100,EM,NO,Noche entera,-,-,-,-,-,Cambio luminaria,PC Ámbar,PC Ámbar-32,EL,DP,Breña Baja,100,,32,LA POLVACERA (CASA PANCHO) 
229007.810397794,3170527.01862523,17250,1009,CM-001,Calle la polvacera,D3-D4,S4,7,Unilateral,30,1,Brazo,5,Viaria con cierre vidrio plano (tipo I),HAL,100,EM,NO,Noche entera,-,-,-,-,-,Cambio luminaria,PC Ámbar,PC Ámbar-32,EL,DP,Breña Baja,100,,32,LA POLVACERA (CASA PANCHO) 
228894.944776722,3170529.28336907,17251,1010,CM-001,Calle la polvacera,D3-D4,S4,7,Unilateral,30,1,Brazo,5,Viaria con cierre vidrio plano (tipo I),HAL,100,EM,NO,Noche entera,-,-,-,-,-,Cambio luminaria,PC Ámbar,PC Ámbar-32,EL,DP,Breña Baja,100,,32,LA POLVACERA (CASA PANCHO) 
228936.135020758,3170576.17823975,17252,1011,CM-001,Calle la polvacera,D3-D4,S4,7,Unilateral,30,1,Brazo,5,Viaria con cierre vidrio plano (tipo I),HAL,100,EM,NO,Noche entera,-,-,-,-,-,Cambio luminaria,PC Ámbar,PC Ámbar-32,EL,DP,Breña Baja,100,,32,LA POLVACERA (CASA PANCHO) 
228941.906823077,3170609.05413972,17253,1012,CM-001,Calle la polvacera,D3-D4,S4,7,Unilateral,30,1,Brazo,5,Viaria con cierre vidrio plano (tipo I),HAL,100,EM,NO,Noche entera,-,-,-,-,-,Cambio luminaria,PC Ámbar,PC Ámbar-32,EL,DP,Breña Baja,100,,32,LA POLVACERA (CASA PANCHO) 
228927.188740646,3170656.63770044,17254,1014,CM-001,Calle la polvacera,D3-D4,S4,7,Unilateral,30,1,Brazo,5,Viaria con cierre vidrio plano (tipo I),HAL,100,EM,NO,Noche entera,-,-,-,-,-,Cambio luminaria,PC Ámbar,PC Ámbar-32,EL,DP,Breña Baja,100,,32,LA POLVACERA (CASA PANCHO) 
228933.537729939,3170717.77534182,17255,1015,CM-001,Calle la polvacera,D3-D4,S4,7,Unilateral,30,1,Brazo,5,Viaria con cierre vidrio plano (tipo I),HAL,100,EM,NO,Noche entera,-,-,-,-,-,Cambio luminaria,PC Ámbar,PC Ámbar-32,EL,DP,Breña Baja,100,,32,LA POLVACERA (CASA PANCHO) 
228955.181954928,3170652.31191893,17256,1013,CM-001,Calle la polvacera,D3-D4,S4,7,Unilateral,30,1,Brazo,5,Viaria con cierre vidrio plano (tipo I),HAL,100,EM,NO,Noche entera,-,-,-,-,-,Cambio luminaria,PC Ámbar,PC Ámbar-32,EL,DP,Breña Baja,100,,32,LA POLVACERA (CASA PANCHO) 
229159.167375303,3170570.85941314,17257,1016,CM-001,Camino los corcovados,D3-D4,S4,5,Tresbolillo,30,1,Brazo,5,Viaria cierre policarbonato-metacrilato,BC,23,EM,NO,Noche entera,-,-,-,-,-,Cambio luminaria,PC Ámbar,PC Ámbar-32,EL,DP,Breña Baja,23,,32,LA POLVACERA (CASA PANCHO) 
229173.017691128,3170578.62813501,17258,1017,CM-001,Camino los corcovados,D3-D4,S4,5,Tresbolillo,30,1,Brazo,5,Viaria cierre policarbonato-metacrilato,BC,23,EM,NO,Noche entera,-,-,-,-,-,Cambio luminaria,PC Ámbar,PC Ámbar-32,EL,DP,Breña Baja,23,,32,LA POLVACERA (CASA PANCHO) 
229200.474808836,3170584.09137481,17259,1019,CM-001,Camino los corcovados,D3-D4,S4,5,Tresbolillo,30,1,Brazo,5,Viaria cierre policarbonato-metacrilato,BC,23,EM,NO,Noche entera,-,-,-,-,-,Cambio luminaria,PC Ámbar,PC Ámbar-32,EL,DP,Breña Baja,23,,32,LA POLVACERA (CASA PANCHO) 
229237.772723431,3170585.06261864,17260,1021,CM-001,Camino los corcovados,D3-D4,S4,5,Tresbolillo,30,1,Brazo,5,Viaria cierre policarbonato-metacrilato,BC,23,EM,NO,Noche entera,-,-,-,-,-,Cambio luminaria,PC Ámbar,PC Ámbar-32,EL,DP,Breña Baja,23,,32,LA POLVACERA (CASA PANCHO) 
229259.03375263,3170588.58337078,17261,1023,CM-001,Camino los corcovados,D3-D4,S4,5,Tresbolillo,30,1,Brazo,5,Viaria cierre policarbonato-metacrilato,BC,23,EM,NO,Noche entera,-,-,-,-,-,Cambio luminaria,PC Ámbar,PC Ámbar-32,EL,DP,Breña Baja,23,,32,LA POLVACERA (CASA PANCHO) 
229299.976443015,3170589.67602234,17262,1025,CM-001,Camino los corcovados,D3-D4,S4,5,Tresbolillo,30,1,Brazo,5,Viaria cierre policarbonato-metacrilato,BC,23,EM,NO,Noche entera,-,-,-,-,-,Cambio luminaria,PC Ámbar,PC Ámbar-32,EL,DP,Breña Baja,23,,32,LA POLVACERA (CASA PANCHO) 
229187.474919349,3170574.501573,17263,1018,CM-001,Camino los corcovados,D3-D4,S4,5,Tresbolillo,30,1,Brazo,5,Viaria cierre policarbonato-metacrilato,BC,23,EM,NO,Noche entera,-,-,-,-,-,Cambio luminaria,PC Ámbar,PC Ámbar-32,EL,DP,Breña Baja,23,,32,LA POLVACERA (CASA PANCHO) 
229216.63288973,3170577.41530449,17264,1020,CM-001,Camino los corcovados,D3-D4,S4,5,Tresbolillo,30,1,Brazo,5,Viaria cierre policarbonato-metacrilato,BC,23,EM,NO,Noche entera,-,-,-,-,-,Cambio luminaria,PC Ámbar,PC Ámbar-32,EL,DP,Breña Baja,23,,32,LA POLVACERA (CASA PANCHO) 
229246.519835493,3170577.65811994,17265,1022,CM-001,Camino los corcovados,D3-D4,S4,5,Tresbolillo,30,1,Brazo,5,Viaria cierre policarbonato-metacrilato,BC,23,EM,NO,Noche entera,-,-,-,-,-,Cambio luminaria,PC Ámbar,PC Ámbar-32,EL,DP,Breña Baja,23,,32,LA POLVACERA (CASA PANCHO) 
229279.565550988,3170583.84978812,17266,1024,CM-001,Camino los corcovados,D3-D4,S4,5,Tresbolillo,30,1,Brazo,5,Viaria cierre policarbonato-metacrilato,BC,23,EM,NO,Noche entera,-,-,-,-,-,Cambio luminaria,PC Ámbar,PC Ámbar-32,EL,DP,Breña Baja,23,,32,LA POLVACERA (CASA PANCHO) 
229317.164339691,3170579.95814013,17267,1026,CM-001,Camino los corcovados,D3-D4,S4,5,Tresbolillo,30,1,Brazo,5,Viaria cierre policarbonato-metacrilato,BC,23,EM,NO,Noche entera,-,-,-,-,-,Cambio luminaria,PC Ámbar,PC Ámbar-32,EL,DP,Breña Baja,23,,32,LA POLVACERA (CASA PANCHO) 
229372.143665049,3170592.92718363,17268,1027,CM-001,Ermita la polvacera,E1-E2,S4,0,Unilateral,3,1,Directo,"0,2",Empotrada pared,BC,33,EM,NO,Noche entera,-,-,-,-,-,Cambio lámpara+equipo,Empotrada pared,L_Bulb-18,EL,NO,Breña Baja,33,,18,LA POLVACERA (CASA PANCHO) 
229373.927574937,3170590.86720636,17269,1028,CM-001,Ermita la polvacera,E1-E2,S4,0,Unilateral,3,1,Directo,"0,2",Empotrada pared,BC,33,EM,NO,Noche entera,-,-,-,-,-,Cambio lámpara+equipo,Empotrada pared,L_Bulb-18,EL,NO,Breña Baja,33,,18,LA POLVACERA (CASA PANCHO) 
229375.67187759,3170587.85647451,17270,1029,CM-001,Ermita la polvacera,E1-E2,S4,0,Unilateral,3,1,Directo,"0,2",Empotrada pared,BC,33,EM,NO,Noche entera,-,-,-,-,-,Cambio lámpara+equipo,Empotrada pared,L_Bulb-18,EL,NO,Breña Baja,33,,18,LA POLVACERA (CASA PANCHO) 
229377.05937804,3170585.2815164,17271,1030,CM-001,Ermita la polvacera,E1-E2,S4,0,Unilateral,3,1,Directo,"0,2",Empotrada pared,BC,33,EM,NO,Noche entera,-,-,-,-,-,Cambio lámpara+equipo,Empotrada pared,L_Bulb-18,EL,NO,Breña Baja,33,,18,LA POLVACERA (CASA PANCHO) 
229380.689153644,3170583.01452594,17272,1031,CM-001,Ermita la polvacera,E1-E2,S4,0,Unilateral,3,1,Directo,"0,2",Empotrada pared,BC,33,EM,NO,Noche entera,-,-,-,-,-,Cambio lámpara+equipo,Empotrada pared,L_Bulb-18,EL,NO,Breña Baja,33,,18,LA POLVACERA (CASA PANCHO) 
229381.596580694,3170580.15462364,17273,1032,CM-001,Ermita la polvacera,E1-E2,S4,0,Unilateral,3,1,Directo,"0,2",Empotrada pared,BC,33,EM,NO,Noche entera,-,-,-,-,-,Cambio lámpara+equipo,Empotrada pared,L_Bulb-18,EL,NO,Breña Baja,33,,18,LA POLVACERA (CASA PANCHO) 
229382.643627458,3170577.32962492,17274,1033,CM-001,Ermita la polvacera,E1-E2,S4,0,Unilateral,3,1,Directo,"0,2",Empotrada pared,BC,33,EM,NO,Noche entera,-,-,-,-,-,Cambio lámpara+equipo,Empotrada pared,L_Bulb-18,EL,NO,Breña Baja,33,,18,LA POLVACERA (CASA PANCHO) 
229148.927971896,3170567.96091809,17275,1034,CM-001,Calle san jose 2,D3-D4,S4,7,Unilateral,40,1,Columna,6,Viaria con cierre vidrio plano (tipo I),BC,23,EM,NO,Noche entera,-,-,-,-,-,Cambio luminaria,PC Ámbar,PC Ámbar-49,EL,DP,Breña Baja,23,,49,LA POLVACERA (CASA PANCHO) 
229150.643083173,3170538.20155712,17276,1035,CM-001,Calle san jose 2,D3-D4,S4,7,Unilateral,40,1,Columna,6,Viaria con cierre vidrio plano (tipo I),BC,23,EM,NO,Noche entera,-,-,-,-,-,Cambio luminaria,PC Ámbar,PC Ámbar-49,EL,DP,Breña Baja,23,,49,LA POLVACERA (CASA PANCHO) 
229150.631352689,3170511.15031633,17277,1036,CM-001,Calle san jose 2,D3-D4,S4,7,Unilateral,40,1,Columna,6,Viaria con cierre vidrio plano (tipo I),BC,23,EM,NO,Noche entera,-,-,-,-,-,Cambio luminaria,PC Ámbar,PC Ámbar-49,EL,DP,Breña Baja,23,,49,LA POLVACERA (CASA PANCHO) 
229149.064187077,3170486.28946501,17278,1037,CM-001,Calle san jose 2,D3-D4,S4,7,Unilateral,40,1,Columna,6,Viaria con cierre vidrio plano (tipo I),BC,23,EM,NO,Noche entera,-,-,-,-,-,Cambio luminaria,PC Ámbar,PC Ámbar-49,EL,DP,Breña Baja,23,,49,LA POLVACERA (CASA PANCHO) 
229121.838034498,3170530.32793054,17279,1038,CM-001,Calle san jose 2,D3-D4,S4,7,Unilateral,40,1,Columna,6,Viaria con cierre vidrio plano (tipo I),BC,23,EM,NO,Noche entera,-,-,-,-,-,Cambio luminaria,PC Ámbar,PC Ámbar-49,EL,DP,Breña Baja,23,,49,LA POLVACERA (CASA PANCHO) 
229114.109062303,3170572.76875098,17280,1039,CM-001,Calle san jose 2,D3-D4,S4,7,Unilateral,40,1,Columna,6,Viaria con cierre vidrio plano (tipo I),BC,23,EM,NO,Noche entera,-,-,-,-,-,Cambio luminaria,PC Ámbar,PC Ámbar-49,EL,DP,Breña Baja,23,,49,LA POLVACERA (CASA PANCHO) 
229079.717816615,3170505.47343129,17281,1040,CM-001,Calle san jose 2,D3-D4,S4,7,Unilateral,40,1,Columna,6,Viaria con cierre vidrio plano (tipo I),BC,23,EM,NO,Noche entera,-,-,-,-,-,Cambio luminaria,PC Ámbar,PC Ámbar-49,EL,DP,Breña Baja,23,,49,LA POLVACERA (CASA PANCHO) 
229049.92919792,3170529.24783174,17282,1041,CM-001,Calle san jose 2,D3-D4,S4,7,Unilateral,40,1,Columna,6,Viaria con cierre vidrio plano (tipo I),BC,23,EM,NO,Noche entera,-,-,-,-,-,Cambio luminaria,PC Ámbar,PC Ámbar-49,EL,DP,Breña Baja,23,,49,LA POLVACERA (CASA PANCHO) 
229020.25572673,3170558.35615614,17283,1042,CM-001,Calle san jose 2,D3-D4,S4,7,Unilateral,40,1,Columna,6,Viaria con cierre vidrio plano (tipo I),BC,23,EM,NO,Noche entera,-,-,-,-,-,Cambio luminaria,PC Ámbar,PC Ámbar-49,EL,DP,Breña Baja,23,,49,LA POLVACERA (CASA PANCHO) 
229011.81648665,3170599.43425778,17284,1043,CM-001,Calle san jose 2,D3-D4,S4,7,Unilateral,40,1,Columna,6,Viaria con cierre vidrio plano (tipo I),BC,23,EM,NO,Noche entera,-,-,-,-,-,Cambio luminaria,PC Ámbar,PC Ámbar-49,EL,DP,Breña Baja,23,,49,LA POLVACERA (CASA PANCHO) 
229001.069476215,3170650.09170754,17285,1044,CM-001,Calle san jose 2,D3-D4,S4,7,Unilateral,40,1,Columna,6,Viaria con cierre vidrio plano (tipo I),BC,23,EM,NO,Noche entera,-,-,-,-,-,Cambio luminaria,PC Ámbar,PC Ámbar-49,EL,DP,Breña Baja,23,,49,LA POLVACERA (CASA PANCHO) 
228991.741887976,3170672.78625322,17286,1045,CM-001,Calle san jose 2,D3-D4,S4,7,Unilateral,40,1,Columna,6,Viaria con cierre vidrio plano (tipo I),BC,23,EM,NO,Noche entera,-,-,-,-,-,Cambio luminaria,PC Ámbar,PC Ámbar-49,EL,DP,Breña Baja,23,,49,LA POLVACERA (CASA PANCHO) 
228975.385549162,3170707.00254481,17287,1046,CM-001,Calle san jose 2,D3-D4,S4,7,Unilateral,40,1,Columna,6,Viaria con cierre vidrio plano (tipo I),BC,23,EM,NO,Noche entera,-,-,-,-,-,Cambio luminaria,PC Ámbar,PC Ámbar-49,EL,DP,Breña Baja,23,,49,LA POLVACERA (CASA PANCHO) 
228972.1420368,3170735.84943371,17288,1047,CM-001,Calle san jose 2,D3-D4,S4,7,Unilateral,40,1,Columna,6,Viaria con cierre vidrio plano (tipo I),BC,23,EM,NO,Noche entera,-,-,-,-,-,Cambio luminaria,PC Ámbar,PC Ámbar-49,EL,DP,Breña Baja,23,,49,LA POLVACERA (CASA PANCHO) 
228977.251471309,3170767.54727435,17289,1048,CM-001,Calle san jose 2,D3-D4,S4,7,Unilateral,40,1,Columna,6,Viaria con cierre vidrio plano (tipo I),BC,23,EM,NO,Noche entera,-,-,-,-,-,Cambio luminaria,PC Ámbar,PC Ámbar-49,EL,DP,Breña Baja,23,,49,LA POLVACERA (CASA PANCHO) 
228990.575884672,3170827.08774364,17290,1049,CM-001,Calle san jose 2,D3-D4,S4,7,Unilateral,40,1,Columna,6,Viaria con cierre vidrio plano (tipo I),BC,23,EM,NO,Noche entera,-,-,-,-,-,Cambio luminaria,PC Ámbar,PC Ámbar-49,EL,DP,Breña Baja,23,,49,LA POLVACERA (CASA PANCHO) 
228970.212170037,3170857.98848101,17291,1050,CM-001,Calle san jose 2,D3-D4,S4,7,Unilateral,40,1,Columna,6,Viaria con cierre vidrio plano (tipo I),BC,23,EM,NO,Noche entera,-,-,-,-,-,Cambio luminaria,PC Ámbar,PC Ámbar-49,EL,DP,Breña Baja,23,,49,LA POLVACERA (CASA PANCHO) 
228934.078809291,3170911.95727929,17292,1051,CM-001,Calle san jose 2,D3-D4,S4,7,Unilateral,40,1,Columna,6,Viaria con cierre vidrio plano (tipo I),BC,23,EM,NO,Noche entera,-,-,-,-,-,Cambio luminaria,PC Ámbar,PC Ámbar-49,EL,DP,Breña Baja,23,,49,LA POLVACERA (CASA PANCHO) 
228874.381334446,3170906.59147121,17293,1052,CM-001,Calle san jose 2,D3-D4,S4,7,Unilateral,40,1,Columna,6,Viaria con cierre vidrio plano (tipo I),BC,23,EM,NO,Noche entera,-,-,-,-,-,Cambio luminaria,PC Ámbar,PC Ámbar-49,EL,DP,Breña Baja,23,,49,LA POLVACERA (CASA PANCHO) 
228802.897993515,3170891.10225385,17294,1053,CM-001,Calle san jose 2,D3-D4,S4,7,Unilateral,40,1,Columna,6,Viaria con cierre vidrio plano (tipo I),BC,23,EM,NO,Noche entera,-,-,-,-,-,Cambio luminaria,PC Ámbar,PC Ámbar-49,EL,DP,Breña Baja,23,,49,LA POLVACERA (CASA PANCHO) 
228770.438701064,3170898.93796776,17295,1054,CM-001,Calle san jose 2,D3-D4,S4,7,Unilateral,40,1,Columna,6,Viaria con cierre vidrio plano (tipo I),BC,23,EM,NO,Noche entera,-,-,-,-,-,Cambio luminaria,PC Ámbar,PC Ámbar-49,EL,DP,Breña Baja,23,,49,LA POLVACERA (CASA PANCHO) 
228719.743866583,3170887.63994997,17296,1055,CM-001,Calle san jose 2,D3-D4,S4,7,Unilateral,40,1,Columna,6,Viaria con cierre vidrio plano (tipo I),BC,23,EM,NO,Noche entera,-,-,-,-,-,Cambio luminaria,PC Ámbar,PC Ámbar-49,EL,DP,Breña Baja,23,,49,LA POLVACERA (CASA PANCHO) 
228631.892422644,3170925.34518145,17297,1057,CM-001,Calle san jose 2,D3-D4,S4,7,Unilateral,40,1,Columna,6,Viaria con cierre vidrio plano (tipo I),BC,23,EM,NO,Noche entera,-,-,-,-,-,Cambio luminaria,PC Ámbar,PC Ámbar-49,EL,DP,Breña Baja,23,,49,LA POLVACERA (CASA PANCHO) 
228678.859626367,3170894.89540503,17298,1056,CM-001,Calle san jose 2,D3-D4,S4,7,Unilateral,40,1,Columna,6,Viaria con cierre vidrio plano (tipo I),BC,23,EM,NO,Noche entera,-,-,-,-,-,Cambio luminaria,PC Ámbar,PC Ámbar-49,EL,DP,Breña Baja,23,,49,LA POLVACERA (CASA PANCHO) 
228864.628684728,3170938.51226713,17299,1058,CM-001,Calle san jose 2,D3-D4,S4,7,Unilateral,40,1,Columna,6,Viaria con cierre vidrio plano (tipo I),BC,23,EM,NO,Noche entera,-,-,-,-,-,Cambio luminaria,PC Ámbar,PC Ámbar-49,EL,DP,Breña Baja,23,,49,LA POLVACERA (CASA PANCHO) 
228834.197923194,3171049.71006101,17300,1060,CM-001,Calle san jose 2,D3-D4,S4,7,Unilateral,40,1,Columna,6,Viaria con cierre vidrio plano (tipo I),BC,23,EM,NO,Noche entera,-,-,-,-,-,Cambio luminaria,PC Ámbar,PC Ámbar-49,EL,DP,Breña Baja,23,,49,LA POLVACERA (CASA PANCHO) 
228847.516471315,3170991.68239848,17301,1059,CM-001,Calle san jose 2,D3-D4,S4,7,Unilateral,40,1,Columna,6,Viaria con cierre vidrio plano (tipo I),BC,23,EM,NO,Noche entera,-,-,-,-,-,Cambio luminaria,PC Ámbar,PC Ámbar-49,EL,DP,Breña Baja,23,,49,LA POLVACERA (CASA PANCHO) 
228825.050438325,3171078.69367065,17302,1061,CM-001,Calle san jose 2,D3-D4,S4,7,Unilateral,40,1,Columna,6,Viaria con cierre vidrio plano (tipo I),BC,23,EM,NO,Noche entera,-,-,-,-,-,Cambio luminaria,PC Ámbar,PC Ámbar-49,EL,DP,Breña Baja,23,,49,LA POLVACERA (CASA PANCHO) 
228846.02272235,3171116.14941869,17303,1062,CM-001,Calle san jose 2,D3-D4,S4,7,Unilateral,40,1,Columna,6,Viaria con cierre vidrio plano (tipo I),BC,23,EM,NO,Noche entera,-,-,-,-,-,Cambio luminaria,PC Ámbar,PC Ámbar-49,EL,DP,Breña Baja,23,,49,LA POLVACERA (CASA PANCHO) 
228875.251749797,3171180.68897464,17304,1063,CM-001,Calle san jose 2,D3-D4,S4,7,Unilateral,40,1,Columna,6,Viaria con cierre vidrio plano (tipo I),BC,23,EM,NO,Noche entera,-,-,-,-,-,Cambio luminaria,PC Ámbar,PC Ámbar-49,EL,DP,Breña Baja,23,,49,LA POLVACERA (CASA PANCHO) 
229360.079519346,3170584.80871105,17305,1065,CM-001,Camino de vista alegre,D3-D4,S4,6,Unilateral,40,1,Columna,5,Viaria con cierre vidrio plano (tipo I),VSBP,55,EM,NO,Noche entera,VSBP,55,EM,NO,Hasta 24:00,Cambio luminaria,PC Ámbar,PC Ámbar-49,EL,DP,Breña Baja,55,55,49,LA POLVACERA (CASA PANCHO) 
229396.518980958,3170566.73994046,17306,1064,CM-001,Camino de vista alegre,D3-D4,S4,6,Unilateral,40,1,Columna,5,Viaria con cierre vidrio plano (tipo I),VSBP,55,EM,NO,Noche entera,VSBP,55,EM,NO,Hasta 24:00,Cambio luminaria,PC Ámbar,PC Ámbar-49,EL,DP,Breña Baja,55,55,49,LA POLVACERA (CASA PANCHO) 
229411.851805466,3170625.22163136,17307,1066,CM-001,Camino de vista alegre,D3-D4,S4,6,Unilateral,40,1,Columna,5,Viaria con cierre vidrio plano (tipo I),VSBP,55,EM,NO,Noche entera,VSBP,55,EM,NO,Hasta 24:00,Cambio luminaria,PC Ámbar,PC Ámbar-49,EL,DP,Breña Baja,55,55,49,LA POLVACERA (CASA PANCHO) 
229422.485151561,3170666.1571351,17308,1067,CM-001,Camino de vista alegre,D3-D4,S4,6,Unilateral,40,1,Columna,5,Viaria con cierre vidrio plano (tipo I),VSBP,55,EM,NO,Noche entera,VSBP,55,EM,NO,Hasta 24:00,Cambio luminaria,PC Ámbar,PC Ámbar-49,EL,DP,Breña Baja,55,55,49,LA POLVACERA (CASA PANCHO) 
229433.628605141,3170697.86922834,17309,1068,CM-001,Camino de vista alegre,D3-D4,S4,6,Unilateral,40,1,Columna,5,Viaria con cierre vidrio plano (tipo I),VSBP,55,EM,NO,Noche entera,VSBP,55,EM,NO,Hasta 24:00,Cambio luminaria,PC Ámbar,PC Ámbar-49,EL,DP,Breña Baja,55,55,49,LA POLVACERA (CASA PANCHO) 
229470.692685358,3170724.73976843,17310,1069,CM-001,Camino de vista alegre,D3-D4,S4,6,Unilateral,40,1,Columna,5,Viaria con cierre vidrio plano (tipo I),VSBP,55,EM,NO,Noche entera,VSBP,55,EM,NO,Hasta 24:00,Cambio luminaria,PC Ámbar,PC Ámbar-49,EL,DP,Breña Baja,55,55,49,LA POLVACERA (CASA PANCHO) 
229463.667474149,3170767.82948195,17311,1070,CM-001,Camino de vista alegre,D3-D4,S4,6,Unilateral,40,1,Columna,5,Viaria con cierre vidrio plano (tipo I),VSBP,55,EM,NO,Noche entera,VSBP,55,EM,NO,Hasta 24:00,Cambio luminaria,PC Ámbar,PC Ámbar-49,EL,DP,Breña Baja,55,55,49,LA POLVACERA (CASA PANCHO) 
229469.239184084,3170810.43502039,17312,1071,CM-001,Camino de vista alegre,D3-D4,S4,6,Unilateral,40,1,Columna,5,Viaria con cierre vidrio plano (tipo I),VSBP,55,EM,NO,Noche entera,VSBP,55,EM,NO,Hasta 24:00,Cambio luminaria,PC Ámbar,PC Ámbar-49,EL,DP,Breña Baja,55,55,49,LA POLVACERA (CASA PANCHO) 
229481.970399041,3170852.95383903,17313,1072,CM-001,Camino de vista alegre,D3-D4,S4,6,Unilateral,40,1,Columna,5,Viaria con cierre vidrio plano (tipo I),VSBP,55,EM,NO,Noche entera,VSBP,55,EM,NO,Hasta 24:00,Cambio luminaria,PC Ámbar,PC Ámbar-49,EL,DP,Breña Baja,55,55,49,LA POLVACERA (CASA PANCHO) 
229511.620678931,3170887.27018639,17314,1073,CM-001,Camino de vista alegre,D3-D4,S4,6,Unilateral,40,1,Columna,5,Viaria con cierre vidrio plano (tipo I),VSBP,55,EM,NO,Noche entera,VSBP,55,EM,NO,Hasta 24:00,Cambio luminaria,PC Ámbar,PC Ámbar-49,EL,DP,Breña Baja,55,55,49,LA POLVACERA (CASA PANCHO) 
229536.714643572,3170921.67632695,17315,1074,CM-001,Camino de vista alegre,D3-D4,S4,6,Unilateral,40,1,Columna,5,Viaria con cierre vidrio plano (tipo I),VSBP,55,EM,NO,Noche entera,VSBP,55,EM,NO,Hasta 24:00,Cambio luminaria,PC Ámbar,PC Ámbar-49,EL,DP,Breña Baja,55,55,49,LA POLVACERA (CASA PANCHO) 
226428.871761668,3192547.09689135,17517,1001,CM-001,Carretera General,D3-D4,S2,21,Tresbolillo,22,1,Columna,8,Viaria con cierre vidrio plano (tipo I),VSBP,35,EM,NO,Noche entera,VSBP,70,EM,NO,Noche entera,Cambio luminaria,PC Ámbar,PC Ámbar-152,EL,DP,Barlovento,35,70,152,El Pueblo
226451.475539013,3192540.66580282,17518,1002,CM-001,Carretera General,D3-D4,S2,21,Tresbolillo,22,1,Columna,8,Viaria con cierre vidrio plano (tipo I),VSBP,35,EM,NO,Noche entera,VSBP,70,EM,NO,Noche entera,Cambio luminaria,PC Ámbar,PC Ámbar-152,EL,DP,Barlovento,35,70,152,El Pueblo
226481.356647942,3192533.82992764,17519,1003,CM-001,Carretera General,D3-D4,S2,21,Tresbolillo,22,1,Columna,8,Viaria con cierre vidrio plano (tipo I),VSBP,35,EM,NO,Noche entera,VSBP,70,EM,NO,Noche entera,Cambio luminaria,PC Ámbar,PC Ámbar-152,EL,DP,Barlovento,35,70,152,El Pueblo
226508.19231253,3192527.58074138,17520,1004,CM-001,Carretera General,D3-D4,S2,21,Tresbolillo,22,1,Columna,8,Viaria con cierre vidrio plano (tipo I),VSBP,35,EM,NO,Noche entera,VSBP,70,EM,NO,Noche entera,Cambio luminaria,PC Ámbar,PC Ámbar-152,EL,DP,Barlovento,35,70,152,El Pueblo
226525.587750663,3192509.57789308,17521,1005,CM-001,Carretera General,D3-D4,S2,21,Tresbolillo,22,1,Columna,8,Viaria con cierre vidrio plano (tipo I),VSBP,35,EM,NO,Noche entera,VSBP,70,EM,NO,Noche entera,Cambio luminaria,PC Ámbar,PC Ámbar-152,EL,DP,Barlovento,35,70,152,El Pueblo
226524.553441456,3192488.91494447,17522,1006,CM-001,Carretera General,D3-D4,S2,21,Tresbolillo,22,1,Columna,8,Viaria con cierre vidrio plano (tipo I),VSBP,35,EM,NO,Noche entera,VSBP,70,EM,NO,Noche entera,Cambio luminaria,PC Ámbar,PC Ámbar-152,EL,DP,Barlovento,35,70,152,El Pueblo
226535.67233356,3192476.25888622,17523,1007,CM-001,Carretera General,D3-D4,S2,21,Tresbolillo,22,1,Columna,8,Viaria con cierre vidrio plano (tipo I),VSBP,35,EM,NO,Noche entera,VSBP,70,EM,NO,Noche entera,Cambio luminaria,PC Ámbar,PC Ámbar-152,EL,DP,Barlovento,35,70,152,El Pueblo
226527.092368884,3192464.41439531,17524,1008,CM-001,Carretera General,D3-D4,S2,21,Tresbolillo,22,1,Columna,8,Viaria con cierre vidrio plano (tipo I),VSBP,35,EM,NO,Noche entera,VSBP,70,EM,NO,Noche entera,Cambio luminaria,PC Ámbar,PC Ámbar-152,EL,DP,Barlovento,35,70,152,El Pueblo
226534.121224022,3192453.76976646,17525,1009,CM-001,Carretera General,D3-D4,S2,21,Tresbolillo,22,1,Columna,8,Viaria con cierre vidrio plano (tipo I),VSBP,35,EM,NO,Noche entera,VSBP,70,EM,NO,Noche entera,Cambio luminaria,PC Ámbar,PC Ámbar-152,EL,DP,Barlovento,35,70,152,El Pueblo
226525.50523266,3192443.12513761,17526,1010,CM-001,Carretera General,D3-D4,S2,21,Tresbolillo,22,1,Columna,8,Viaria con cierre vidrio plano (tipo I),VSBP,35,EM,NO,Noche entera,VSBP,70,EM,NO,Noche entera,Cambio luminaria,PC Ámbar,PC Ámbar-152,EL,DP,Barlovento,35,70,152,El Pueblo
226532.534033297,3192436.78365802,17527,1011,CM-001,Carretera General,D3-D4,S2,21,Tresbolillo,22,1,Columna,8,Viaria con cierre vidrio plano (tipo I),VSBP,35,EM,NO,Noche entera,VSBP,70,EM,NO,Noche entera,Cambio luminaria,PC Ámbar,PC Ámbar-152,EL,DP,Barlovento,35,70,152,El Pueblo
226532.286043261,3192423.95604786,17528,1012,CM-001,Carretera General,D3-D4,S2,21,Tresbolillo,22,1,Columna,8,Viaria con cierre vidrio plano (tipo I),VSBP,35,EM,NO,Noche entera,VSBP,70,EM,NO,Noche entera,Cambio luminaria,PC Ámbar,PC Ámbar-152,EL,DP,Barlovento,35,70,152,El Pueblo
226531.143981021,3192412.9759694,17529,1013,CM-001,Carretera General,D3-D4,S2,21,Tresbolillo,22,1,Columna,8,Viaria con cierre vidrio plano (tipo I),VSBP,35,EM,NO,Noche entera,VSBP,70,EM,NO,Noche entera,Cambio luminaria,PC Ámbar,PC Ámbar-152,EL,DP,Barlovento,35,70,152,El Pueblo
226530.144662935,3192402.70884375,17530,1014,CM-001,Carretera General,D3-D4,S2,21,Tresbolillo,22,1,Columna,8,Viaria con cierre vidrio plano (tipo I),VSBP,35,EM,NO,Noche entera,VSBP,70,EM,NO,Noche entera,Cambio luminaria,PC Ámbar,PC Ámbar-152,EL,DP,Barlovento,35,70,152,El Pueblo
226529.573631815,3192392.29915869,17531,1015,CM-001,Carretera General,D3-D4,S2,21,Tresbolillo,22,1,Columna,8,Viaria con cierre vidrio plano (tipo I),VSBP,35,EM,NO,Noche entera,VSBP,70,EM,NO,Noche entera,Cambio luminaria,PC Ámbar,PC Ámbar-152,EL,DP,Barlovento,35,70,152,El Pueblo
226529.002600695,3192382.31724086,17532,1016,CM-001,Carretera General,D3-D4,S2,21,Tresbolillo,22,1,Columna,8,Viaria con cierre vidrio plano (tipo I),VSBP,35,EM,NO,Noche entera,VSBP,70,EM,NO,Noche entera,Cambio luminaria,PC Ámbar,PC Ámbar-152,EL,DP,Barlovento,35,70,152,El Pueblo
226529.00020255,3192373.44834111,17533,1018,CM-001,Carretera General,D3-D4,S2,21,Tresbolillo,22,1,Columna,8,Viaria con cierre vidrio plano (tipo I),VSBP,35,EM,NO,Noche entera,VSBP,70,EM,NO,Noche entera,Cambio luminaria,PC Ámbar,PC Ámbar-152,EL,DP,Barlovento,35,70,152,El Pueblo
226521.00162462,3192378.93671155,17534,1017,CM-001,Carretera General,D3-D4,S2,21,Tresbolillo,22,1,Columna,8,Viaria con cierre vidrio plano (tipo I),VSBP,35,EM,NO,Noche entera,VSBP,70,EM,NO,Noche entera,Cambio luminaria,PC Ámbar,PC Ámbar-152,EL,DP,Barlovento,35,70,152,El Pueblo
226563.696570085,3192406.65373656,17535,1268,CM-001,Colegio,E1-E2,S4,0,Otra,0,1,Columna,5,Artística con Reflector,VSBP,35,EM,NO,Noche entera,-,-,-,-,-,Cambio luminaria,PC Ámbar,PC Ámbar-32,EL,DP,Barlovento,35,,32,El Pueblo
226565.514636808,3192415.53204829,17536,1269,CM-001,Colegio,E1-E2,S4,0,Otra,0,1,Columna,5,Artística con Reflector,VSBP,35,EM,NO,Noche entera,-,-,-,-,-,Cambio luminaria,PC Ámbar,PC Ámbar-32,EL,DP,Barlovento,35,,32,El Pueblo
226567.736736529,3192424.00677917,17537,1270,CM-001,Colegio,E1-E2,S4,0,Otra,0,1,Columna,5,Artística con Reflector,VSBP,35,EM,NO,Noche entera,-,-,-,-,-,Cambio luminaria,PC Ámbar,PC Ámbar-32,EL,DP,Barlovento,35,,32,El Pueblo
226577.433037885,3192417.54984136,17538,1271,CM-001,Colegio,E1-E2,S4,0,Otra,0,1,Columna,5,Artística con Reflector,VSBP,35,EM,NO,Noche entera,-,-,-,-,-,Cambio luminaria,PC Ámbar,PC Ámbar-32,EL,DP,Barlovento,35,,32,El Pueblo
226585.513316269,3192411.49646216,17539,1272,CM-001,Colegio,E1-E2,S4,0,Otra,0,1,Columna,5,Artística con Reflector,VSBP,35,EM,NO,Noche entera,-,-,-,-,-,Cambio luminaria,PC Ámbar,PC Ámbar-32,EL,DP,Barlovento,35,,32,El Pueblo
226591.573538681,3192403.42526765,17540,1273,CM-001,Colegio,E1-E2,S4,0,Otra,0,1,Columna,5,Artística con Reflector,VSBP,35,EM,NO,Noche entera,-,-,-,-,-,Cambio luminaria,PC Ámbar,PC Ámbar-32,EL,DP,Barlovento,35,,32,El Pueblo
226604.143090734,3192423.36144584,17541,1274,CM-001,Colegio,E1-E2,S4,0,Otra,0,1,Columna,5,Artística con Reflector,VSBP,35,EM,NO,Noche entera,-,-,-,-,-,Cambio luminaria,PC Ámbar,PC Ámbar-32,EL,DP,Barlovento,35,,32,El Pueblo
226611.285094734,3192412.15087372,17542,1275,CM-001,Colegio,E1-E2,S4,0,Otra,0,1,Columna,5,Artística con Reflector,VSBP,35,EM,NO,Noche entera,-,-,-,-,-,Cambio luminaria,PC Ámbar,PC Ámbar-32,EL,DP,Barlovento,35,,32,El Pueblo
226564.067722416,3192357.7083397,17543,1267,CM-001,Calle casa de la cultura,B1,ME5,9,Unilateral,11,1,Columna,5,Artística con Reflector,VSBP,35,EM,NO,Noche entera,-,-,-,-,-,Cambio luminaria,PC Ámbar,PC Ámbar-49,EL,DP,Barlovento,35,,49,El Pueblo
226554.157722418,3192355.3783397,17544,1266,CM-001,Calle casa de la cultura,B1,ME5,9,Unilateral,11,1,Columna,5,Artística con Reflector,VSBP,35,EM,NO,Noche entera,-,-,-,-,-,Cambio luminaria,PC Ámbar,PC Ámbar-49,EL,DP,Barlovento,35,,49,El Pueblo
226529.787722417,3192355.6783397,17545,1019,CM-001,Carretera General,D3-D4,S2,21,Tresbolillo,22,1,Columna,8,Viaria con cierre vidrio plano (tipo I),VSBP,35,EM,NO,Noche entera,VSBP,70,EM,NO,Noche entera,Cambio luminaria,PC Ámbar,PC Ámbar-152,EL,DP,Barlovento,35,70,152,El Pueblo
226527.36221517,3192334.7583397,17546,1020,CM-001,Carretera General,D3-D4,S2,21,Tresbolillo,22,1,Columna,8,Viaria con cierre vidrio plano (tipo I),VSBP,35,EM,NO,Noche entera,VSBP,70,EM,NO,Noche entera,Cambio luminaria,PC Ámbar,PC Ámbar-152,EL,DP,Barlovento,35,70,152,El Pueblo
226521.767722416,3192316.3283397,17547,1021,CM-001,Carretera General,D3-D4,S2,21,Tresbolillo,22,1,Columna,8,Viaria con cierre vidrio plano (tipo I),VSBP,35,EM,NO,Noche entera,VSBP,70,EM,NO,Noche entera,Cambio luminaria,PC Ámbar,PC Ámbar-152,EL,DP,Barlovento,35,70,152,El Pueblo
226512.727722417,3192295.7183397,17548,1022,CM-001,Carretera General,D3-D4,S2,21,Tresbolillo,22,1,Columna,8,Viaria con cierre vidrio plano (tipo I),VSBP,35,EM,NO,Noche entera,VSBP,70,EM,NO,Noche entera,Cambio luminaria,PC Ámbar,PC Ámbar-152,EL,DP,Barlovento,35,70,152,El Pueblo
226501.377722416,3192283.3183397,17549,1023,CM-001,Carretera General,D3-D4,S2,21,Tresbolillo,22,1,Columna,8,Viaria con cierre vidrio plano (tipo I),VSBP,35,EM,NO,Noche entera,VSBP,70,EM,NO,Noche entera,Cambio luminaria,PC Ámbar,PC Ámbar-152,EL,DP,Barlovento,35,70,152,El Pueblo
226442.917722417,3192349.9783397,17550,1132,CM-001,Plaza Ayuntamiento 2,E1-E2,S4,0,Otra,0,1,Directo,0,Empotrada suelo,BC,23,EM,NO,Noche entera,-,-,-,-,-,Cambio lámpara,Empotrada suelo,L_Bulb-13,EL,NO,Barlovento,23,,13,El Pueblo
226451.590009762,3192310.1889183,17551,1133,CM-001,Plaza Ayuntamiento 2,E1-E2,S4,0,Otra,0,1,Directo,0,Empotrada suelo,BC,23,EM,NO,Noche entera,-,-,-,-,-,Cambio lámpara,Empotrada suelo,L_Bulb-13,EL,NO,Barlovento,23,,13,El Pueblo
226465.417722417,3192305.8683397,17552,1134,CM-001,Plaza Ayuntamiento 2,E1-E2,S4,0,Otra,0,1,Directo,0,Empotrada suelo,BC,23,EM,NO,Noche entera,-,-,-,-,-,Cambio lámpara,Empotrada suelo,L_Bulb-13,EL,NO,Barlovento,23,,13,El Pueblo
226462.573222418,3192296.2788397,17553,1135,CM-001,Plaza Ayuntamiento 2,E1-E2,S4,0,Otra,0,1,Directo,0,Empotrada suelo,BC,23,EM,NO,Noche entera,-,-,-,-,-,Cambio lámpara,Empotrada suelo,L_Bulb-13,EL,NO,Barlovento,23,,13,El Pueblo
226449.221222416,3192300.46283969,17554,1136,CM-001,Plaza Ayuntamiento 2,E1-E2,S4,0,Otra,0,1,Directo,0,Empotrada suelo,BC,23,EM,NO,Noche entera,-,-,-,-,-,Cambio lámpara,Empotrada suelo,L_Bulb-13,EL,NO,Barlovento,23,,13,El Pueblo
226452.307722418,3192288.83833969,17555,1137,CM-001,Plaza Ayuntamiento 3,E1-E2,S4,0,Otra,0,6,Columna,12,Proyector,HMC,150,EM,NO,Noche entera,-,-,-,-,-,Cambio luminaria,Proyector LED,Proyector LED-93,EL,DP,Barlovento,150,,93,El Pueblo
226446.477722416,3192290.6483397,17556,1138,CM-001,Plaza Ayuntamiento 4,E1-E2,S4,0,Otra,0,1,Brazo,6,Artística con Reflector,VSBP,35,EM,NO,Noche entera,-,-,-,-,-,Cambio luminaria,PC Ámbar,PC Ámbar-32,EL,DP,Barlovento,35,,32,El Pueblo
226419.557294859,3192303.99242603,17557,1139,CM-001,Plaza Ayuntamiento 4,E1-E2,S4,0,Otra,0,1,Brazo,6,Artística con Reflector,VSBP,35,EM,NO,Noche entera,-,-,-,-,-,Cambio luminaria,PC Ámbar,PC Ámbar-32,EL,DP,Barlovento,35,,32,El Pueblo
226387.290000001,3192145.77,17558,1255,CM-001,Calle Carmen Hernandez Paz,D3-D4,S4,9,Tresbolillo,35,1,Columna,5,Artística con Reflector,VSBP,35,EM,NO,Noche entera,-,-,-,-,-,Cambio luminaria,PC Ámbar,PC Ámbar-49,EL,DP,Barlovento,35,,49,El Pueblo
226424.539005884,3192309.76471376,17559,1140,CM-001,Plaza Ayuntamiento 4,E1-E2,S4,0,Otra,0,1,Brazo,6,Artística con Reflector,VSBP,35,EM,NO,Noche entera,-,-,-,-,-,Cambio luminaria,PC Ámbar,PC Ámbar-32,EL,DP,Barlovento,35,,32,El Pueblo
226430.915619979,3192308.17237387,17560,1141,CM-001,Plaza Ayuntamiento 4,E1-E2,S4,0,Otra,0,1,Brazo,6,Artística con Reflector,VSBP,35,EM,NO,Noche entera,-,-,-,-,-,Cambio luminaria,PC Ámbar,PC Ámbar-32,EL,DP,Barlovento,35,,32,El Pueblo
226435.698066926,3192306.77904309,17561,1142,CM-001,Plaza Ayuntamiento 4,E1-E2,S4,0,Otra,0,1,Brazo,6,Artística con Reflector,VSBP,35,EM,NO,Noche entera,-,-,-,-,-,Cambio luminaria,PC Ámbar,PC Ámbar-32,EL,DP,Barlovento,35,,32,El Pueblo
226440.081931205,3192305.38573456,17562,1143,CM-001,Plaza Ayuntamiento 4,E1-E2,S4,0,Otra,0,1,Brazo,6,Artística con Reflector,VSBP,35,EM,NO,Noche entera,-,-,-,-,-,Cambio luminaria,PC Ámbar,PC Ámbar-32,EL,DP,Barlovento,35,,32,El Pueblo
226482.657882913,3192356.14905486,17563,1149,CM-001,Plaza Ayuntamiento 5,E1-E2,S4,0,Otra,0,1,Columna,5,Artística con Reflector,VSBP,35,EM,NO,Noche entera,-,-,-,-,-,Cambio luminaria,PC Ámbar,PC Ámbar-32,EL,DP,Barlovento,35,,32,El Pueblo
226490.300722415,3192328.6928397,17564,1151,CM-001,Plaza Ayuntamiento 5,E1-E2,S4,0,Otra,0,1,Columna,5,Artística con Reflector,VSBP,35,EM,NO,Noche entera,-,-,-,-,-,Cambio luminaria,PC Ámbar,PC Ámbar-32,EL,DP,Barlovento,35,,32,El Pueblo
226488.981378687,3192352.61560762,17565,1148,CM-001,Plaza Ayuntamiento 5,E1-E2,S4,0,Otra,0,1,Columna,5,Artística con Reflector,VSBP,35,EM,NO,Noche entera,-,-,-,-,-,Cambio luminaria,PC Ámbar,PC Ámbar-32,EL,DP,Barlovento,35,,32,El Pueblo
226480.938245704,3192336.10575951,17566,1150,CM-001,Plaza Ayuntamiento 5,E1-E2,S4,0,Otra,0,1,Columna,5,Artística con Reflector,VSBP,35,EM,NO,Noche entera,-,-,-,-,-,Cambio luminaria,PC Ámbar,PC Ámbar-32,EL,DP,Barlovento,35,,32,El Pueblo
226498.315444832,3192362.0866794,17567,1158,CM-001,Calle Venezuela,D3-D4,S4,9,Unilateral,18,1,Columna,5,Artística con Reflector,VSBP,35,EM,NO,Noche entera,-,-,-,-,-,Cambio luminaria,PC Ámbar,PC Ámbar-32,EL,DP,Barlovento,35,,32,El Pueblo
226512.672277584,3192358.9416603,17568,1157,CM-001,Calle Venezuela,D3-D4,S4,9,Unilateral,18,1,Columna,5,Artística con Reflector,VSBP,35,EM,NO,Noche entera,-,-,-,-,-,Cambio luminaria,PC Ámbar,PC Ámbar-32,EL,DP,Barlovento,35,,32,El Pueblo
226406.010000001,3192381.57,17569,1156,CM-001,Parque Infantil,E1-E2,S4,8,Unilateral,17,1,Columna,5,Artística con Reflector,VSBP,35,EM,NO,Noche entera,-,-,-,-,-,Cambio luminaria,PC Ámbar,PC Ámbar-32,EL,DP,Barlovento,35,,32,El Pueblo
226413.17,3192361.16,17570,1155,CM-001,Parque Infantil,E1-E2,S4,8,Unilateral,17,1,Columna,5,Artística con Reflector,VSBP,35,EM,NO,Noche entera,-,-,-,-,-,Cambio luminaria,PC Ámbar,PC Ámbar-32,EL,DP,Barlovento,35,,32,El Pueblo
226431.390000001,3192364.33,17571,1154,CM-001,Parque Infantil,E1-E2,S4,8,Unilateral,17,1,Columna,5,Artística con Reflector,VSBP,35,EM,NO,Noche entera,-,-,-,-,-,Cambio luminaria,PC Ámbar,PC Ámbar-32,EL,DP,Barlovento,35,,32,El Pueblo
226425.147722416,3192383.2183397,17572,1153,CM-001,Parque Infantil,E1-E2,S4,8,Unilateral,17,1,Columna,5,Artística con Reflector,VSBP,35,EM,NO,Noche entera,-,-,-,-,-,Cambio luminaria,PC Ámbar,PC Ámbar-32,EL,DP,Barlovento,35,,32,El Pueblo
226493.831658649,3192352.20889539,17573,1152,CM-001,Plaza Ayuntamiento 5,E1-E2,S4,0,Otra,0,1,Columna,5,Artística con Reflector,VSBP,35,EM,NO,Noche entera,-,-,-,-,-,Cambio luminaria,PC Ámbar,PC Ámbar-32,EL,DP,Barlovento,35,,32,El Pueblo
226436.625331642,3192322.70931742,17574,1144,CM-001,Plaza Ayuntamiento 5,E1-E2,S4,0,Otra,0,1,Columna,5,Artística con Reflector,VSBP,35,EM,NO,Noche entera,-,-,-,-,-,Cambio luminaria,PC Ámbar,PC Ámbar-32,EL,DP,Barlovento,35,,32,El Pueblo
226447.812298374,3192319.10866321,17575,1145,CM-001,Plaza Ayuntamiento 5,E1-E2,S4,0,Otra,0,1,Columna,5,Artística con Reflector,VSBP,35,EM,NO,Noche entera,-,-,-,-,-,Cambio luminaria,PC Ámbar,PC Ámbar-32,EL,DP,Barlovento,35,,32,El Pueblo
226463.225560333,3192314.26642711,17576,1146,CM-001,Plaza Ayuntamiento 5,E1-E2,S4,0,Otra,0,1,Columna,5,Artística con Reflector,VSBP,35,EM,NO,Noche entera,-,-,-,-,-,Cambio luminaria,PC Ámbar,PC Ámbar-32,EL,DP,Barlovento,35,,32,El Pueblo
226473.791080388,3192311.03824746,17577,1147,CM-001,Plaza Ayuntamiento 5,E1-E2,S4,0,Otra,0,1,Columna,5,Artística con Reflector,VSBP,35,EM,NO,Noche entera,-,-,-,-,-,Cambio luminaria,PC Ámbar,PC Ámbar-32,EL,DP,Barlovento,35,,32,El Pueblo
226475.697722416,3192279.9183397,17578,1024,CM-001,Carretera General,D3-D4,S2,21,Tresbolillo,22,1,Columna,8,Viaria con cierre vidrio plano (tipo I),VSBP,35,EM,NO,Noche entera,VSBP,70,EM,NO,Noche entera,Cambio luminaria,PC Ámbar,PC Ámbar-152,EL,DP,Barlovento,35,70,152,El Pueblo
226476.567722416,3192264.7183397,17579,1025,CM-001,Carretera General,D3-D4,S2,21,Tresbolillo,22,1,Columna,8,Viaria con cierre vidrio plano (tipo I),VSBP,35,EM,NO,Noche entera,VSBP,70,EM,NO,Noche entera,Cambio luminaria,PC Ámbar,PC Ámbar-152,EL,DP,Barlovento,35,70,152,El Pueblo
226460.067722416,3192273.6783397,17580,1026,CM-001,Carretera General,D3-D4,S2,21,Tresbolillo,22,1,Columna,8,Viaria con cierre vidrio plano (tipo I),VSBP,35,EM,NO,Noche entera,VSBP,70,EM,NO,Noche entera,Cambio luminaria,PC Ámbar,PC Ámbar-152,EL,DP,Barlovento,35,70,152,El Pueblo
226442.397722417,3192265.0183397,17581,1028,CM-001,Carretera General,D3-D4,S2,21,Tresbolillo,22,1,Columna,8,Viaria con cierre vidrio plano (tipo I),VSBP,35,EM,NO,Noche entera,VSBP,70,EM,NO,Noche entera,Cambio luminaria,PC Ámbar,PC Ámbar-152,EL,DP,Barlovento,35,70,152,El Pueblo
226424.147722417,3192256.0683397,17582,1029,CM-001,Carretera General,D3-D4,S2,21,Tresbolillo,22,1,Columna,8,Viaria con cierre vidrio plano (tipo I),VSBP,35,EM,NO,Noche entera,VSBP,70,EM,NO,Noche entera,Cambio luminaria,PC Ámbar,PC Ámbar-152,EL,DP,Barlovento,35,70,152,El Pueblo
226458.380955175,3192256.0683397,17583,1027,CM-001,Carretera General,D3-D4,S2,21,Tresbolillo,22,1,Columna,8,Viaria con cierre vidrio plano (tipo I),VSBP,35,EM,NO,Noche entera,VSBP,70,EM,NO,Noche entera,Cambio luminaria,PC Ámbar,PC Ámbar-152,EL,DP,Barlovento,35,70,152,El Pueblo
226439.557722416,3192246.9983397,17584,1030,CM-001,Carretera General,D3-D4,S2,21,Tresbolillo,22,1,Columna,8,Viaria con cierre vidrio plano (tipo I),VSBP,35,EM,NO,Noche entera,VSBP,70,EM,NO,Noche entera,Cambio luminaria,PC Ámbar,PC Ámbar-152,EL,DP,Barlovento,35,70,152,El Pueblo
226423.787722416,3192239.1483397,17585,1032,CM-001,Carretera General,D3-D4,S2,21,Tresbolillo,22,1,Columna,8,Viaria con cierre vidrio plano (tipo I),VSBP,35,EM,NO,Noche entera,VSBP,70,EM,NO,Noche entera,Cambio luminaria,PC Ámbar,PC Ámbar-152,EL,DP,Barlovento,35,70,152,El Pueblo
226498.983706742,3192267.51544008,17586,1242,CM-001,Calle de la fuente Llano,B1,ME5,3,Unilateral,36,1,Brazo,6,Viaria con cierre vidrio plano (tipo I),VSBP,35,EM,NO,Noche entera,-,-,-,-,-,Cambio luminaria,PC Ámbar,PC Ámbar-49,EL,DP,Barlovento,35,,49,El Pueblo
226499.887722415,3192254.5583397,17587,1243,CM-001,Calle de la fuente Llano,B1,ME5,3,Unilateral,36,1,Brazo,6,Viaria con cierre vidrio plano (tipo I),VSBP,35,EM,NO,Noche entera,-,-,-,-,-,Cambio luminaria,PC Ámbar,PC Ámbar-49,EL,DP,Barlovento,35,,49,El Pueblo
226499.887722415,3192239.53941842,17588,1244,CM-001,Calle de la fuente Llano,B1,ME5,3,Unilateral,36,1,Brazo,6,Viaria con cierre vidrio plano (tipo I),VSBP,35,EM,NO,Noche entera,-,-,-,-,-,Cambio luminaria,PC Ámbar,PC Ámbar-49,EL,DP,Barlovento,35,,49,El Pueblo
226466.26,3192233.64,17589,1264,CM-001,Calle Carmen Hernandez Paz,D3-D4,S4,9,Unilateral,15,1,Columna,5,Artística con Reflector,VSBP,35,EM,NO,Noche entera,-,-,-,-,-,Cambio luminaria,PC Ámbar,PC Ámbar-32,EL,DP,Barlovento,35,,32,El Pueblo
226463.470000001,3192215.328,17590,1263,CM-001,Calle Carmen Hernandez Paz,D3-D4,S4,9,Unilateral,15,1,Columna,5,Artística con Reflector,VSBP,35,EM,NO,Noche entera,-,-,-,-,-,Cambio luminaria,PC Ámbar,PC Ámbar-32,EL,DP,Barlovento,35,,32,El Pueblo
226447.927722416,3192200.3663397,17591,1261,CM-001,Calle Carmen Hernandez Paz,D3-D4,S4,9,Unilateral,15,1,Columna,5,Artística con Reflector,VSBP,35,EM,NO,Noche entera,-,-,-,-,-,Cambio luminaria,PC Ámbar,PC Ámbar-32,EL,DP,Barlovento,35,,32,El Pueblo
226428.057722416,3192194.5183397,17592,1260,CM-001,Calle Carmen Hernandez Paz,D3-D4,S4,9,Unilateral,15,1,Columna,5,Artística con Reflector,VSBP,35,EM,NO,Noche entera,-,-,-,-,-,Cambio luminaria,PC Ámbar,PC Ámbar-32,EL,DP,Barlovento,35,,32,El Pueblo
226422.837722416,3192178.7583397,17593,1259,CM-001,Calle Carmen Hernandez Paz,D3-D4,S4,9,Unilateral,15,1,Columna,5,Artística con Reflector,VSBP,35,EM,NO,Noche entera,-,-,-,-,-,Cambio luminaria,PC Ámbar,PC Ámbar-32,EL,DP,Barlovento,35,,32,El Pueblo
226392.900000001,3192162.35,17594,1256,CM-001,Calle Carmen Hernandez Paz,D3-D4,S4,9,Unilateral,15,1,Columna,5,Artística con Reflector,VSBP,35,EM,NO,Noche entera,-,-,-,-,-,Cambio luminaria,PC Ámbar,PC Ámbar-32,EL,DP,Barlovento,35,,32,El Pueblo
226419.275683608,3192106.1361818,17595,1241,CM-001,Calle Taburiente,D3-D4,S4,9,Tresbolillo,40,1,Columna,5,Artística con Reflector,VSBP,35,EM,NO,Noche entera,-,-,-,-,-,Cambio luminaria,PC Ámbar,PC Ámbar-49,EL,DP,Barlovento,35,,49,El Pueblo
226408.160544946,3192096.5888758,17596,1240,CM-001,Calle Taburiente,D3-D4,S4,9,Tresbolillo,40,1,Columna,5,Artística con Reflector,VSBP,35,EM,NO,Noche entera,-,-,-,-,-,Cambio luminaria,PC Ámbar,PC Ámbar-49,EL,DP,Barlovento,35,,49,El Pueblo
226397.347722417,3192102.2083397,17597,1239,CM-001,Calle Taburiente,D3-D4,S4,9,Tresbolillo,40,1,Columna,5,Artística con Reflector,VSBP,35,EM,NO,Noche entera,-,-,-,-,-,Cambio luminaria,PC Ámbar,PC Ámbar-49,EL,DP,Barlovento,35,,49,El Pueblo
226393.246794582,3192029.2183397,17598,1221,CM-001,Calle El Calvario,D3-D4,S4,11,Tresbolillo,27,1,Columna,5,Artística con Reflector,VSBP,35,EM,NO,Noche entera,-,-,-,-,-,Cambio luminaria,PC Ámbar,PC Ámbar-49,EL,DP,Barlovento,35,,49,El Pueblo
226386.167722416,3192043.0883397,17599,1220,CM-001,Calle El Calvario,D3-D4,S4,11,Tresbolillo,27,1,Columna,5,Artística con Reflector,VSBP,35,EM,NO,Noche entera,-,-,-,-,-,Cambio luminaria,PC Ámbar,PC Ámbar-49,EL,DP,Barlovento,35,,49,El Pueblo
226395.707722416,3192052.3283397,17600,1219,CM-001,Calle El Calvario,D3-D4,S4,11,Tresbolillo,27,1,Columna,5,Artística con Reflector,VSBP,35,EM,NO,Noche entera,-,-,-,-,-,Cambio luminaria,PC Ámbar,PC Ámbar-49,EL,DP,Barlovento,35,,49,El Pueblo
226383.007722416,3192067.1283397,17601,1218,CM-001,Calle El Calvario,D3-D4,S4,11,Tresbolillo,27,1,Columna,5,Artística con Reflector,VSBP,35,EM,NO,Noche entera,-,-,-,-,-,Cambio luminaria,PC Ámbar,PC Ámbar-49,EL,DP,Barlovento,35,,49,El Pueblo
226389.757722416,3192087.1683397,17602,1217,CM-001,Calle El Calvario,D3-D4,S4,11,Tresbolillo,27,1,Columna,5,Artística con Reflector,VSBP,35,EM,NO,Noche entera,-,-,-,-,-,Cambio luminaria,PC Ámbar,PC Ámbar-49,EL,DP,Barlovento,35,,49,El Pueblo
226375.347722416,3192108.8883397,17603,1216,CM-001,Calle El Calvario,D3-D4,S4,11,Tresbolillo,27,1,Columna,5,Artística con Reflector,VSBP,35,EM,NO,Noche entera,-,-,-,-,-,Cambio luminaria,PC Ámbar,PC Ámbar-49,EL,DP,Barlovento,35,,49,El Pueblo
226382.447722416,3192127.3583397,17604,1215,CM-001,Calle El Calvario,D3-D4,S4,11,Tresbolillo,27,1,Columna,5,Artística con Reflector,VSBP,35,EM,NO,Noche entera,-,-,-,-,-,Cambio luminaria,PC Ámbar,PC Ámbar-49,EL,DP,Barlovento,35,,49,El Pueblo
226370.987722417,3192133.0783397,17605,1222,CM-001,Calle El Calvario,D3-D4,S4,11,Tresbolillo,27,1,Columna,5,Artística con Reflector,VSBP,35,EM,NO,Noche entera,-,-,-,-,-,Cambio luminaria,PC Ámbar,PC Ámbar-49,EL,DP,Barlovento,35,,49,El Pueblo
226379.787722417,3192142.2283397,17606,1223,CM-001,Calle El Calvario,D3-D4,S4,11,Tresbolillo,27,1,Columna,5,Artística con Reflector,VSBP,35,EM,NO,Noche entera,-,-,-,-,-,Cambio luminaria,PC Ámbar,PC Ámbar-49,EL,DP,Barlovento,35,,49,El Pueblo
226351.167722418,3192094.6783397,17607,1238,CM-001,Calle Taburiente,D3-D4,S4,9,Tresbolillo,40,1,Columna,5,Artística con Reflector,VSBP,35,EM,NO,Noche entera,-,-,-,-,-,Cambio luminaria,PC Ámbar,PC Ámbar-49,EL,DP,Barlovento,35,,49,El Pueblo
226331.897722416,3192079.4183397,17608,1237,CM-001,Calle Taburiente,D3-D4,S4,9,Tresbolillo,40,1,Columna,5,Artística con Reflector,VSBP,35,EM,NO,Noche entera,-,-,-,-,-,Cambio luminaria,PC Ámbar,PC Ámbar-49,EL,DP,Barlovento,35,,49,El Pueblo
226305.787722417,3192079.0883397,17609,1236,CM-001,Calle Taburiente,D3-D4,S4,9,Tresbolillo,40,1,Columna,5,Artística con Reflector,VSBP,35,EM,NO,Noche entera,-,-,-,-,-,Cambio luminaria,PC Ámbar,PC Ámbar-49,EL,DP,Barlovento,35,,49,El Pueblo
226299.367722417,3192057.7583397,17610,1228,CM-001,Calle Taburiente,D3-D4,S4,9,Tresbolillo,40,1,Columna,5,Artística con Reflector,VSBP,35,EM,NO,Noche entera,-,-,-,-,-,Cambio luminaria,PC Ámbar,PC Ámbar-49,EL,DP,Barlovento,35,,49,El Pueblo
226275.107722417,3192050.9183397,17611,1229,CM-001,Calle Taburiente,D3-D4,S4,9,Tresbolillo,40,1,Columna,5,Artística con Reflector,VSBP,35,EM,NO,Noche entera,-,-,-,-,-,Cambio luminaria,PC Ámbar,PC Ámbar-49,EL,DP,Barlovento,35,,49,El Pueblo
226276.783543584,3192036.46114061,17612,1230,CM-001,Calle Taburiente,D3-D4,S4,9,Tresbolillo,40,1,Columna,5,Artística con Reflector,VSBP,35,EM,NO,Noche entera,-,-,-,-,-,Cambio luminaria,PC Ámbar,PC Ámbar-49,EL,DP,Barlovento,35,,49,El Pueblo
226256.08548214,3192029.12997928,17613,1231,CM-001,Calle Taburiente,D3-D4,S4,9,Tresbolillo,40,1,Columna,5,Artística con Reflector,VSBP,35,EM,NO,Noche entera,-,-,-,-,-,Cambio luminaria,PC Ámbar,PC Ámbar-49,EL,DP,Barlovento,35,,49,El Pueblo
226258.097722417,3192012.3483397,17614,1232,CM-001,Calle Taburiente,D3-D4,S4,9,Tresbolillo,40,1,Columna,5,Artística con Reflector,VSBP,35,EM,NO,Noche entera,-,-,-,-,-,Cambio luminaria,PC Ámbar,PC Ámbar-49,EL,DP,Barlovento,35,,49,El Pueblo
226239.760481037,3191991.3083397,17615,1233,CM-001,Calle Taburiente,D3-D4,S4,9,Tresbolillo,40,1,Columna,5,Artística con Reflector,VSBP,35,EM,NO,Noche entera,-,-,-,-,-,Cambio luminaria,PC Ámbar,PC Ámbar-49,EL,DP,Barlovento,35,,49,El Pueblo
226246.947722418,3191973.6083397,17616,1234,CM-001,Calle Taburiente,D3-D4,S4,9,Tresbolillo,40,1,Columna,5,Artística con Reflector,VSBP,35,EM,NO,Noche entera,-,-,-,-,-,Cambio luminaria,PC Ámbar,PC Ámbar-49,EL,DP,Barlovento,35,,49,El Pueblo
226233.747722417,3191963.7283397,17617,1235,CM-001,Calle Taburiente,D3-D4,S4,9,Tresbolillo,40,1,Columna,5,Artística con Reflector,VSBP,35,EM,NO,Noche entera,-,-,-,-,-,Cambio luminaria,PC Ámbar,PC Ámbar-49,EL,DP,Barlovento,35,,49,El Pueblo
226273.797722417,3192134.4283397,17618,1246,CM-001,Calle Carmen Hernandez Paz,D3-D4,S4,9,Tresbolillo,35,1,Columna,5,Artística con Reflector,VSBP,35,EM,NO,Noche entera,-,-,-,-,-,Cambio luminaria,PC Ámbar,PC Ámbar-49,EL,DP,Barlovento,35,,49,El Pueblo
226298.605169225,3192136.62514821,17619,1249,CM-001,Calle Carmen Hernandez Paz,D3-D4,S4,9,Tresbolillo,35,1,Columna,5,Artística con Reflector,VSBP,35,EM,NO,Noche entera,-,-,-,-,-,Cambio luminaria,PC Ámbar,PC Ámbar-49,EL,DP,Barlovento,35,,49,El Pueblo
226326.677722417,3192139.0483397,17620,1251,CM-001,Calle Carmen Hernandez Paz,D3-D4,S4,9,Tresbolillo,35,1,Columna,5,Artística con Reflector,VSBP,35,EM,NO,Noche entera,-,-,-,-,-,Cambio luminaria,PC Ámbar,PC Ámbar-49,EL,DP,Barlovento,35,,49,El Pueblo
226352.509630598,3192141.29098124,17621,1253,CM-001,Calle Carmen Hernandez Paz,D3-D4,S4,9,Tresbolillo,35,1,Columna,5,Artística con Reflector,VSBP,35,EM,NO,Noche entera,-,-,-,-,-,Cambio luminaria,PC Ámbar,PC Ámbar-49,EL,DP,Barlovento,35,,49,El Pueblo
226360.047722416,3192152.1428397,17622,1254,CM-001,Calle Carmen Hernandez Paz,D3-D4,S4,9,Tresbolillo,35,1,Columna,5,Artística con Reflector,VSBP,35,EM,NO,Noche entera,-,-,-,-,-,Cambio luminaria,PC Ámbar,PC Ámbar-49,EL,DP,Barlovento,35,,49,El Pueblo
226338.557722417,3192147.57175216,17623,1252,CM-001,Calle Carmen Hernandez Paz,D3-D4,S4,9,Tresbolillo,35,1,Columna,5,Artística con Reflector,VSBP,35,EM,NO,Noche entera,-,-,-,-,-,Cambio luminaria,PC Ámbar,PC Ámbar-49,EL,DP,Barlovento,35,,49,El Pueblo
226314.118222417,3192145.41372383,17624,1250,CM-001,Calle Carmen Hernandez Paz,D3-D4,S4,9,Tresbolillo,35,1,Columna,5,Artística con Reflector,VSBP,35,EM,NO,Noche entera,-,-,-,-,-,Cambio luminaria,PC Ámbar,PC Ámbar-49,EL,DP,Barlovento,35,,49,El Pueblo
226289.357722416,3192143.5883397,17625,1248,CM-001,Calle Carmen Hernandez Paz,D3-D4,S4,9,Tresbolillo,35,1,Columna,5,Artística con Reflector,VSBP,35,EM,NO,Noche entera,-,-,-,-,-,Cambio luminaria,PC Ámbar,PC Ámbar-49,EL,DP,Barlovento,35,,49,El Pueblo
226280.233762884,3192144.70517948,17626,1247,CM-001,Calle Carmen Hernandez Paz,D3-D4,S4,9,Tresbolillo,35,1,Columna,5,Artística con Reflector,VSBP,35,EM,NO,Noche entera,-,-,-,-,-,Cambio luminaria,PC Ámbar,PC Ámbar-49,EL,DP,Barlovento,35,,49,El Pueblo
226182.95,3192057.76,17627,1199,CM-001,Camino de los llanos,D3-D4,S4,10,Tresbolillo,23,1,Columna,5,Artística con Reflector,VSBP,35,EM,NO,Noche entera,-,-,-,-,-,Cambio luminaria,PC Ámbar,PC Ámbar-49,EL,DP,Barlovento,35,,49,El Pueblo
226196.220000001,3192057.48,17628,1198,CM-001,Camino de los llanos,D3-D4,S4,10,Tresbolillo,23,1,Columna,5,Artística con Reflector,VSBP,35,EM,NO,Noche entera,-,-,-,-,-,Cambio luminaria,PC Ámbar,PC Ámbar-49,EL,DP,Barlovento,35,,49,El Pueblo
226194.497366265,3192070.56479425,17629,1197,CM-001,Camino de los llanos,D3-D4,S4,10,Tresbolillo,23,1,Columna,5,Artística con Reflector,VSBP,35,EM,NO,Noche entera,-,-,-,-,-,Cambio luminaria,PC Ámbar,PC Ámbar-49,EL,DP,Barlovento,35,,49,El Pueblo
226208.47956647,3192072.84951023,17630,1196,CM-001,Camino de los llanos,D3-D4,S4,10,Tresbolillo,23,1,Columna,5,Artística con Reflector,VSBP,35,EM,NO,Noche entera,-,-,-,-,-,Cambio luminaria,PC Ámbar,PC Ámbar-49,EL,DP,Barlovento,35,,49,El Pueblo
226207.730833628,3192084.66851652,17631,1195,CM-001,Camino de los llanos,D3-D4,S4,10,Tresbolillo,23,1,Columna,5,Artística con Reflector,VSBP,35,EM,NO,Noche entera,-,-,-,-,-,Cambio luminaria,PC Ámbar,PC Ámbar-49,EL,DP,Barlovento,35,,49,El Pueblo
226222.610000001,3192086.46,17632,1194,CM-001,Camino de los llanos,D3-D4,S4,10,Tresbolillo,23,1,Columna,5,Artística con Reflector,VSBP,35,EM,NO,Noche entera,-,-,-,-,-,Cambio luminaria,PC Ámbar,PC Ámbar-49,EL,DP,Barlovento,35,,49,El Pueblo
226218.87,3192097.43,17633,1193,CM-001,Camino de los llanos,D3-D4,S4,10,Tresbolillo,23,1,Columna,5,Artística con Reflector,VSBP,35,EM,NO,Noche entera,-,-,-,-,-,Cambio luminaria,PC Ámbar,PC Ámbar-49,EL,DP,Barlovento,35,,49,El Pueblo
226232.176620289,3192096.9572085,17634,1192,CM-001,Camino de los llanos,D3-D4,S4,10,Tresbolillo,23,1,Columna,5,Artística con Reflector,VSBP,35,EM,NO,Noche entera,-,-,-,-,-,Cambio luminaria,PC Ámbar,PC Ámbar-49,EL,DP,Barlovento,35,,49,El Pueblo
226228.85,3192108.37,17635,1191,CM-001,Camino de los llanos,D3-D4,S4,10,Tresbolillo,23,1,Columna,5,Artística con Reflector,VSBP,35,EM,NO,Noche entera,-,-,-,-,-,Cambio luminaria,PC Ámbar,PC Ámbar-49,EL,DP,Barlovento,35,,49,El Pueblo
226242.657722416,3192107.9383397,17636,1200,CM-001,Camino de los llanos,D3-D4,S4,10,Tresbolillo,23,1,Columna,5,Artística con Reflector,VSBP,35,EM,NO,Noche entera,-,-,-,-,-,Cambio luminaria,PC Ámbar,PC Ámbar-49,EL,DP,Barlovento,35,,49,El Pueblo
226240.92,3192121.62,17637,1201,CM-001,Camino de los llanos,D3-D4,S4,10,Tresbolillo,23,1,Columna,5,Artística con Reflector,VSBP,35,EM,NO,Noche entera,-,-,-,-,-,Cambio luminaria,PC Ámbar,PC Ámbar-49,EL,DP,Barlovento,35,,49,El Pueblo
226273.687722418,3192159.8883397,17638,1207,CM-001,Camino de los llanos,D3-D4,S4,10,Tresbolillo,23,1,Columna,5,Artística con Reflector,VSBP,35,EM,NO,Noche entera,-,-,-,-,-,Cambio luminaria,PC Ámbar,PC Ámbar-49,EL,DP,Barlovento,35,,49,El Pueblo
226287.530578605,3192158.57179846,17639,1208,CM-001,Camino de los llanos,D3-D4,S4,10,Tresbolillo,23,1,Columna,5,Artística con Reflector,VSBP,35,EM,NO,Noche entera,-,-,-,-,-,Cambio luminaria,PC Ámbar,PC Ámbar-49,EL,DP,Barlovento,35,,49,El Pueblo
226213.207722418,3191891.9983397,17640,1075,CM-001,Carretera General,D3-D4,S2,21,Tresbolillo,22,1,Columna,8,Viaria con cierre vidrio plano (tipo I),VSBP,35,EM,NO,Noche entera,VSBP,70,EM,NO,Noche entera,Cambio luminaria,PC Ámbar,PC Ámbar-152,EL,DP,Barlovento,35,70,152,El Pueblo
226209.627722417,3191918.7583397,17641,1077,CM-001,Carretera General,D3-D4,S2,21,Tresbolillo,22,1,Columna,8,Viaria con cierre vidrio plano (tipo I),VSBP,35,EM,NO,Noche entera,VSBP,70,EM,NO,Noche entera,Cambio luminaria,PC Ámbar,PC Ámbar-152,EL,DP,Barlovento,35,70,152,El Pueblo
226205.927722416,3191946.8783397,17642,1079,CM-001,Carretera General,D3-D4,S2,21,Tresbolillo,22,1,Columna,8,Viaria con cierre vidrio plano (tipo I),VSBP,35,EM,NO,Noche entera,VSBP,70,EM,NO,Noche entera,Cambio luminaria,PC Ámbar,PC Ámbar-152,EL,DP,Barlovento,35,70,152,El Pueblo
226196.377722417,3191905.3183397,17643,1076,CM-001,Carretera General,D3-D4,S2,21,Tresbolillo,22,1,Columna,8,Viaria con cierre vidrio plano (tipo I),VSBP,35,EM,NO,Noche entera,VSBP,70,EM,NO,Noche entera,Cambio luminaria,PC Ámbar,PC Ámbar-152,EL,DP,Barlovento,35,70,152,El Pueblo
226192.592296598,3191934.10332775,17644,1078,CM-001,Carretera General,D3-D4,S2,21,Tresbolillo,22,1,Columna,8,Viaria con cierre vidrio plano (tipo I),VSBP,35,EM,NO,Noche entera,VSBP,70,EM,NO,Noche entera,Cambio luminaria,PC Ámbar,PC Ámbar-152,EL,DP,Barlovento,35,70,152,El Pueblo
226185.423408972,3191971.7448397,17645,1091,CM-001,Carretera General,D3-D4,S2,21,Tresbolillo,22,1,Columna,8,Viaria con cierre vidrio plano (tipo I),VSBP,35,EM,NO,Noche entera,VSBP,70,EM,NO,Noche entera,Cambio luminaria,PC Ámbar,PC Ámbar-152,EL,DP,Barlovento,35,70,152,El Pueblo
226200.847722417,3191985.6183397,17646,1090,CM-001,Carretera General,D3-D4,S2,21,Tresbolillo,22,1,Columna,8,Viaria con cierre vidrio plano (tipo I),VSBP,35,EM,NO,Noche entera,VSBP,70,EM,NO,Noche entera,Cambio luminaria,PC Ámbar,PC Ámbar-152,EL,DP,Barlovento,35,70,152,El Pueblo
226197.827722417,3192003.2383397,17647,1088,CM-001,Carretera General,D3-D4,S2,21,Tresbolillo,22,1,Columna,8,Viaria con cierre vidrio plano (tipo I),VSBP,35,EM,NO,Noche entera,VSBP,70,EM,NO,Noche entera,Cambio luminaria,PC Ámbar,PC Ámbar-152,EL,DP,Barlovento,35,70,152,El Pueblo
226192.987722416,3192021.6583397,17648,1086,CM-001,Carretera General,D3-D4,S2,21,Tresbolillo,22,1,Columna,8,Viaria con cierre vidrio plano (tipo I),VSBP,35,EM,NO,Noche entera,VSBP,70,EM,NO,Noche entera,Cambio luminaria,PC Ámbar,PC Ámbar-152,EL,DP,Barlovento,35,70,152,El Pueblo
226185.277722417,3192037.2983397,17649,1084,CM-001,Carretera General,D3-D4,S2,21,Tresbolillo,22,1,Columna,8,Viaria con cierre vidrio plano (tipo I),VSBP,35,EM,NO,Noche entera,VSBP,70,EM,NO,Noche entera,Cambio luminaria,PC Ámbar,PC Ámbar-152,EL,DP,Barlovento,35,70,152,El Pueblo
226185.867722417,3191993.1383397,17650,1089,CM-001,Carretera General,D3-D4,S2,21,Tresbolillo,22,1,Columna,8,Viaria con cierre vidrio plano (tipo I),VSBP,35,EM,NO,Noche entera,VSBP,70,EM,NO,Noche entera,Cambio luminaria,PC Ámbar,PC Ámbar-152,EL,DP,Barlovento,35,70,152,El Pueblo
226180.47501217,3192012.78038821,17651,1087,CM-001,Carretera General,D3-D4,S2,21,Tresbolillo,22,1,Columna,8,Viaria con cierre vidrio plano (tipo I),VSBP,35,EM,NO,Noche entera,VSBP,70,EM,NO,Noche entera,Cambio luminaria,PC Ámbar,PC Ámbar-152,EL,DP,Barlovento,35,70,152,El Pueblo
226170.526722416,3192026.8073397,17652,1085,CM-001,Carretera General,D3-D4,S2,21,Tresbolillo,22,1,Columna,8,Viaria con cierre vidrio plano (tipo I),VSBP,35,EM,NO,Noche entera,VSBP,70,EM,NO,Noche entera,Cambio luminaria,PC Ámbar,PC Ámbar-152,EL,DP,Barlovento,35,70,152,El Pueblo
226171.557722418,3192056.3983397,17653,1083,CM-001,Carretera General,D3-D4,S2,21,Tresbolillo,22,1,Columna,8,Viaria con cierre vidrio plano (tipo I),VSBP,35,EM,NO,Noche entera,VSBP,70,EM,NO,Noche entera,Cambio luminaria,PC Ámbar,PC Ámbar-152,EL,DP,Barlovento,35,70,152,El Pueblo
226154.128222416,3192056.3983397,17654,1082,CM-001,Carretera General,D3-D4,S2,21,Tresbolillo,22,1,Columna,8,Viaria con cierre vidrio plano (tipo I),VSBP,35,EM,NO,Noche entera,VSBP,70,EM,NO,Noche entera,Cambio luminaria,PC Ámbar,PC Ámbar-152,EL,DP,Barlovento,35,70,152,El Pueblo
226153.807722416,3192080.5583397,17655,1080,CM-001,Carretera General,D3-D4,S2,21,Tresbolillo,22,1,Columna,8,Viaria con cierre vidrio plano (tipo I),VSBP,35,EM,NO,Noche entera,VSBP,70,EM,NO,Noche entera,Cambio luminaria,PC Ámbar,PC Ámbar-152,EL,DP,Barlovento,35,70,152,El Pueblo
226142.117196094,3192097.22728707,17656,1068,CM-001,Carretera General,D3-D4,S2,21,Tresbolillo,22,1,Columna,8,Viaria con cierre vidrio plano (tipo I),VSBP,35,EM,NO,Noche entera,VSBP,70,EM,NO,Noche entera,Cambio luminaria,PC Ámbar,PC Ámbar-152,EL,DP,Barlovento,35,70,152,El Pueblo
226131.357722416,3192116.4983397,17657,1066,CM-001,Carretera General,D3-D4,S2,21,Tresbolillo,22,1,Columna,8,Viaria con cierre vidrio plano (tipo I),VSBP,35,EM,NO,Noche entera,VSBP,70,EM,NO,Noche entera,Cambio luminaria,PC Ámbar,PC Ámbar-152,EL,DP,Barlovento,35,70,152,El Pueblo
226127.707722418,3192136.2183397,17658,1064,CM-001,Carretera General,D3-D4,S2,21,Tresbolillo,22,1,Columna,8,Viaria con cierre vidrio plano (tipo I),VSBP,35,EM,NO,Noche entera,VSBP,70,EM,NO,Noche entera,Cambio luminaria,PC Ámbar,PC Ámbar-152,EL,DP,Barlovento,35,70,152,El Pueblo
226130.157722417,3192152.0183397,17659,1062,CM-001,Carretera General,D3-D4,S2,21,Tresbolillo,22,1,Columna,8,Viaria con cierre vidrio plano (tipo I),VSBP,35,EM,NO,Noche entera,VSBP,70,EM,NO,Noche entera,Cambio luminaria,PC Ámbar,PC Ámbar-152,EL,DP,Barlovento,35,70,152,El Pueblo
226137.855004105,3192080.62884146,17660,1069,CM-001,Carretera General,D3-D4,S2,21,Tresbolillo,22,1,Columna,8,Viaria con cierre vidrio plano (tipo I),VSBP,35,EM,NO,Noche entera,VSBP,70,EM,NO,Noche entera,Cambio luminaria,PC Ámbar,PC Ámbar-152,EL,DP,Barlovento,35,70,152,El Pueblo
226124.670722417,3192098.71065703,17661,1067,CM-001,Carretera General,D3-D4,S2,21,Tresbolillo,22,1,Columna,8,Viaria con cierre vidrio plano (tipo I),VSBP,35,EM,NO,Noche entera,VSBP,70,EM,NO,Noche entera,Cambio luminaria,PC Ámbar,PC Ámbar-152,EL,DP,Barlovento,35,70,152,El Pueblo
226113.541346439,3192123.88772493,17662,1065,CM-001,Carretera General,D3-D4,S2,21,Tresbolillo,22,1,Columna,8,Viaria con cierre vidrio plano (tipo I),VSBP,35,EM,NO,Noche entera,VSBP,70,EM,NO,Noche entera,Cambio luminaria,PC Ámbar,PC Ámbar-152,EL,DP,Barlovento,35,70,152,El Pueblo
226113.410722416,3192143.2683397,17663,1063,CM-001,Carretera General,D3-D4,S2,21,Tresbolillo,22,1,Columna,8,Viaria con cierre vidrio plano (tipo I),VSBP,35,EM,NO,Noche entera,VSBP,70,EM,NO,Noche entera,Cambio luminaria,PC Ámbar,PC Ámbar-152,EL,DP,Barlovento,35,70,152,El Pueblo
226116.617722416,3192159.5283397,17664,1061,CM-001,Carretera General,D3-D4,S2,21,Tresbolillo,22,1,Columna,8,Viaria con cierre vidrio plano (tipo I),VSBP,35,EM,NO,Noche entera,VSBP,70,EM,NO,Noche entera,Cambio luminaria,PC Ámbar,PC Ámbar-152,EL,DP,Barlovento,35,70,152,El Pueblo
226146.757682849,3192066.73087213,17665,1081,CM-001,Carretera General,D3-D4,S2,21,Tresbolillo,22,1,Columna,8,Viaria con cierre vidrio plano (tipo I),VSBP,35,EM,NO,Noche entera,VSBP,70,EM,NO,Noche entera,Cambio luminaria,PC Ámbar,PC Ámbar-152,EL,DP,Barlovento,35,70,152,El Pueblo
226134.017722416,3192162.9983397,17666,1060,CM-001,Carretera General,D3-D4,S2,21,Tresbolillo,22,1,Columna,8,Viaria con cierre vidrio plano (tipo I),VSBP,35,EM,NO,Noche entera,VSBP,70,EM,NO,Noche entera,Cambio luminaria,PC Ámbar,PC Ámbar-152,EL,DP,Barlovento,35,70,152,El Pueblo
226144.557722417,3192177.19323481,17667,1059,CM-001,Carretera General,D3-D4,S2,21,Tresbolillo,22,1,Columna,8,Viaria con cierre vidrio plano (tipo I),VSBP,35,EM,NO,Noche entera,VSBP,70,EM,NO,Noche entera,Cambio luminaria,PC Ámbar,PC Ámbar-152,EL,DP,Barlovento,35,70,152,El Pueblo
226146.537722417,3192199.3083397,17668,1058,CM-001,Carretera General,D3-D4,S2,21,Tresbolillo,22,1,Columna,8,Viaria con cierre vidrio plano (tipo I),VSBP,35,EM,NO,Noche entera,VSBP,70,EM,NO,Noche entera,Cambio luminaria,PC Ámbar,PC Ámbar-152,EL,DP,Barlovento,35,70,152,El Pueblo
226166.037722416,3192186.4083397,17669,1057,CM-001,Carretera General,D3-D4,S2,21,Tresbolillo,22,1,Columna,8,Viaria con cierre vidrio plano (tipo I),VSBP,35,EM,NO,Noche entera,VSBP,70,EM,NO,Noche entera,Cambio luminaria,PC Ámbar,PC Ámbar-152,EL,DP,Barlovento,35,70,152,El Pueblo
226171.307722417,3192207.5783397,17670,1056,CM-001,Carretera General,D3-D4,S2,21,Tresbolillo,22,1,Columna,8,Viaria con cierre vidrio plano (tipo I),VSBP,35,EM,NO,Noche entera,VSBP,70,EM,NO,Noche entera,Cambio luminaria,PC Ámbar,PC Ámbar-152,EL,DP,Barlovento,35,70,152,El Pueblo
226188.037722417,3192190.6883397,17671,1055,CM-001,Carretera General,D3-D4,S2,21,Tresbolillo,22,1,Columna,8,Viaria con cierre vidrio plano (tipo I),VSBP,35,EM,NO,Noche entera,VSBP,70,EM,NO,Noche entera,Cambio luminaria,PC Ámbar,PC Ámbar-152,EL,DP,Barlovento,35,70,152,El Pueblo
226198.367722416,3192210.5183397,17672,1054,CM-001,Carretera General,D3-D4,S2,21,Tresbolillo,22,1,Columna,8,Viaria con cierre vidrio plano (tipo I),VSBP,35,EM,NO,Noche entera,VSBP,70,EM,NO,Noche entera,Cambio luminaria,PC Ámbar,PC Ámbar-152,EL,DP,Barlovento,35,70,152,El Pueblo
226213.927722418,3192191.8183397,17673,1053,CM-001,Carretera General,D3-D4,S2,21,Tresbolillo,22,1,Columna,8,Viaria con cierre vidrio plano (tipo I),VSBP,35,EM,NO,Noche entera,VSBP,70,EM,NO,Noche entera,Cambio luminaria,PC Ámbar,PC Ámbar-152,EL,DP,Barlovento,35,70,152,El Pueblo
226222.687722418,3192211.0283397,17674,1052,CM-001,Carretera General,D3-D4,S2,21,Tresbolillo,22,1,Columna,8,Viaria con cierre vidrio plano (tipo I),VSBP,35,EM,NO,Noche entera,VSBP,70,EM,NO,Noche entera,Cambio luminaria,PC Ámbar,PC Ámbar-152,EL,DP,Barlovento,35,70,152,El Pueblo
226234.067722416,3192192.5383397,17675,1051,CM-001,Carretera General,D3-D4,S2,21,Tresbolillo,22,1,Columna,8,Viaria con cierre vidrio plano (tipo I),VSBP,35,EM,NO,Noche entera,VSBP,70,EM,NO,Noche entera,Cambio luminaria,PC Ámbar,PC Ámbar-152,EL,DP,Barlovento,35,70,152,El Pueblo
226239.062735024,3192211.2183397,17676,1050,CM-001,Carretera General,D3-D4,S2,21,Tresbolillo,22,1,Columna,8,Viaria con cierre vidrio plano (tipo I),VSBP,35,EM,NO,Noche entera,VSBP,70,EM,NO,Noche entera,Cambio luminaria,PC Ámbar,PC Ámbar-152,EL,DP,Barlovento,35,70,152,El Pueblo
226251.967722416,3192188.3783397,17677,1049,CM-001,Carretera General,D3-D4,S2,21,Tresbolillo,22,1,Columna,8,Viaria con cierre vidrio plano (tipo I),VSBP,35,EM,NO,Noche entera,VSBP,70,EM,NO,Noche entera,Cambio luminaria,PC Ámbar,PC Ámbar-152,EL,DP,Barlovento,35,70,152,El Pueblo
226257.107722417,3192211.78833969,17678,1048,CM-001,Carretera General,D3-D4,S2,21,Tresbolillo,22,1,Columna,8,Viaria con cierre vidrio plano (tipo I),VSBP,35,EM,NO,Noche entera,VSBP,70,EM,NO,Noche entera,Cambio luminaria,PC Ámbar,PC Ámbar-152,EL,DP,Barlovento,35,70,152,El Pueblo
226265.047722416,3192192.69917301,17679,1047,CM-001,Carretera General,D3-D4,S2,21,Tresbolillo,22,1,Columna,8,Viaria con cierre vidrio plano (tipo I),VSBP,35,EM,NO,Noche entera,VSBP,70,EM,NO,Noche entera,Cambio luminaria,PC Ámbar,PC Ámbar-152,EL,DP,Barlovento,35,70,152,El Pueblo
226281.587722416,3192193.3883397,17680,1045,CM-001,Carretera General,D3-D4,S2,21,Tresbolillo,22,1,Columna,8,Viaria con cierre vidrio plano (tipo I),VSBP,35,EM,NO,Noche entera,VSBP,70,EM,NO,Noche entera,Cambio luminaria,PC Ámbar,PC Ámbar-152,EL,DP,Barlovento,35,70,152,El Pueblo
226297.597722417,3192193.7383397,17681,1043,CM-001,Carretera General,D3-D4,S2,21,Tresbolillo,22,1,Columna,8,Viaria con cierre vidrio plano (tipo I),VSBP,35,EM,NO,Noche entera,VSBP,70,EM,NO,Noche entera,Cambio luminaria,PC Ámbar,PC Ámbar-152,EL,DP,Barlovento,35,70,152,El Pueblo
226271.397722417,3192212.2283397,17682,1046,CM-001,Carretera General,D3-D4,S2,21,Tresbolillo,22,1,Columna,8,Viaria con cierre vidrio plano (tipo I),VSBP,35,EM,NO,Noche entera,VSBP,70,EM,NO,Noche entera,Cambio luminaria,PC Ámbar,PC Ámbar-152,EL,DP,Barlovento,35,70,152,El Pueblo
226290.677722417,3192212.60716079,17683,1044,CM-001,Carretera General,D3-D4,S2,21,Tresbolillo,22,1,Columna,8,Viaria con cierre vidrio plano (tipo I),VSBP,35,EM,NO,Noche entera,VSBP,70,EM,NO,Noche entera,Cambio luminaria,PC Ámbar,PC Ámbar-152,EL,DP,Barlovento,35,70,152,El Pueblo
226281.11,3192168.37,17684,1209,CM-001,Camino de los llanos,D3-D4,S4,10,Tresbolillo,23,1,Columna,5,Artística con Reflector,VSBP,35,EM,NO,Noche entera,-,-,-,-,-,Cambio luminaria,PC Ámbar,PC Ámbar-49,EL,DP,Barlovento,35,,49,El Pueblo
226307.687722417,3192182.5183397,17685,1214,CM-001,Camino de los llanos,D3-D4,S4,10,Tresbolillo,23,1,Columna,5,Artística con Reflector,VSBP,35,EM,NO,Noche entera,-,-,-,-,-,Cambio luminaria,PC Ámbar,PC Ámbar-49,EL,DP,Barlovento,35,,49,El Pueblo
226319.427722416,3192194.4283397,17686,1041,CM-001,Carretera General,D3-D4,S2,21,Tresbolillo,22,1,Columna,8,Viaria con cierre vidrio plano (tipo I),VSBP,35,EM,NO,Noche entera,VSBP,70,EM,NO,Noche entera,Cambio luminaria,PC Ámbar,PC Ámbar-152,EL,DP,Barlovento,35,70,152,El Pueblo
226334.817722415,3192197.8783397,17687,1040,CM-001,Carretera General,D3-D4,S2,21,Tresbolillo,22,1,Columna,8,Viaria con cierre vidrio plano (tipo I),VSBP,35,EM,NO,Noche entera,VSBP,70,EM,NO,Noche entera,Cambio luminaria,PC Ámbar,PC Ámbar-152,EL,DP,Barlovento,35,70,152,El Pueblo
226351.977722417,3192203.7783397,17688,1039,CM-001,Carretera General,D3-D4,S2,21,Tresbolillo,22,1,Columna,8,Viaria con cierre vidrio plano (tipo I),VSBP,35,EM,NO,Noche entera,VSBP,70,EM,NO,Noche entera,Cambio luminaria,PC Ámbar,PC Ámbar-152,EL,DP,Barlovento,35,70,152,El Pueblo
226309.257722416,3192213.2683397,17689,1042,CM-001,Carretera General,D3-D4,S2,21,Tresbolillo,22,1,Columna,8,Viaria con cierre vidrio plano (tipo I),VSBP,35,EM,NO,Noche entera,VSBP,70,EM,NO,Noche entera,Cambio luminaria,PC Ámbar,PC Ámbar-152,EL,DP,Barlovento,35,70,152,El Pueblo
226368.887722416,3192200.1083397,17690,1227,CM-001,Calle El Calvario,D3-D4,S4,11,Tresbolillo,27,1,Columna,5,Artística con Reflector,VSBP,35,EM,NO,Noche entera,-,-,-,-,-,Cambio luminaria,PC Ámbar,PC Ámbar-49,EL,DP,Barlovento,35,,49,El Pueblo
226363.657722418,3192184.4483397,17691,1226,CM-001,Calle El Calvario,D3-D4,S4,11,Tresbolillo,27,1,Columna,5,Artística con Reflector,VSBP,35,EM,NO,Noche entera,-,-,-,-,-,Cambio luminaria,PC Ámbar,PC Ámbar-49,EL,DP,Barlovento,35,,49,El Pueblo
226373.207722416,3192176.8183397,17692,1225,CM-001,Calle El Calvario,D3-D4,S4,11,Tresbolillo,27,1,Columna,5,Artística con Reflector,VSBP,35,EM,NO,Noche entera,-,-,-,-,-,Cambio luminaria,PC Ámbar,PC Ámbar-49,EL,DP,Barlovento,35,,49,El Pueblo
226367.297722417,3192164.3683397,17693,1224,CM-001,Calle El Calvario,D3-D4,S4,11,Tresbolillo,27,1,Columna,5,Artística con Reflector,VSBP,35,EM,NO,Noche entera,-,-,-,-,-,Cambio luminaria,PC Ámbar,PC Ámbar-49,EL,DP,Barlovento,35,,49,El Pueblo
226371.397722416,3192213.4983397,17694,1038,CM-001,Carretera General,D3-D4,S2,21,Tresbolillo,22,1,Columna,8,Viaria con cierre vidrio plano (tipo I),VSBP,35,EM,NO,Noche entera,VSBP,70,EM,NO,Noche entera,Cambio luminaria,PC Ámbar,PC Ámbar-152,EL,DP,Barlovento,35,70,152,El Pueblo
226376.007722417,3192232.4683397,17695,1036,CM-001,Carretera General,D3-D4,S2,21,Tresbolillo,22,1,Columna,8,Viaria con cierre vidrio plano (tipo I),VSBP,35,EM,NO,Noche entera,VSBP,70,EM,NO,Noche entera,Cambio luminaria,PC Ámbar,PC Ámbar-152,EL,DP,Barlovento,35,70,152,El Pueblo
226388.877722417,3192221.9183397,17696,1037,CM-001,Carretera General,D3-D4,S2,21,Tresbolillo,22,1,Columna,8,Viaria con cierre vidrio plano (tipo I),VSBP,35,EM,NO,Noche entera,VSBP,70,EM,NO,Noche entera,Cambio luminaria,PC Ámbar,PC Ámbar-152,EL,DP,Barlovento,35,70,152,El Pueblo
226403.717722417,3192229.06216104,17697,1035,CM-001,Carretera General,D3-D4,S2,21,Tresbolillo,22,1,Columna,8,Viaria con cierre vidrio plano (tipo I),VSBP,35,EM,NO,Noche entera,VSBP,70,EM,NO,Noche entera,Cambio luminaria,PC Ámbar,PC Ámbar-152,EL,DP,Barlovento,35,70,152,El Pueblo
226412.647722417,3192233.6083397,17698,1033,CM-001,Carretera General,D3-D4,S2,21,Tresbolillo,22,1,Columna,8,Viaria con cierre vidrio plano (tipo I),VSBP,35,EM,NO,Noche entera,VSBP,70,EM,NO,Noche entera,Cambio luminaria,PC Ámbar,PC Ámbar-152,EL,DP,Barlovento,35,70,152,El Pueblo
226391.917722417,3192240.2683397,17699,1034,CM-001,Carretera General,D3-D4,S2,21,Tresbolillo,22,1,Columna,8,Viaria con cierre vidrio plano (tipo I),VSBP,35,EM,NO,Noche entera,VSBP,70,EM,NO,Noche entera,Cambio luminaria,PC Ámbar,PC Ámbar-152,EL,DP,Barlovento,35,70,152,El Pueblo
226410.692532141,3192249.47371732,17700,1031,CM-001,Carretera General,D3-D4,S2,21,Tresbolillo,22,1,Columna,8,Viaria con cierre vidrio plano (tipo I),VSBP,35,EM,NO,Noche entera,VSBP,70,EM,NO,Noche entera,Cambio luminaria,PC Ámbar,PC Ámbar-152,EL,DP,Barlovento,35,70,152,El Pueblo
226339.047722416,3192223.2483397,17701,1176,CM-001,Calle Constitucion,D3-D4,S4,9,Tresbolillo,15,1,Columna,5,Artística con Reflector,VSBP,35,EM,NO,Noche entera,-,-,-,-,-,Cambio luminaria,PC Ámbar,PC Ámbar-32,EL,DP,Barlovento,35,,32,El Pueblo
226391.375704534,3192287.50371656,17702,1177,CM-001,Calle Constitucion,D3-D4,S4,9,Tresbolillo,15,1,Columna,5,Artística con Reflector,VSBP,35,EM,NO,Noche entera,-,-,-,-,-,Cambio luminaria,PC Ámbar,PC Ámbar-32,EL,DP,Barlovento,35,,32,El Pueblo
226341.327722416,3192239.7683397,17703,1178,CM-001,Calle el Drago,D3-D4,S4,11,Tresbolillo,23,1,Columna,5,Artística con Reflector,VSBP,35,EM,NO,Noche entera,-,-,-,-,-,Cambio luminaria,PC Ámbar,PC Ámbar-49,EL,DP,Barlovento,35,,49,El Pueblo
226325.647722417,3192243.8983397,17704,1179,CM-001,Calle el Drago,D3-D4,S4,11,Tresbolillo,23,1,Columna,5,Artística con Reflector,VSBP,35,EM,NO,Noche entera,-,-,-,-,-,Cambio luminaria,PC Ámbar,PC Ámbar-49,EL,DP,Barlovento,35,,49,El Pueblo
226325.647722417,3192255.35397453,17705,1180,CM-001,Calle el Drago,D3-D4,S4,11,Tresbolillo,23,1,Columna,5,Artística con Reflector,VSBP,35,EM,NO,Noche entera,-,-,-,-,-,Cambio luminaria,PC Ámbar,PC Ámbar-49,EL,DP,Barlovento,35,,49,El Pueblo
226312.224087122,3192257.31871064,17706,1181,CM-001,Calle el Drago,D3-D4,S4,11,Tresbolillo,23,1,Columna,5,Artística con Reflector,VSBP,35,EM,NO,Noche entera,-,-,-,-,-,Cambio luminaria,PC Ámbar,PC Ámbar-49,EL,DP,Barlovento,35,,49,El Pueblo
226310.434722417,3192273.2828397,17707,1182,CM-001,Calle el Drago,D3-D4,S4,11,Tresbolillo,23,1,Columna,5,Artística con Reflector,VSBP,35,EM,NO,Noche entera,-,-,-,-,-,Cambio luminaria,PC Ámbar,PC Ámbar-49,EL,DP,Barlovento,35,,49,El Pueblo
226293.727722416,3192275.7983397,17708,1183,CM-001,Calle el Drago,D3-D4,S4,11,Tresbolillo,23,1,Columna,5,Artística con Reflector,VSBP,35,EM,NO,Noche entera,-,-,-,-,-,Cambio luminaria,PC Ámbar,PC Ámbar-49,EL,DP,Barlovento,35,,49,El Pueblo
226292.843161709,3192287.79951802,17709,1184,CM-001,Calle el Drago,D3-D4,S4,11,Tresbolillo,23,1,Columna,5,Artística con Reflector,VSBP,35,EM,NO,Noche entera,-,-,-,-,-,Cambio luminaria,PC Ámbar,PC Ámbar-49,EL,DP,Barlovento,35,,49,El Pueblo
226354.807722417,3192238.9983397,17710,1175,CM-001,Calle Constitucion,D3-D4,S4,9,Tresbolillo,15,1,Columna,5,Artística con Reflector,VSBP,35,EM,NO,Noche entera,-,-,-,-,-,Cambio luminaria,PC Ámbar,PC Ámbar-32,EL,DP,Barlovento,35,,32,El Pueblo
226372.267722416,3192248.7483397,17711,1174,CM-001,Calle Constitucion,D3-D4,S4,9,Tresbolillo,15,1,Columna,5,Artística con Reflector,VSBP,35,EM,NO,Noche entera,-,-,-,-,-,Cambio luminaria,PC Ámbar,PC Ámbar-32,EL,DP,Barlovento,35,,32,El Pueblo
226372.407722416,3192261.9183397,17712,1173,CM-001,Calle Constitucion,D3-D4,S4,9,Tresbolillo,15,1,Columna,5,Artística con Reflector,VSBP,35,EM,NO,Noche entera,-,-,-,-,-,Cambio luminaria,PC Ámbar,PC Ámbar-32,EL,DP,Barlovento,35,,32,El Pueblo
226363.137722417,3192278.1683397,17713,1172,CM-001,Calle Constitucion,D3-D4,S4,9,Tresbolillo,15,1,Columna,5,Artística con Reflector,VSBP,35,EM,NO,Noche entera,-,-,-,-,-,Cambio luminaria,PC Ámbar,PC Ámbar-32,EL,DP,Barlovento,35,,32,El Pueblo
226353.112222418,3192286.1228397,17714,1171,CM-001,Calle Constitucion,D3-D4,S4,9,Tresbolillo,15,1,Columna,5,Artística con Reflector,VSBP,35,EM,NO,Noche entera,-,-,-,-,-,Cambio luminaria,PC Ámbar,PC Ámbar-32,EL,DP,Barlovento,35,,32,El Pueblo
226343.872202569,3192295.6883397,17715,1170,CM-001,Calle Constitucion,D3-D4,S4,9,Tresbolillo,15,1,Columna,5,Artística con Reflector,VSBP,35,EM,NO,Noche entera,-,-,-,-,-,Cambio luminaria,PC Ámbar,PC Ámbar-32,EL,DP,Barlovento,35,,32,El Pueblo
226130.590000002,3192189.01,18233,1092,CM-001,Carretera General,D3-D4,S2,21,Tresbolillo,22,1,Columna,8,Viaria con cierre vidrio plano (tipo I),VSBP,35,EM,NO,Noche entera,VSBP,70,EM,NO,Noche entera,Cambio luminaria,PC Ámbar,PC Ámbar-152,EL,DP,Barlovento,35,70,152,El Pueblo
226166.138880195,3192036.93878415,18234,1096,CM-001,Carretera General,D3-D4,S2,21,Tresbolillo,22,1,Columna,8,Viaria con cierre vidrio plano (tipo I),VSBP,35,EM,NO,Noche entera,VSBP,70,EM,NO,Noche entera,Cambio luminaria,PC Ámbar,PC Ámbar-152,EL,DP,Barlovento,35,70,152,El Pueblo
226189.300500001,3191953.2665,18235,1095,CM-001,Carretera General,D3-D4,S2,21,Tresbolillo,22,1,Columna,8,Viaria con cierre vidrio plano (tipo I),VSBP,35,EM,NO,Noche entera,VSBP,70,EM,NO,Noche entera,Cambio luminaria,PC Ámbar,PC Ámbar-152,EL,DP,Barlovento,35,70,152,El Pueblo
226117.470000001,3192173.76,18236,1093,CM-001,Carretera General,D3-D4,S2,21,Tresbolillo,22,1,Columna,8,Viaria con cierre vidrio plano (tipo I),VSBP,35,EM,NO,Noche entera,VSBP,70,EM,NO,Noche entera,Cambio luminaria,PC Ámbar,PC Ámbar-152,EL,DP,Barlovento,35,70,152,El Pueblo
226206.04,3191967.75,18237,1094,CM-001,Carretera General,D3-D4,S2,21,Tresbolillo,22,1,Columna,8,Viaria con cierre vidrio plano (tipo I),VSBP,35,EM,NO,Noche entera,VSBP,70,EM,NO,Noche entera,Cambio luminaria,PC Ámbar,PC Ámbar-152,EL,DP,Barlovento,35,70,152,El Pueblo
226468.812488156,3192332.69266879,18238,1097,CM-001,Plaza Ayuntamiento 1,E1-E2,S4,0,Unilateral,5,1,Directo,"0,5",Empotrada pared,BC,23,EM,NO,Noche entera,-,-,-,-,-,Cambio lámpara,Empotrada pared,L_Bulb-13,EL,NO,Barlovento,23,,13,El Pueblo
226472.587722417,3192331.5683397,18239,1098,CM-001,Plaza Ayuntamiento 1,E1-E2,S4,0,Unilateral,5,1,Directo,"0,5",Empotrada pared,BC,23,EM,NO,Noche entera,-,-,-,-,-,Cambio lámpara,Empotrada pared,L_Bulb-13,EL,NO,Barlovento,23,,13,El Pueblo
226475.857722417,3192330.5983397,18240,1099,CM-001,Plaza Ayuntamiento 1,E1-E2,S4,0,Unilateral,5,1,Directo,"0,5",Empotrada pared,BC,23,EM,NO,Noche entera,-,-,-,-,-,Cambio lámpara,Empotrada pared,L_Bulb-13,EL,NO,Barlovento,23,,13,El Pueblo
226478.833554897,3192329.7156004,18241,1100,CM-001,Plaza Ayuntamiento 1,E1-E2,S4,0,Unilateral,5,1,Directo,"0,5",Empotrada pared,BC,23,EM,NO,Noche entera,-,-,-,-,-,Cambio lámpara,Empotrada pared,L_Bulb-13,EL,NO,Barlovento,23,,13,El Pueblo
226485.377722417,3192327.7683397,18242,1101,CM-001,Plaza Ayuntamiento 1,E1-E2,S4,0,Unilateral,5,1,Directo,"0,5",Empotrada pared,BC,23,EM,NO,Noche entera,-,-,-,-,-,Cambio lámpara,Empotrada pared,L_Bulb-13,EL,NO,Barlovento,23,,13,El Pueblo
226493.797722417,3192344.1183397,18243,1103,CM-001,Plaza Ayuntamiento 1,E1-E2,S4,0,Unilateral,5,1,Directo,"0,5",Empotrada pared,BC,23,EM,NO,Noche entera,-,-,-,-,-,Cambio lámpara,Empotrada pared,L_Bulb-13,EL,NO,Barlovento,23,,13,El Pueblo
226495.10789578,3192348.33344662,18244,1102,CM-001,Plaza Ayuntamiento 1,E1-E2,S4,0,Unilateral,5,1,Directo,"0,5",Empotrada pared,BC,23,EM,NO,Noche entera,-,-,-,-,-,Cambio lámpara,Empotrada pared,L_Bulb-13,EL,NO,Barlovento,23,,13,El Pueblo
226492.395651337,3192339.59456335,18245,1104,CM-001,Plaza Ayuntamiento 1,E1-E2,S4,0,Unilateral,5,1,Directo,"0,5",Empotrada pared,BC,23,EM,NO,Noche entera,-,-,-,-,-,Cambio lámpara,Empotrada pared,L_Bulb-13,EL,NO,Barlovento,23,,13,El Pueblo
226481.876451859,3192349.60451149,18246,1111,CM-001,Plaza Ayuntamiento 1,E1-E2,S4,0,Unilateral,5,1,Directo,"0,5",Empotrada pared,BC,23,EM,NO,Noche entera,-,-,-,-,-,Cambio lámpara,Empotrada pared,L_Bulb-13,EL,NO,Barlovento,23,,13,El Pueblo
226480.467722416,3192345.84473435,18247,1112,CM-001,Plaza Ayuntamiento 1,E1-E2,S4,0,Unilateral,5,1,Directo,"0,5",Empotrada pared,BC,23,EM,NO,Noche entera,-,-,-,-,-,Cambio lámpara,Empotrada pared,L_Bulb-13,EL,NO,Barlovento,23,,13,El Pueblo
226479.532786923,3192341.09179886,18248,1113,CM-001,Plaza Ayuntamiento 1,E1-E2,S4,0,Unilateral,5,1,Directo,"0,5",Empotrada pared,BC,23,EM,NO,Noche entera,-,-,-,-,-,Cambio lámpara,Empotrada pared,L_Bulb-13,EL,NO,Barlovento,23,,13,El Pueblo
226475.413667854,3192338.18329075,18249,1114,CM-001,Plaza Ayuntamiento 1,E1-E2,S4,0,Unilateral,5,1,Directo,"0,5",Empotrada pared,BC,23,EM,NO,Noche entera,-,-,-,-,-,Cambio lámpara,Empotrada pared,L_Bulb-13,EL,NO,Barlovento,23,,13,El Pueblo
226471.436628764,3192339.03455979,18250,1115,CM-001,Plaza Ayuntamiento 1,E1-E2,S4,0,Unilateral,5,1,Directo,"0,5",Empotrada pared,BC,23,EM,NO,Noche entera,-,-,-,-,-,Cambio lámpara,Empotrada pared,L_Bulb-13,EL,NO,Barlovento,23,,13,El Pueblo
226468.098731335,3192342.36869128,18251,1116,CM-001,Plaza Ayuntamiento 2,E1-E2,S4,0,Otra,0,1,Directo,0,Empotrada suelo,BC,23,EM,NO,Noche entera,-,-,-,-,-,Cambio lámpara,Empotrada suelo,L_Bulb-13,EL,NO,Barlovento,23,,13,El Pueblo
226467.885665928,3192344.56781966,18252,1117,CM-001,Plaza Ayuntamiento 2,E1-E2,S4,0,Otra,0,1,Directo,0,Empotrada suelo,BC,23,EM,NO,Noche entera,-,-,-,-,-,Cambio lámpara,Empotrada suelo,L_Bulb-13,EL,NO,Barlovento,23,,13,El Pueblo
226466.536288048,3192345.77378969,18253,1118,CM-001,Plaza Ayuntamiento 2,E1-E2,S4,0,Otra,0,1,Directo,0,Empotrada suelo,BC,23,EM,NO,Noche entera,-,-,-,-,-,Cambio lámpara,Empotrada suelo,L_Bulb-13,EL,NO,Barlovento,23,,13,El Pueblo
226462.625814846,3192346.66435116,18254,1119,CM-001,Plaza Ayuntamiento 2,E1-E2,S4,0,Otra,0,1,Directo,0,Empotrada suelo,BC,23,EM,NO,Noche entera,-,-,-,-,-,Cambio lámpara,Empotrada suelo,L_Bulb-13,EL,NO,Barlovento,23,,13,El Pueblo
226458.236612863,3192347.86007487,18255,1120,CM-001,Plaza Ayuntamiento 2,E1-E2,S4,0,Otra,0,1,Directo,0,Empotrada suelo,BC,23,EM,NO,Noche entera,-,-,-,-,-,Cambio lámpara,Empotrada suelo,L_Bulb-13,EL,NO,Barlovento,23,,13,El Pueblo
226454.645437682,3192348.89635687,18256,1121,CM-001,Plaza Ayuntamiento 2,E1-E2,S4,0,Otra,0,1,Directo,0,Empotrada suelo,BC,23,EM,NO,Noche entera,-,-,-,-,-,Cambio lámpara,Empotrada suelo,L_Bulb-13,EL,NO,Barlovento,23,,13,El Pueblo
226450.079563281,3192350.21717483,18257,1122,CM-001,Plaza Ayuntamiento 2,E1-E2,S4,0,Otra,0,1,Directo,0,Empotrada suelo,BC,23,EM,NO,Noche entera,-,-,-,-,-,Cambio lámpara,Empotrada suelo,L_Bulb-13,EL,NO,Barlovento,23,,13,El Pueblo
226445.416459031,3192351.73995675,18258,1123,CM-001,Plaza Ayuntamiento 2,E1-E2,S4,0,Otra,0,1,Directo,0,Empotrada suelo,BC,23,EM,NO,Noche entera,-,-,-,-,-,Cambio lámpara,Empotrada suelo,L_Bulb-13,EL,NO,Barlovento,23,,13,El Pueblo
226442.332985165,3192356.96961359,18259,1124,CM-001,Plaza Ayuntamiento 2,E1-E2,S4,0,Otra,0,1,Directo,0,Empotrada suelo,BC,23,EM,NO,Noche entera,-,-,-,-,-,Cambio lámpara,Empotrada suelo,L_Bulb-13,EL,NO,Barlovento,23,,13,El Pueblo
226444.062879859,3192362.46770184,18260,1125,CM-001,Plaza Ayuntamiento 2,E1-E2,S4,0,Otra,0,1,Directo,0,Empotrada suelo,BC,23,EM,NO,Noche entera,-,-,-,-,-,Cambio lámpara,Empotrada suelo,L_Bulb-13,EL,NO,Barlovento,23,,13,El Pueblo
226449.188453356,3192365.40788445,18261,1126,CM-001,Plaza Ayuntamiento 2,E1-E2,S4,0,Otra,0,1,Directo,0,Empotrada suelo,BC,23,EM,NO,Noche entera,-,-,-,-,-,Cambio lámpara,Empotrada suelo,L_Bulb-13,EL,NO,Barlovento,23,,13,El Pueblo
226454.092395177,3192364.08399259,18262,1127,CM-001,Plaza Ayuntamiento 2,E1-E2,S4,0,Otra,0,1,Directo,0,Empotrada suelo,BC,23,EM,NO,Noche entera,-,-,-,-,-,Cambio lámpara,Empotrada suelo,L_Bulb-13,EL,NO,Barlovento,23,,13,El Pueblo
226459.43812717,3192362.67182643,18263,1128,CM-001,Plaza Ayuntamiento 2,E1-E2,S4,0,Otra,0,1,Directo,0,Empotrada suelo,BC,23,EM,NO,Noche entera,-,-,-,-,-,Cambio lámpara,Empotrada suelo,L_Bulb-13,EL,NO,Barlovento,23,,13,El Pueblo
226464.386209814,3192361.34793457,18264,1129,CM-001,Plaza Ayuntamiento 2,E1-E2,S4,0,Otra,0,1,Directo,0,Empotrada suelo,BC,23,EM,NO,Noche entera,-,-,-,-,-,Cambio lámpara,Empotrada suelo,L_Bulb-13,EL,NO,Barlovento,23,,13,El Pueblo
226469.731941805,3192359.9799167,18265,1130,CM-001,Plaza Ayuntamiento 2,E1-E2,S4,0,Otra,0,1,Directo,0,Empotrada suelo,BC,23,EM,NO,Noche entera,-,-,-,-,-,Cambio lámpara,Empotrada suelo,L_Bulb-13,EL,NO,Barlovento,23,,13,El Pueblo
226474.812610608,3192358.52362451,18266,1131,CM-001,Plaza Ayuntamiento 2,E1-E2,S4,0,Otra,0,1,Directo,0,Empotrada suelo,BC,23,EM,NO,Noche entera,-,-,-,-,-,Cambio lámpara,Empotrada suelo,L_Bulb-13,EL,NO,Barlovento,23,,13,El Pueblo
226461.228967847,3192327.819602,18267,1108,CM-001,Plaza Ayuntamiento 1,E1-E2,S4,0,Unilateral,5,1,Directo,"0,5",Empotrada pared,BC,23,EM,NO,Noche entera,-,-,-,-,-,Cambio lámpara,Empotrada pared,L_Bulb-13,EL,NO,Barlovento,23,,13,El Pueblo
226460.539410706,3192329.94849851,18268,1107,CM-001,Plaza Ayuntamiento 1,E1-E2,S4,0,Unilateral,5,1,Directo,"0,5",Empotrada pared,BC,23,EM,NO,Noche entera,-,-,-,-,-,Cambio lámpara,Empotrada pared,L_Bulb-13,EL,NO,Barlovento,23,,13,El Pueblo
226459.987722417,3192331.76434756,18269,1106,CM-001,Plaza Ayuntamiento 1,E1-E2,S4,0,Unilateral,5,1,Directo,"0,5",Empotrada pared,BC,23,EM,NO,Noche entera,-,-,-,-,-,Cambio lámpara,Empotrada pared,L_Bulb-13,EL,NO,Barlovento,23,,13,El Pueblo
226459.907722417,3192333.9383397,18270,1105,CM-001,Plaza Ayuntamiento 1,E1-E2,S4,0,Unilateral,5,1,Directo,"0,5",Empotrada pared,BC,23,EM,NO,Noche entera,-,-,-,-,-,Cambio lámpara,Empotrada pared,L_Bulb-13,EL,NO,Barlovento,23,,13,El Pueblo
226442.047188338,3192336.14741304,18271,1109,CM-001,Plaza Ayuntamiento 1,E1-E2,S4,0,Unilateral,5,1,Directo,"0,5",Empotrada pared,BC,23,EM,NO,Noche entera,-,-,-,-,-,Cambio lámpara,Empotrada pared,L_Bulb-13,EL,NO,Barlovento,23,,13,El Pueblo
226441.357631196,3192339.09031315,18272,1110,CM-001,Plaza Ayuntamiento 1,E1-E2,S4,0,Unilateral,5,1,Directo,"0,5",Empotrada pared,BC,23,EM,NO,Noche entera,-,-,-,-,-,Cambio lámpara,Empotrada pared,L_Bulb-13,EL,NO,Barlovento,23,,13,El Pueblo
226203.157500001,3191875.8325,18273,1074,CM-001,Carretera General,D3-D4,S2,21,Tresbolillo,22,1,Columna,8,Viaria con cierre vidrio plano (tipo I),VSBP,35,EM,NO,Noche entera,VSBP,70,EM,NO,Noche entera,Cambio luminaria,PC Ámbar,PC Ámbar-152,EL,DP,Barlovento,35,70,152,El Pueblo
226210.35,3191858.33,18274,1073,CM-001,Carretera General,D3-D4,S2,21,Tresbolillo,22,1,Columna,8,Viaria con cierre vidrio plano (tipo I),VSBP,35,EM,NO,Noche entera,VSBP,70,EM,NO,Noche entera,Cambio luminaria,PC Ámbar,PC Ámbar-152,EL,DP,Barlovento,35,70,152,El Pueblo
226199.653267296,3191849.59173753,18275,1072,CM-001,Carretera General,D3-D4,S2,21,Tresbolillo,22,1,Columna,8,Viaria con cierre vidrio plano (tipo I),VSBP,35,EM,NO,Noche entera,VSBP,70,EM,NO,Noche entera,Cambio luminaria,PC Ámbar,PC Ámbar-152,EL,DP,Barlovento,35,70,152,El Pueblo
226192.0599,3191828.5701,18276,1071,CM-001,Carretera General,D3-D4,S2,21,Tresbolillo,22,1,Columna,8,Viaria con cierre vidrio plano (tipo I),VSBP,35,EM,NO,Noche entera,VSBP,70,EM,NO,Noche entera,Cambio luminaria,PC Ámbar,PC Ámbar-152,EL,DP,Barlovento,35,70,152,El Pueblo
226177.615500002,3191823.12,18277,1070,CM-001,Carretera General,D3-D4,S2,21,Tresbolillo,22,1,Columna,8,Viaria con cierre vidrio plano (tipo I),VSBP,35,EM,NO,Noche entera,VSBP,70,EM,NO,Noche entera,Cambio luminaria,PC Ámbar,PC Ámbar-152,EL,DP,Barlovento,35,70,152,El Pueblo
226483.110868459,3192366.83072619,18278,1159,CM-001,Calle Venezuela,D3-D4,S4,9,Unilateral,18,1,Columna,5,Artística con Reflector,VSBP,35,EM,NO,Noche entera,-,-,-,-,-,Cambio luminaria,PC Ámbar,PC Ámbar-32,EL,DP,Barlovento,35,,32,El Pueblo
226469.512446138,3192370.96611883,18279,1160,CM-001,Calle Venezuela,D3-D4,S4,9,Unilateral,18,1,Columna,5,Artística con Reflector,VSBP,35,EM,NO,Noche entera,-,-,-,-,-,Cambio luminaria,PC Ámbar,PC Ámbar-32,EL,DP,Barlovento,35,,32,El Pueblo
226453.904939835,3192375.72047903,18280,1161,CM-001,Calle Venezuela,D3-D4,S4,9,Unilateral,18,1,Columna,5,Artística con Reflector,VSBP,35,EM,NO,Noche entera,-,-,-,-,-,Cambio luminaria,PC Ámbar,PC Ámbar-32,EL,DP,Barlovento,35,,32,El Pueblo
226444.684354275,3192379.85304488,18281,1162,CM-001,Calle Venezuela,D3-D4,S4,9,Unilateral,18,1,Columna,5,Artística con Reflector,VSBP,35,EM,NO,Noche entera,-,-,-,-,-,Cambio luminaria,PC Ámbar,PC Ámbar-32,EL,DP,Barlovento,35,,32,El Pueblo
226414.200335199,3192448.22013754,18282,1169,CM-001,Calle Venezuela,D3-D4,S4,9,Unilateral,18,1,Columna,5,Artística con Reflector,VSBP,35,EM,NO,Noche entera,-,-,-,-,-,Cambio luminaria,PC Ámbar,PC Ámbar-32,EL,DP,Barlovento,35,,32,El Pueblo
226429.3204607,3192394.02290912,18283,1163,CM-001,Calle Venezuela,D3-D4,S4,9,Unilateral,18,1,Columna,5,Artística con Reflector,VSBP,35,EM,NO,Noche entera,-,-,-,-,-,Cambio luminaria,PC Ámbar,PC Ámbar-32,EL,DP,Barlovento,35,,32,El Pueblo
226420.740944822,3192401.94838776,18284,1164,CM-001,Calle Venezuela,D3-D4,S4,9,Unilateral,18,1,Columna,5,Artística con Reflector,VSBP,35,EM,NO,Noche entera,-,-,-,-,-,Cambio luminaria,PC Ámbar,PC Ámbar-32,EL,DP,Barlovento,35,,32,El Pueblo
226421.395943514,3192435.74102602,18285,1168,CM-001,Calle Venezuela,D3-D4,S4,9,Unilateral,18,1,Columna,5,Artística con Reflector,VSBP,35,EM,NO,Noche entera,-,-,-,-,-,Cambio luminaria,PC Ámbar,PC Ámbar-32,EL,DP,Barlovento,35,,32,El Pueblo
226404.9824624,3192419.29057354,18286,1165,CM-001,Calle Venezuela,D3-D4,S4,9,Unilateral,18,1,Columna,5,Artística con Reflector,VSBP,35,EM,NO,Noche entera,-,-,-,-,-,Cambio luminaria,PC Ámbar,PC Ámbar-32,EL,DP,Barlovento,35,,32,El Pueblo
226424.84,3192419.62,18287,1167,CM-001,Calle Venezuela,D3-D4,S4,9,Unilateral,18,1,Columna,5,Artística con Reflector,VSBP,35,EM,NO,Noche entera,-,-,-,-,-,Cambio luminaria,PC Ámbar,PC Ámbar-32,EL,DP,Barlovento,35,,32,El Pueblo
226393.053494321,3192430.31812277,18288,1166,CM-001,Calle Venezuela,D3-D4,S4,9,Unilateral,18,1,Columna,5,Artística con Reflector,VSBP,35,EM,NO,Noche entera,-,-,-,-,-,Cambio luminaria,PC Ámbar,PC Ámbar-32,EL,DP,Barlovento,35,,32,El Pueblo
226281.12,3192285.49,18289,1185,CM-001,Calle el Drago,D3-D4,S4,11,Tresbolillo,23,1,Columna,5,Artística con Reflector,VSBP,35,EM,NO,Noche entera,-,-,-,-,-,Cambio luminaria,PC Ámbar,PC Ámbar-49,EL,DP,Barlovento,35,,49,El Pueblo
226283.350000001,3192297.24,18290,1186,CM-001,Calle el Drago,D3-D4,S4,11,Tresbolillo,23,1,Columna,5,Artística con Reflector,VSBP,35,EM,NO,Noche entera,-,-,-,-,-,Cambio luminaria,PC Ámbar,PC Ámbar-49,EL,DP,Barlovento,35,,49,El Pueblo
226272.176879029,3192294.24424722,18291,1190,CM-001,Calle el Drago,D3-D4,S4,11,Tresbolillo,23,1,Columna,5,Artística con Reflector,VSBP,35,EM,NO,Noche entera,-,-,-,-,-,Cambio luminaria,PC Ámbar,PC Ámbar-49,EL,DP,Barlovento,35,,49,El Pueblo
226276.630000002,3192304.42,18292,1188,CM-001,Calle el Drago,D3-D4,S4,11,Tresbolillo,23,1,Columna,5,Artística con Reflector,VSBP,35,EM,NO,Noche entera,-,-,-,-,-,Cambio luminaria,PC Ámbar,PC Ámbar-49,EL,DP,Barlovento,35,,49,El Pueblo
226265.070000001,3192300.55,18293,1187,CM-001,Calle el Drago,D3-D4,S4,11,Tresbolillo,23,1,Columna,5,Artística con Reflector,VSBP,35,EM,NO,Noche entera,-,-,-,-,-,Cambio luminaria,PC Ámbar,PC Ámbar-49,EL,DP,Barlovento,35,,49,El Pueblo
226271.000000001,3192311.09,18294,1189,CM-001,Calle el Drago,D3-D4,S4,11,Tresbolillo,23,1,Columna,5,Artística con Reflector,VSBP,35,EM,NO,Noche entera,-,-,-,-,-,Cambio luminaria,PC Ámbar,PC Ámbar-49,EL,DP,Barlovento,35,,49,El Pueblo
226252.160000001,3192118.91,18295,1202,CM-001,Camino de los llanos,D3-D4,S4,10,Tresbolillo,23,1,Columna,5,Artística con Reflector,VSBP,35,EM,NO,Noche entera,-,-,-,-,-,Cambio luminaria,PC Ámbar,PC Ámbar-49,EL,DP,Barlovento,35,,49,El Pueblo
226249.61,3192131.12,18296,1203,CM-001,Camino de los llanos,D3-D4,S4,10,Tresbolillo,23,1,Columna,5,Artística con Reflector,VSBP,35,EM,NO,Noche entera,-,-,-,-,-,Cambio luminaria,PC Ámbar,PC Ámbar-49,EL,DP,Barlovento,35,,49,El Pueblo
226261.024713306,3192131.76921768,18297,1204,CM-001,Camino de los llanos,D3-D4,S4,10,Tresbolillo,23,1,Columna,5,Artística con Reflector,VSBP,35,EM,NO,Noche entera,-,-,-,-,-,Cambio luminaria,PC Ámbar,PC Ámbar-49,EL,DP,Barlovento,35,,49,El Pueblo
226262.200000001,3192148.02,18298,1205,CM-001,Camino de los llanos,D3-D4,S4,10,Tresbolillo,23,1,Columna,5,Artística con Reflector,VSBP,35,EM,NO,Noche entera,-,-,-,-,-,Cambio luminaria,PC Ámbar,PC Ámbar-49,EL,DP,Barlovento,35,,49,El Pueblo
226279.091942646,3192151.62444554,18299,1206,CM-001,Camino de los llanos,D3-D4,S4,10,Tresbolillo,23,1,Columna,5,Artística con Reflector,VSBP,35,EM,NO,Noche entera,-,-,-,-,-,Cambio luminaria,PC Ámbar,PC Ámbar-49,EL,DP,Barlovento,35,,49,El Pueblo
226292.886125718,3192165.33985892,18300,1210,CM-001,Camino de los llanos,D3-D4,S4,10,Tresbolillo,23,1,Columna,5,Artística con Reflector,VSBP,35,EM,NO,Noche entera,-,-,-,-,-,Cambio luminaria,PC Ámbar,PC Ámbar-49,EL,DP,Barlovento,35,,49,El Pueblo
226286.604686894,3192175.60443448,18301,1211,CM-001,Camino de los llanos,D3-D4,S4,10,Tresbolillo,23,1,Columna,5,Artística con Reflector,VSBP,35,EM,NO,Noche entera,-,-,-,-,-,Cambio luminaria,PC Ámbar,PC Ámbar-49,EL,DP,Barlovento,35,,49,El Pueblo
226298.973581521,3192172.03098189,18302,1212,CM-001,Camino de los llanos,D3-D4,S4,10,Tresbolillo,23,1,Columna,5,Artística con Reflector,VSBP,35,EM,NO,Noche entera,-,-,-,-,-,Cambio luminaria,PC Ámbar,PC Ámbar-49,EL,DP,Barlovento,35,,49,El Pueblo
226294.784436231,3192181.41170069,18303,1213,CM-001,Camino de los llanos,D3-D4,S4,10,Tresbolillo,23,1,Columna,5,Artística con Reflector,VSBP,35,EM,NO,Noche entera,-,-,-,-,-,Cambio luminaria,PC Ámbar,PC Ámbar-49,EL,DP,Barlovento,35,,49,El Pueblo
226498.680000001,3192225.57,18304,1245,CM-001,Calle de la fuente Llano,B1,ME5,3,Unilateral,36,1,Brazo,6,Viaria con cierre vidrio plano (tipo I),VSBP,35,EM,NO,Noche entera,-,-,-,-,-,Cambio luminaria,PC Ámbar,PC Ámbar-49,EL,DP,Barlovento,35,,49,El Pueblo
226406.572543669,3192162.16403398,18305,1257,CM-001,Calle Carmen Hernandez Paz,D3-D4,S4,9,Unilateral,15,1,Columna,5,Artística con Reflector,VSBP,35,EM,NO,Noche entera,-,-,-,-,-,Cambio luminaria,PC Ámbar,PC Ámbar-32,EL,DP,Barlovento,35,,32,El Pueblo
226406.190000001,3192174.69,18306,1258,CM-001,Calle Carmen Hernandez Paz,D3-D4,S4,9,Unilateral,15,1,Columna,5,Artística con Reflector,VSBP,35,EM,NO,Noche entera,-,-,-,-,-,Cambio luminaria,PC Ámbar,PC Ámbar-32,EL,DP,Barlovento,35,,32,El Pueblo
226448.067722417,3192213.1183397,18307,1262,CM-001,Calle Carmen Hernandez Paz,D3-D4,S4,9,Unilateral,15,1,Columna,5,Artística con Reflector,VSBP,35,EM,NO,Noche entera,-,-,-,-,-,Cambio luminaria,PC Ámbar,PC Ámbar-32,EL,DP,Barlovento,35,,32,El Pueblo
226482.060000001,3192234.78,18308,1265,CM-001,Calle Carmen Hernandez Paz,D3-D4,S4,9,Unilateral,15,1,Columna,5,Artística con Reflector,VSBP,35,EM,NO,Noche entera,-,-,-,-,-,Cambio luminaria,PC Ámbar,PC Ámbar-32,EL,DP,Barlovento,35,,32,El Pueblo
229570.192443985,3173792.36402777,18309,1013,CM-001,Zona industrial,D3-D4,S4,"1,5",Unilateral,25,1,Brazo,5,Viaria con cierre vidrio plano (tipo I),VSBP,55,EM,NO,Noche entera,-,-,-,-,-,Cambio luminaria,PC Ámbar,PC Ámbar-32,EL,DP,Breña Alta,55,,32,POLÍGONO INDUSTRIAL LOS GUINCHOS 
229575.507207932,3173819.1004888,18310,1014,CM-001,Zona industrial,D3-D4,S4,"1,5",Unilateral,25,1,Brazo,5,Viaria con cierre vidrio plano (tipo I),VSBP,55,EM,NO,Noche entera,-,-,-,-,-,Cambio luminaria,PC Ámbar,PC Ámbar-32,EL,DP,Breña Alta,55,,32,POLÍGONO INDUSTRIAL LOS GUINCHOS 
229581.22675,3173848.9495,18311,1015,CM-001,Zona industrial,D3-D4,S4,"1,5",Unilateral,25,1,Brazo,5,Viaria con cierre vidrio plano (tipo I),VSBP,55,EM,NO,Noche entera,-,-,-,-,-,Cambio luminaria,PC Ámbar,PC Ámbar-32,EL,DP,Breña Alta,55,,32,POLÍGONO INDUSTRIAL LOS GUINCHOS 
229575.680820339,3173862.67361811,18312,1016,CM-001,Zona industrial,D3-D4,S4,"1,5",Unilateral,25,1,Brazo,5,Viaria con cierre vidrio plano (tipo I),VSBP,55,EM,NO,Noche entera,-,-,-,-,-,Cambio luminaria,PC Ámbar,PC Ámbar-32,EL,DP,Breña Alta,55,,32,POLÍGONO INDUSTRIAL LOS GUINCHOS 
229564.71713427,3173881.84685706,18313,1017,CM-001,Zona industrial,D3-D4,S4,"1,5",Unilateral,25,1,Brazo,5,Viaria con cierre vidrio plano (tipo I),VSBP,55,EM,NO,Noche entera,-,-,-,-,-,Cambio luminaria,PC Ámbar,PC Ámbar-32,EL,DP,Breña Alta,55,,32,POLÍGONO INDUSTRIAL LOS GUINCHOS 
229554.299844044,3173900.0644381,18314,1018,CM-001,Zona industrial,D3-D4,S4,"1,5",Unilateral,25,1,Brazo,5,Viaria con cierre vidrio plano (tipo I),VSBP,55,EM,NO,Noche entera,-,-,-,-,-,Cambio luminaria,PC Ámbar,PC Ámbar-32,EL,DP,Breña Alta,55,,32,POLÍGONO INDUSTRIAL LOS GUINCHOS 
229545.085971395,3173916.17706677,18315,1019,CM-001,Zona industrial,D3-D4,S4,"1,5",Unilateral,25,1,Brazo,5,Viaria con cierre vidrio plano (tipo I),VSBP,55,EM,NO,Noche entera,-,-,-,-,-,Cambio luminaria,PC Ámbar,PC Ámbar-32,EL,DP,Breña Alta,55,,32,POLÍGONO INDUSTRIAL LOS GUINCHOS 
229534.7795,3173934.20125,18316,1020,CM-001,Zona industrial,D3-D4,S4,"1,5",Unilateral,25,1,Brazo,5,Viaria con cierre vidrio plano (tipo I),VSBP,55,EM,NO,Noche entera,-,-,-,-,-,Cambio luminaria,PC Ámbar,PC Ámbar-32,EL,DP,Breña Alta,55,,32,POLÍGONO INDUSTRIAL LOS GUINCHOS 
229537.731627704,3173957.61584797,18317,1023,CM-001,Zona industrial,D3-D4,S4,"1,5",Unilateral,25,1,Brazo,5,Viaria con cierre vidrio plano (tipo I),VSBP,55,EM,NO,Noche entera,-,-,-,-,-,Cambio luminaria,PC Ámbar,PC Ámbar-32,EL,DP,Breña Alta,55,,32,POLÍGONO INDUSTRIAL LOS GUINCHOS 
229522.838931759,3173950.13486748,18318,1022,CM-001,Zona industrial,D3-D4,S4,"1,5",Unilateral,25,1,Brazo,5,Viaria con cierre vidrio plano (tipo I),VSBP,55,EM,NO,Noche entera,-,-,-,-,-,Cambio luminaria,PC Ámbar,PC Ámbar-32,EL,DP,Breña Alta,55,,32,POLÍGONO INDUSTRIAL LOS GUINCHOS 
229499.724992386,3173931.46424791,18319,1021,CM-001,Zona industrial,D3-D4,S4,"1,5",Unilateral,25,1,Brazo,5,Viaria con cierre vidrio plano (tipo I),VSBP,55,EM,NO,Noche entera,-,-,-,-,-,Cambio luminaria,PC Ámbar,PC Ámbar-32,EL,DP,Breña Alta,55,,32,POLÍGONO INDUSTRIAL LOS GUINCHOS 
229584.97375,3173968.36225,18320,1024,CM-001,Zona industrial,D3-D4,S4,"1,5",Unilateral,25,1,Brazo,5,Viaria con cierre vidrio plano (tipo I),VSBP,55,EM,NO,Noche entera,-,-,-,-,-,Cambio luminaria,PC Ámbar,PC Ámbar-32,EL,DP,Breña Alta,55,,32,POLÍGONO INDUSTRIAL LOS GUINCHOS 
229601.7355,3173938.86075,18321,1025,CM-001,Zona industrial,D3-D4,S4,"1,5",Unilateral,25,1,Brazo,5,Viaria con cierre vidrio plano (tipo I),VSBP,55,EM,NO,Noche entera,-,-,-,-,-,Cambio luminaria,PC Ámbar,PC Ámbar-32,EL,DP,Breña Alta,55,,32,POLÍGONO INDUSTRIAL LOS GUINCHOS 
229600.0225,3173921.851,18322,1026,CM-001,Zona industrial,D3-D4,S4,"1,5",Unilateral,25,1,Brazo,5,Viaria con cierre vidrio plano (tipo I),VSBP,55,EM,NO,Noche entera,-,-,-,-,-,Cambio luminaria,PC Ámbar,PC Ámbar-32,EL,DP,Breña Alta,55,,32,POLÍGONO INDUSTRIAL LOS GUINCHOS 
229596.350079511,3173905.8298486,18323,1027,CM-001,Zona industrial,D3-D4,S4,"1,5",Unilateral,25,1,Brazo,5,Viaria con cierre vidrio plano (tipo I),VSBP,55,EM,NO,Noche entera,-,-,-,-,-,Cambio luminaria,PC Ámbar,PC Ámbar-32,EL,DP,Breña Alta,55,,32,POLÍGONO INDUSTRIAL LOS GUINCHOS 
229591.849000001,3173888.69975,18324,1028,CM-001,Zona industrial,D3-D4,S4,"1,5",Unilateral,25,1,Brazo,5,Viaria con cierre vidrio plano (tipo I),VSBP,55,EM,NO,Noche entera,-,-,-,-,-,Cambio luminaria,PC Ámbar,PC Ámbar-32,EL,DP,Breña Alta,55,,32,POLÍGONO INDUSTRIAL LOS GUINCHOS 
229587.910250001,3173874.0185,18325,1029,CM-001,Zona industrial,D3-D4,S4,"1,5",Unilateral,25,1,Brazo,5,Viaria con cierre vidrio plano (tipo I),VSBP,55,EM,NO,Noche entera,-,-,-,-,-,Cambio luminaria,PC Ámbar,PC Ámbar-32,EL,DP,Breña Alta,55,,32,POLÍGONO INDUSTRIAL LOS GUINCHOS 
229554.2685,3173796.103,18326,1012,CM-001,Zona industrial,D3-D4,S4,"1,5",Unilateral,25,1,Brazo,5,Viaria con cierre vidrio plano (tipo I),VSBP,55,EM,NO,Noche entera,-,-,-,-,-,Cambio luminaria,PC Ámbar,PC Ámbar-32,EL,DP,Breña Alta,55,,32,POLÍGONO INDUSTRIAL LOS GUINCHOS 
229547.28025,3173808.668,18327,1011,CM-001,Zona industrial,D3-D4,S4,"1,5",Unilateral,25,1,Brazo,5,Viaria con cierre vidrio plano (tipo I),VSBP,55,EM,NO,Noche entera,-,-,-,-,-,Cambio luminaria,PC Ámbar,PC Ámbar-32,EL,DP,Breña Alta,55,,32,POLÍGONO INDUSTRIAL LOS GUINCHOS 
229539.043750002,3173823.3875,18328,1010,CM-001,Zona industrial,D3-D4,S4,"1,5",Unilateral,25,1,Brazo,5,Viaria con cierre vidrio plano (tipo I),VSBP,55,EM,NO,Noche entera,-,-,-,-,-,Cambio luminaria,PC Ámbar,PC Ámbar-32,EL,DP,Breña Alta,55,,32,POLÍGONO INDUSTRIAL LOS GUINCHOS 
229527.813500001,3173843.4225,18329,1009,CM-001,Zona industrial,D3-D4,S4,"1,5",Unilateral,25,1,Brazo,5,Viaria con cierre vidrio plano (tipo I),VSBP,55,EM,NO,Noche entera,-,-,-,-,-,Cambio luminaria,PC Ámbar,PC Ámbar-32,EL,DP,Breña Alta,55,,32,POLÍGONO INDUSTRIAL LOS GUINCHOS 
229513.02375,3173869.9495,18330,1008,CM-001,Zona industrial,D3-D4,S4,"1,5",Unilateral,25,1,Brazo,5,Viaria con cierre vidrio plano (tipo I),VSBP,55,EM,NO,Noche entera,-,-,-,-,-,Cambio luminaria,PC Ámbar,PC Ámbar-32,EL,DP,Breña Alta,55,,32,POLÍGONO INDUSTRIAL LOS GUINCHOS 
229558.4,3173761.8785,18331,1007,CM-001,Zona industrial,D3-D4,S4,"1,5",Unilateral,25,1,Brazo,5,Viaria con cierre vidrio plano (tipo I),VSBP,55,EM,NO,Noche entera,-,-,-,-,-,Cambio luminaria,PC Ámbar,PC Ámbar-32,EL,DP,Breña Alta,55,,32,POLÍGONO INDUSTRIAL LOS GUINCHOS 
229540.105500002,3173749.2545,18332,1006,CM-001,Zona industrial,D3-D4,S4,"1,5",Unilateral,25,1,Brazo,5,Viaria con cierre vidrio plano (tipo I),VSBP,55,EM,NO,Noche entera,-,-,-,-,-,Cambio luminaria,PC Ámbar,PC Ámbar-32,EL,DP,Breña Alta,55,,32,POLÍGONO INDUSTRIAL LOS GUINCHOS 
229514.580250001,3173742.392,18333,1005,CM-001,Zona industrial,D3-D4,S4,"1,5",Unilateral,25,1,Brazo,5,Viaria con cierre vidrio plano (tipo I),VSBP,55,EM,NO,Noche entera,-,-,-,-,-,Cambio luminaria,PC Ámbar,PC Ámbar-32,EL,DP,Breña Alta,55,,32,POLÍGONO INDUSTRIAL LOS GUINCHOS 
229485.316750001,3173734.47875,18334,1004,CM-001,Zona industrial,D3-D4,S4,"1,5",Unilateral,25,1,Brazo,5,Viaria con cierre vidrio plano (tipo I),VSBP,55,EM,NO,Noche entera,-,-,-,-,-,Cambio luminaria,PC Ámbar,PC Ámbar-32,EL,DP,Breña Alta,55,,32,POLÍGONO INDUSTRIAL LOS GUINCHOS 
229490.0147,3173723.62495,18335,1002,CM-001,Zona industrial,D3-D4,S4,"1,5",Unilateral,25,1,Brazo,5,Viaria con cierre vidrio plano (tipo I),VSBP,55,EM,NO,Noche entera,-,-,-,-,-,Cambio luminaria,PC Ámbar,PC Ámbar-32,EL,DP,Breña Alta,55,,32,POLÍGONO INDUSTRIAL LOS GUINCHOS 
229540.869001156,3173725.20907005,18336,1003,CM-001,Zona industrial,D3-D4,S4,"1,5",Unilateral,25,1,Brazo,5,Viaria con cierre vidrio plano (tipo I),VSBP,55,EM,NO,Noche entera,-,-,-,-,-,Cambio luminaria,PC Ámbar,PC Ámbar-32,EL,DP,Breña Alta,55,,32,POLÍGONO INDUSTRIAL LOS GUINCHOS 
229536.189774008,3173702.07994625,18337,1001,CM-001,Zona industrial,D3-D4,S4,"1,5",Unilateral,25,1,Brazo,5,Viaria con cierre vidrio plano (tipo I),VSBP,55,EM,NO,Noche entera,-,-,-,-,-,Cambio luminaria,PC Ámbar,PC Ámbar-32,EL,DP,Breña Alta,55,,32,POLÍGONO INDUSTRIAL LOS GUINCHOS 
229576.299664702,3173951.637013,18425,1030,CM-001,Parque zona industrial,E1-E2,S4,0,Indefinido,6,1,Brazo,1,Baliza,BC,10,EL,NO,Noche entera,-,-,-,-,-,Cambio lámpara+equipo,Baliza,L_Bulb-7,EL,NO,Breña Alta,10,,7,POLÍGONO INDUSTRIAL LOS GUINCHOS 
229572.977103184,3173947.79845279,18426,1031,CM-001,Parque zona industrial,E1-E2,S4,0,Indefinido,6,1,Brazo,1,Baliza,BC,10,EL,NO,Noche entera,-,-,-,-,-,Cambio lámpara+equipo,Baliza,L_Bulb-7,EL,NO,Breña Alta,10,,7,POLÍGONO INDUSTRIAL LOS GUINCHOS 
229571.483542911,3173942.02316556,18427,1032,CM-001,Parque zona industrial,E1-E2,S4,0,Indefinido,6,1,Brazo,1,Baliza,BC,10,EL,NO,Noche entera,-,-,-,-,-,Cambio lámpara+equipo,Baliza,L_Bulb-7,EL,NO,Breña Alta,10,,7,POLÍGONO INDUSTRIAL LOS GUINCHOS 
229574.108571558,3173938.71568728,18428,1034,CM-001,Parque zona industrial,E1-E2,S4,0,Indefinido,6,1,Brazo,1,Baliza,BC,10,EL,NO,Noche entera,-,-,-,-,-,Cambio lámpara+equipo,Baliza,L_Bulb-7,EL,NO,Breña Alta,10,,7,POLÍGONO INDUSTRIAL LOS GUINCHOS 
229577.40638458,3173941.29907939,18429,1033,CM-001,Parque zona industrial,E1-E2,S4,0,Indefinido,6,1,Brazo,1,Baliza,BC,10,EL,NO,Noche entera,-,-,-,-,-,Cambio lámpara+equipo,Baliza,L_Bulb-7,EL,NO,Breña Alta,10,,7,POLÍGONO INDUSTRIAL LOS GUINCHOS 
229577.40638458,3173934.2358343,18430,1036,CM-001,Parque zona industrial,E1-E2,S4,0,Indefinido,6,1,Brazo,1,Baliza,BC,10,EL,NO,Noche entera,-,-,-,-,-,Cambio lámpara+equipo,Baliza,L_Bulb-7,EL,NO,Breña Alta,10,,7,POLÍGONO INDUSTRIAL LOS GUINCHOS 
229580.591309196,3173937.89120305,18431,1035,CM-001,Parque zona industrial,E1-E2,S4,0,Indefinido,6,1,Brazo,1,Baliza,BC,10,EL,NO,Noche entera,-,-,-,-,-,Cambio lámpara+equipo,Baliza,L_Bulb-7,EL,NO,Breña Alta,10,,7,POLÍGONO INDUSTRIAL LOS GUINCHOS 
229578.49054502,3173930.80184031,18432,1037,CM-001,Parque zona industrial,E1-E2,S4,0,Indefinido,6,1,Brazo,1,Baliza,BC,10,EL,NO,Noche entera,-,-,-,-,-,Cambio lámpara+equipo,Baliza,L_Bulb-7,EL,NO,Breña Alta,10,,7,POLÍGONO INDUSTRIAL LOS GUINCHOS 
229581.72706447,3173927.41564285,18433,1038,CM-001,Parque zona industrial,E1-E2,S4,0,Indefinido,6,1,Brazo,1,Baliza,BC,10,EL,NO,Noche entera,-,-,-,-,-,Cambio lámpara+equipo,Baliza,L_Bulb-7,EL,NO,Breña Alta,10,,7,POLÍGONO INDUSTRIAL LOS GUINCHOS 
229584.449672597,3173923.52450399,18434,1039,CM-001,Parque zona industrial,E1-E2,S4,0,Indefinido,6,1,Brazo,1,Baliza,BC,10,EL,NO,Noche entera,-,-,-,-,-,Cambio lámpara+equipo,Baliza,L_Bulb-7,EL,NO,Breña Alta,10,,7,POLÍGONO INDUSTRIAL LOS GUINCHOS 
229588.547585624,3173926.73704966,18435,1040,CM-001,Parque zona industrial,E1-E2,S4,0,Indefinido,6,1,Brazo,1,Baliza,BC,10,EL,NO,Noche entera,-,-,-,-,-,Cambio lámpara+equipo,Baliza,L_Bulb-7,EL,NO,Breña Alta,10,,7,POLÍGONO INDUSTRIAL LOS GUINCHOS 
229591.588123747,3173930.05749928,18436,1041,CM-001,Parque zona industrial,E1-E2,S4,0,Indefinido,6,1,Brazo,1,Baliza,BC,10,EL,NO,Noche entera,-,-,-,-,-,Cambio lámpara+equipo,Baliza,L_Bulb-7,EL,NO,Breña Alta,10,,7,POLÍGONO INDUSTRIAL LOS GUINCHOS 
229593.599562271,3173933.8456144,18437,1042,CM-001,Parque zona industrial,E1-E2,S4,0,Indefinido,6,1,Brazo,1,Baliza,BC,10,EL,NO,Noche entera,-,-,-,-,-,Cambio lámpara+equipo,Baliza,L_Bulb-7,EL,NO,Breña Alta,10,,7,POLÍGONO INDUSTRIAL LOS GUINCHOS 
229595.891656033,3173938.75612674,18438,1043,CM-001,Parque zona industrial,E1-E2,S4,0,Indefinido,6,1,Brazo,1,Baliza,BC,10,EL,NO,Noche entera,-,-,-,-,-,Cambio lámpara+equipo,Baliza,L_Bulb-7,EL,NO,Breña Alta,10,,7,POLÍGONO INDUSTRIAL LOS GUINCHOS 
229592.567361512,3173944.00499151,18439,1044,CM-001,Parque zona industrial,E1-E2,S4,0,Indefinido,6,1,Brazo,1,Baliza,BC,10,EL,NO,Noche entera,-,-,-,-,-,Cambio lámpara+equipo,Baliza,L_Bulb-7,EL,NO,Breña Alta,10,,7,POLÍGONO INDUSTRIAL LOS GUINCHOS 
229590.228507082,3173939.88951054,18440,1045,CM-001,Parque zona industrial,E1-E2,S4,0,Indefinido,6,1,Brazo,1,Baliza,BC,10,EL,NO,Noche entera,-,-,-,-,-,Cambio lámpara+equipo,Baliza,L_Bulb-7,EL,NO,Breña Alta,10,,7,POLÍGONO INDUSTRIAL LOS GUINCHOS 
229587.655727684,3173936.19492851,18441,1046,CM-001,Parque zona industrial,E1-E2,S4,0,Indefinido,6,1,Brazo,1,Baliza,BC,10,EL,NO,Noche entera,-,-,-,-,-,Cambio lámpara+equipo,Baliza,L_Bulb-7,EL,NO,Breña Alta,10,,7,POLÍGONO INDUSTRIAL LOS GUINCHOS 
227589.436000001,3173812.07425,19729,22001,CM-022,Plaza casa panchito,E1-E2,S4,0,Unilateral,20,1,Brazo,3,Artística con Reflector,VSBP,35,EM,NO,Noche entera,-,-,-,-,-,Cambio luminaria,PC Ámbar,PC Ámbar-32,EL,DP,Breña Alta,35,,32,PLAZA C/ ATLÁNTIDA 
227591.373000001,3173792.4725,19730,22002,CM-022,Plaza casa panchito,E1-E2,S4,0,Unilateral,20,1,Brazo,3,Artística con Reflector,VSBP,35,EM,NO,Noche entera,-,-,-,-,-,Cambio luminaria,PC Ámbar,PC Ámbar-32,EL,DP,Breña Alta,35,,32,PLAZA C/ ATLÁNTIDA 
227583.786688339,3173773.9274937,19731,22003,CM-022,Plaza casa panchito,E1-E2,S4,0,Unilateral,20,1,Brazo,3,Artística con Reflector,VSBP,35,EM,NO,Noche entera,-,-,-,-,-,Cambio luminaria,PC Ámbar,PC Ámbar-32,EL,DP,Breña Alta,35,,32,PLAZA C/ ATLÁNTIDA 
227582.867279313,3173774.76026277,19732,22005,CM-022,Plaza casa casa panchito 2,E1-E2,S4,0,Unilateral,0,1,Brazo,3,Proyector vial,VSAP,70,EM,NO,Noche entera,-,-,-,-,-,Cambio luminaria,Proyector LED,Proyector LED-79,EL,DP,Breña Alta,70,,79,PLAZA C/ ATLÁNTIDA 
227588.231577957,3173811.3668591,19733,22004,CM-022,Plaza casa casa panchito 2,E1-E2,S4,0,Unilateral,0,1,Brazo,3,Proyector vial,VSAP,70,EM,NO,Noche entera,-,-,-,-,-,Cambio luminaria,Proyector LED,Proyector LED-79,EL,DP,Breña Alta,70,,79,PLAZA C/ ATLÁNTIDA 
227572.534500001,3173786.3095,19734,22007,CM-022,Plaza casa panchito 3,E1-E2,S4,0,Unilateral,35,1,Brazo,3,Artística sin Reflector,BC,23,EL,NO,Noche entera,-,-,-,-,-, ,Artística sin Reflector,BC-23,EL,NO,Breña Alta,23,,23,PLAZA C/ ATLÁNTIDA 
227584.19,3173800.79,19735,22006,CM-022,Plaza casa panchito 3,E1-E2,S4,0,Unilateral,35,1,Brazo,3,Artística sin Reflector,BC,23,EL,NO,Noche entera,-,-,-,-,-, ,Artística sin Reflector,BC-23,EL,NO,Breña Alta,23,,23,PLAZA C/ ATLÁNTIDA 
227583.514531095,3173800.13806356,19736,22008,CM-022,Plaza panchito 4,E1-E2,S4,0,Unilateral,0,1,Brazo,4,Proyector,LED,10,EL,NO,Noche entera,-,-,-,-,-,0,Proyector,LED-10,EL,NO,Breña Alta,10,,10,PLAZA C/ ATLÁNTIDA 
